job_id,size,failure_mode,final_state,attempt,ack_state,queued_at,started_at,finished_at,queue_ms,exec_ms
e8d7a5b9-1904-4934-af98-60502347d1a2,medium,none,SUCCEEDED,1,ACKED,2026-10-01T00:06:05.957877Z,2026-10-01T00:06:05.975388Z,2026-10-01T00:06:06.360708Z,17.5,385.3
c3353b80-e7b3-40a9-a90c-fae36b6c18cb,medium,transient,SUCCEEDED,1,NACKED,2026-10-01T00:06:05.957877Z,2026-10-01T00:06:05.973978Z,2026-10-01T00:06:06.176871Z,16.1,202.9
c3353b80-e7b3-40a9-a90c-fae36b6c18cb,medium,transient,SUCCEEDED,2,NACKED,2026-10-01T00:06:06.835871Z,2026-10-01T00:06:35.783424Z,2026-10-01T00:06:35.909058Z,28947.6,125.6
c3353b80-e7b3-40a9-a90c-fae36b6c18cb,medium,transient,SUCCEEDED,3,ACKED,2026-10-01T00:06:37.212058Z,2026-10-01T00:06:47.776958Z,2026-10-01T00:06:47.900652Z,10564.9,123.7
6f27f8fb-06bb-4c9a-9cc4-ffac4013a58b,short,none,SUCCEEDED,1,ACKED,2026-10-01T00:06:05.957877Z,2026-10-01T00:06:05.976388Z,2026-10-01T00:06:06.080844Z,18.5,104.5
e0289b0a-f5ab-4e3d-b4f0-1af20a1a037a,short,none,SUCCEEDED,1,ACKED,2026-10-01T00:06:05.957877Z,2026-10-01T00:06:05.975388Z,2026-10-01T00:06:06.079843Z,17.5,104.5
b71f4715-f0c8-4be5-af28-d0bdf9c7cb7b,short,none,SUCCEEDED,1,ACKED,2026-10-01T00:06:05.957877Z,2026-10-01T00:06:05.976388Z,2026-10-01T00:06:06.096354Z,18.5,120.0
7360df48-1e20-400f-a703-138d9ee202e8,short,none,SUCCEEDED,1,ACKED,2026-10-01T00:06:05.957877Z,2026-10-01T00:06:05.975388Z,2026-10-01T00:06:06.080844Z,17.5,105.5
8ce94e14-0764-45a4-8f27-ef8532680ec1,short,none,SUCCEEDED,1,ACKED,2026-10-01T00:06:05.957877Z,2026-10-01T00:06:05.977388Z,2026-10-01T00:06:06.096354Z,19.5,119.0
70ade858-0500-412e-85f6-c95eed5802c5,short,none,SUCCEEDED,1,ACKED,2026-10-01T00:06:05.957877Z,2026-10-01T00:06:05.973978Z,2026-10-01T00:06:06.079843Z,16.1,105.9
bad19cc5-a135-40a4-b449-57e2ddc105eb,long,none,SUCCEEDED,1,ACKED,2026-10-01T00:06:06.111921Z,2026-10-01T00:06:06.145578Z,2026-10-01T00:06:08.003613Z,33.7,1858.0
73391af9-fb5a-411f-a013-d41f4300c25f,short,none,SUCCEEDED,1,ACKED,2026-10-01T00:06:06.111921Z,2026-10-01T00:06:06.113919Z,2026-10-01T00:06:06.144065Z,2.0,30.1
7e3360bd-e9b2-4e79-8fe7-b23675ddcfe4,short,none,SUCCEEDED,1,ACKED,2026-10-01T00:06:06.111921Z,2026-10-01T00:06:06.113919Z,2026-10-01T00:06:06.173872Z,2.0,60.0
25db8121-2e02-4b59-8c5f-a41271ca4989,short,none,SUCCEEDED,1,ACKED,2026-10-01T00:06:06.111921Z,2026-10-01T00:06:06.113919Z,2026-10-01T00:06:06.144065Z,2.0,30.1
74027730-9b35-4933-a516-c976d9b44d26,short,none,SUCCEEDED,1,ACKED,2026-10-01T00:06:06.111921Z,2026-10-01T00:06:06.183893Z,2026-10-01T00:06:06.205516Z,72.0,21.6
03589ef3-b33e-4132-a918-d2fa38d452f6,short,none,SUCCEEDED,1,ACKED,2026-10-01T00:06:06.111921Z,2026-10-01T00:06:06.114919Z,2026-10-01T00:06:06.158604Z,3.0,43.7
a8401be3-648b-498b-a94e-fef7945dd5c6,short,none,SUCCEEDED,1,ACKED,2026-10-01T00:06:06.111921Z,2026-10-01T00:06:06.113919Z,2026-10-01T00:06:06.173872Z,2.0,60.0
974fed5d-6fdf-4372-bdfb-fd9075ef1fa0,short,transient,SUCCEEDED,1,NACKED,2026-10-01T00:06:06.111921Z,2026-10-01T00:06:06.113919Z,2026-10-01T00:06:06.176871Z,2.0,63.0
974fed5d-6fdf-4372-bdfb-fd9075ef1fa0,short,transient,SUCCEEDED,2,ACKED,2026-10-01T00:06:06.813871Z,2026-10-01T00:06:35.736097Z,2026-10-01T00:06:35.799739Z,28922.2,63.6
2f75a90b-22e4-47f8-aa57-cddef2ad344c,medium,none,SUCCEEDED,1,ACKED,2026-10-01T00:06:06.116920Z,2026-10-01T00:06:06.191903Z,2026-10-01T00:06:06.455764Z,75.0,263.9
890e1ea2-ca8b-45f8-87e7-982f7b26f027,short,none,SUCCEEDED,1,ACKED,2026-10-01T00:06:06.116920Z,2026-10-01T00:06:06.175871Z,2026-10-01T00:06:06.189902Z,59.0,14.0
104afb8b-dfb2-411d-acc8-f7e4b37f3e2d,medium,none,SUCCEEDED,1,ACKED,2026-10-01T00:06:06.116920Z,2026-10-01T00:06:06.183893Z,2026-10-01T00:06:06.328452Z,67.0,144.6
85c2aa6c-61a1-4e2b-9f87-a3562c23d284,long,none,SUCCEEDED,1,ACKED,2026-10-01T00:06:06.116920Z,2026-10-01T00:06:06.175871Z,2026-10-01T00:06:07.766721Z,59.0,1590.9
77bc5a1f-dada-43de-b1cd-4c8178ea17f5,short,transient,SUCCEEDED,1,NACKED,2026-10-01T00:06:06.122944Z,2026-10-01T00:06:06.223045Z,2026-10-01T00:06:06.250927Z,100.1,27.9
77bc5a1f-dada-43de-b1cd-4c8178ea17f5,short,transient,SUCCEEDED,2,ACKED,2026-10-01T00:06:07.096927Z,2026-10-01T00:06:46.020420Z,2026-10-01T00:06:46.050695Z,38923.5,30.3
14a5b877-57df-43b4-87f4-2ea9f30d07ea,short,none,SUCCEEDED,1,ACKED,2026-10-01T00:06:06.118426Z,2026-10-01T00:06:06.191903Z,2026-10-01T00:06:06.221046Z,73.5,29.1
23e9ee5c-d647-4826-b608-3994230d7a31,short,none,SUCCEEDED,1,ACKED,2026-10-01T00:06:06.116920Z,2026-10-01T00:06:06.145578Z,2026-10-01T00:06:06.189902Z,28.7,44.3
903c8d30-2728-4631-bc57-9f923928ac04,short,none,SUCCEEDED,1,ACKED,2026-10-01T00:06:06.116920Z,2026-10-01T00:06:06.163118Z,2026-10-01T00:06:06.189902Z,46.2,26.8
848fa1e6-4997-4cbd-b008-4cf598fd7a47,medium,none,SUCCEEDED,1,ACKED,2026-10-01T00:06:06.122944Z,2026-10-01T00:06:06.257762Z,2026-10-01T00:06:06.502914Z,134.8,245.2
65ed0600-834f-41ee-bc85-2d6f50781ab1,medium,none,SUCCEEDED,1,ACKED,2026-10-01T00:06:06.122944Z,2026-10-01T00:06:06.207519Z,2026-10-01T00:06:06.360708Z,84.6,153.2
f2ebdccc-580f-4f55-9cc7-e94524989ba8,short,transient,SUCCEEDED,1,NACKED,2026-10-01T00:06:06.122944Z,2026-10-01T00:06:06.316937Z,2026-10-01T00:06:06.360708Z,194.0,43.8
f2ebdccc-580f-4f55-9cc7-e94524989ba8,short,transient,SUCCEEDED,2,ACKED,2026-10-01T00:06:07.222708Z,2026-10-01T00:06:46.051697Z,2026-10-01T00:06:46.096638Z,38829.0,44.9
8129a86d-8197-4de6-8508-2af12fb64ab7,medium,none,SUCCEEDED,1,ACKED,2026-10-01T00:06:06.122944Z,2026-10-01T00:06:06.191903Z,2026-10-01T00:06:06.312940Z,69.0,121.0
ec04b468-543d-4141-8173-9bbbdd282547,short,none,SUCCEEDED,1,ACKED,2026-10-01T00:06:06.126944Z,2026-10-01T00:06:06.504917Z,2026-10-01T00:06:06.534008Z,378.0,29.1
ca1d4adc-185b-4c17-af4e-eb503e192259,long,none,SUCCEEDED,1,ACKED,2026-10-01T00:06:06.122944Z,2026-10-01T00:06:06.362714Z,2026-10-01T00:06:07.939912Z,239.8,1577.2
34c03aa9-bbde-4db4-90c4-6b9c3cd527f8,medium,none,SUCCEEDED,1,ACKED,2026-10-01T00:06:06.126944Z,2026-10-01T00:06:06.441749Z,2026-10-01T00:06:06.612480Z,314.8,170.7
f868eb1c-519f-4605-877a-906118e20ea5,short,none,SUCCEEDED,1,ACKED,2026-10-01T00:06:06.122944Z,2026-10-01T00:06:06.329953Z,2026-10-01T00:06:06.360708Z,207.0,30.8
d68489e9-e471-4f95-856b-34a5bb7637e9,short,none,SUCCEEDED,1,ACKED,2026-10-01T00:06:06.126944Z,2026-10-01T00:06:06.394087Z,2026-10-01T00:06:06.439748Z,267.1,45.7
8e4f8f2b-bce0-40cc-94f8-b66fcbdff17e,medium,none,SUCCEEDED,1,ACKED,2026-10-01T00:06:06.126944Z,2026-10-01T00:06:06.372259Z,2026-10-01T00:06:06.659399Z,245.3,287.1
cdca0c90-72a9-4ed4-9011-cf497f950178,long,none,SUCCEEDED,1,ACKED,2026-10-01T00:06:06.126944Z,2026-10-01T00:06:06.372259Z,2026-10-01T00:06:07.625265Z,245.3,1253.0
4718d7cd-2101-4bfb-8b40-0f3d20bbd1ec,medium,none,SUCCEEDED,1,ACKED,2026-10-01T00:06:06.126944Z,2026-10-01T00:06:06.457770Z,2026-10-01T00:06:06.612480Z,330.8,154.7
140dd55f-0067-4ec4-989d-6c7f7cfc4274,short,none,SUCCEEDED,1,ACKED,2026-10-01T00:06:06.132163Z,2026-10-01T00:06:06.692654Z,2026-10-01T00:06:06.737284Z,560.5,44.6
091a3723-f78b-4689-adf6-d55e37d47503,long,none,SUCCEEDED,1,ACKED,2026-10-01T00:06:06.126944Z,2026-10-01T00:06:06.535649Z,2026-10-01T00:06:08.458903Z,408.7,1923.3
47369fca-7de1-4ece-a0a9-848523c23779,short,none,SUCCEEDED,1,ACKED,2026-10-01T00:06:06.132163Z,2026-10-01T00:06:06.661399Z,2026-10-01T00:06:06.691024Z,529.2,29.6
fed0b61d-5f78-444c-af32-7092a7674ab0,short,none,SUCCEEDED,1,ACKED,2026-10-01T00:06:06.126944Z,2026-10-01T00:06:06.362714Z,2026-10-01T00:06:06.392080Z,235.8,29.4
5bd05a2b-25db-4567-8090-09beb3b85c5d,medium,none,SUCCEEDED,1,ACKED,2026-10-01T00:06:06.132163Z,2026-10-01T00:06:06.614994Z,2026-10-01T00:06:06.923194Z,482.8,308.2
7c49f1fe-5a7e-488e-b930-fbbd6c5396c3,short,none,SUCCEEDED,1,ACKED,2026-10-01T00:06:06.132163Z,2026-10-01T00:06:06.613986Z,2026-10-01T00:06:06.659399Z,481.8,45.4
7fc7e265-1e80-40b3-8f88-50e633a2962c,short,none,SUCCEEDED,1,ACKED,2026-10-01T00:06:06.132163Z,2026-10-01T00:06:06.661399Z,2026-10-01T00:06:06.691024Z,529.2,29.6
abc7c44f-3d83-4bf9-a016-322c3cebea27,medium,none,SUCCEEDED,1,ACKED,2026-10-01T00:06:06.133170Z,2026-10-01T00:06:06.692654Z,2026-10-01T00:06:06.969222Z,559.5,276.6
15ccfa27-e4f9-4095-9ecb-04f39893b8b2,short,transient,SUCCEEDED,1,NACKED,2026-10-01T00:06:06.136170Z,2026-10-01T00:06:07.110756Z,2026-10-01T00:06:07.141512Z,974.6,30.8
15ccfa27-e4f9-4095-9ecb-04f39893b8b2,short,transient,SUCCEEDED,2,ACKED,2026-10-01T00:06:07.809512Z,2026-10-01T00:06:46.051697Z,2026-10-01T00:06:46.081619Z,38242.2,29.9
782edbaa-6a37-43e7-80a6-b6f9b04b2fce,short,none,SUCCEEDED,1,ACKED,2026-10-01T00:06:06.133170Z,2026-10-01T00:06:06.925192Z,2026-10-01T00:06:06.938289Z,792.0,13.1
170d4401-8108-4aa3-8089-40acb8a30177,short,none,SUCCEEDED,1,ACKED,2026-10-01T00:06:06.136170Z,2026-10-01T00:06:06.986707Z,2026-10-01T00:06:07.031597Z,850.5,44.9
a1c5ed60-b2ff-49e6-8d0b-86fbd3c86378,long,none,SUCCEEDED,1,ACKED,2026-10-01T00:06:06.132163Z,2026-10-01T00:06:06.739402Z,2026-10-01T00:06:08.034797Z,607.2,1295.4
1af4ed5e-c368-4bf6-b902-69d372b1b7e3,short,none,SUCCEEDED,1,ACKED,2026-10-01T00:06:06.136170Z,2026-10-01T00:06:06.939862Z,2026-10-01T00:06:06.999900Z,803.7,60.0
b04c9f0f-2ac0-4acb-ba99-08185c5b265c,short,none,SUCCEEDED,1,ACKED,2026-10-01T00:06:06.136170Z,2026-10-01T00:06:07.001412Z,2026-10-01T00:06:07.047444Z,865.2,46.0
0f22b21f-7a6b-4bf7-be9b-0000305f3d1a,short,none,SUCCEEDED,1,ACKED,2026-10-01T00:06:06.136170Z,2026-10-01T00:06:06.971223Z,2026-10-01T00:06:06.984701Z,835.1,13.5
18ad5734-a79c-4b5a-9ba9-099f55e10fc3,short,none,SUCCEEDED,1,ACKED,2026-10-01T00:06:06.136170Z,2026-10-01T00:06:07.221963Z,2026-10-01T00:06:07.235994Z,1085.8,14.0
577b99c7-f5b0-48ea-a237-3853a4dc386d,short,none,SUCCEEDED,1,ACKED,2026-10-01T00:06:06.146575Z,2026-10-01T00:06:07.440592Z,2026-10-01T00:06:07.485640Z,1294.0,45.0
2968f1fb-d62e-41ba-bbd1-4fed265881ee,short,none,SUCCEEDED,1,ACKED,2026-10-01T00:06:06.137170Z,2026-10-01T00:06:07.143111Z,2026-10-01T00:06:07.173147Z,1005.9,30.0
9000ffe7-16b1-4585-8587-003928d1401a,medium,transient,SUCCEEDED,1,NACKED,2026-10-01T00:06:06.141196Z,2026-10-01T00:06:07.080069Z,2026-10-01T00:06:07.392078Z,938.9,312.0
9000ffe7-16b1-4585-8587-003928d1401a,medium,transient,SUCCEEDED,2,ACKED,2026-10-01T00:06:07.941078Z,2026-10-01T00:06:46.066898Z,2026-10-01T00:06:46.375957Z,38125.8,309.1
ce6b4f71-8c60-4fa3-8c81-bbff9f4f6b88,short,none,SUCCEEDED,1,ACKED,2026-10-01T00:06:06.137170Z,2026-10-01T00:06:07.175148Z,2026-10-01T00:06:07.220179Z,1038.0,45.0
f455cfd1-443b-4c96-b326-c29694a36d10,short,none,SUCCEEDED,1,ACKED,2026-10-01T00:06:06.141196Z,2026-10-01T00:06:07.033768Z,2026-10-01T00:06:07.079051Z,892.6,45.3
3fe361c3-b530-4f11-8c40-102960cd93bc,short,none,SUCCEEDED,1,ACKED,2026-10-01T00:06:06.141700Z,2026-10-01T00:06:07.080069Z,2026-10-01T00:06:07.109757Z,938.4,29.7
e231d081-c603-4e3d-8989-3ef0e5d5e1c7,short,none,SUCCEEDED,1,ACKED,2026-10-01T00:06:06.141196Z,2026-10-01T00:06:07.049444Z,2026-10-01T00:06:07.079051Z,908.2,29.6
6f1c68ca-f2c4-40f1-98e3-2233eb5b5152,long,transient,SUCCEEDED,1,NACKED,2026-10-01T00:06:06.146575Z,2026-10-01T00:06:07.628271Z,2026-10-01T00:06:09.282618Z,1481.7,1654.3
6f1c68ca-f2c4-40f1-98e3-2233eb5b5152,long,transient,SUCCEEDED,2,ACKED,2026-10-01T00:06:09.823618Z,2026-10-01T00:06:46.144320Z,2026-10-01T00:06:47.807272Z,36320.7,1663.0
bebd44be-5bae-4e84-a7ca-fad8d54c6d8d,medium,none,SUCCEEDED,1,ACKED,2026-10-01T00:06:06.150576Z,2026-10-01T00:06:07.643484Z,2026-10-01T00:06:07.923946Z,1492.9,280.5
897dc1a0-b0a4-41aa-a05d-b2c4558798b4,long,none,SUCCEEDED,1,ACKED,2026-10-01T00:06:06.145578Z,2026-10-01T00:06:07.269048Z,2026-10-01T00:06:08.954678Z,1123.5,1685.6
e4bb9ecd-0fb8-4a87-9b33-e202bb0a39af,short,none,SUCCEEDED,1,ACKED,2026-10-01T00:06:06.145578Z,2026-10-01T00:06:07.236996Z,2026-10-01T00:06:07.267050Z,1091.4,30.1
4c17b78c-509f-451e-b223-53aeda5f2b0a,short,none,SUCCEEDED,1,ACKED,2026-10-01T00:06:06.145578Z,2026-10-01T00:06:07.394349Z,2026-10-01T00:06:07.439087Z,1248.8,44.7
bb7ae60f-94b4-4a06-b5e3-f02c86abaf18,short,none,SUCCEEDED,1,ACKED,2026-10-01T00:06:06.145578Z,2026-10-01T00:06:07.958247Z,2026-10-01T00:06:07.987075Z,1812.7,28.8
98dde712-eeda-47a1-bf0b-6e6c192fc5bc,medium,none,SUCCEEDED,1,ACKED,2026-10-01T00:06:06.146575Z,2026-10-01T00:06:07.487640Z,2026-10-01T00:06:07.610260Z,1341.1,122.6
46f16de2-dca9-4d3d-96b4-b91472b2a676,short,none,SUCCEEDED,1,ACKED,2026-10-01T00:06:06.145578Z,2026-10-01T00:06:07.611263Z,2026-10-01T00:06:07.641826Z,1465.7,30.6
e710be59-9f98-45eb-9369-5e59193da03d,short,transient,SUCCEEDED,1,NACKED,2026-10-01T00:06:06.150576Z,2026-10-01T00:06:07.815259Z,2026-10-01T00:06:07.877407Z,1664.7,62.1
e710be59-9f98-45eb-9369-5e59193da03d,short,transient,SUCCEEDED,2,ACKED,2026-10-01T00:06:08.693407Z,2026-10-01T00:06:46.082618Z,2026-10-01T00:06:46.143320Z,37389.2,60.7
4fefe3ad-00f9-4be5-ba8d-f205a6b56b71,medium,none,SUCCEEDED,1,ACKED,2026-10-01T00:06:06.154603Z,2026-10-01T00:06:08.035797Z,2026-10-01T00:06:08.253487Z,1881.2,217.7
9c48f671-95cf-4c34-9a57-0129e4dfbb95,short,none,SUCCEEDED,1,ACKED,2026-10-01T00:06:06.150576Z,2026-10-01T00:06:07.879915Z,2026-10-01T00:06:07.908791Z,1729.3,28.9
e505d837-6d09-4495-9a18-fdc22c536304,short,none,SUCCEEDED,1,ACKED,2026-10-01T00:06:06.150576Z,2026-10-01T00:06:07.910296Z,2026-10-01T00:06:07.956176Z,1759.7,45.9
8dcefd8c-4a9d-4fcd-b66d-bf21a74fff1e,short,none,SUCCEEDED,1,ACKED,2026-10-01T00:06:06.150576Z,2026-10-01T00:06:07.768727Z,2026-10-01T00:06:07.814259Z,1618.2,45.5
20ebbfcf-fbe7-4f4a-adec-37d3543bfc93,medium,none,SUCCEEDED,1,ACKED,2026-10-01T00:06:06.154603Z,2026-10-01T00:06:08.037176Z,2026-10-01T00:06:08.284544Z,1882.6,247.4
52199898-f11a-4ceb-b9af-d547293d3e06,short,none,SUCCEEDED,1,ACKED,2026-10-01T00:06:06.150576Z,2026-10-01T00:06:07.942067Z,2026-10-01T00:06:07.971759Z,1791.5,29.7
3a29f30e-626f-4c92-9e07-85f50241f321,short,none,SUCCEEDED,1,ACKED,2026-10-01T00:06:06.150576Z,2026-10-01T00:06:07.925946Z,2026-10-01T00:06:07.987075Z,1775.4,61.1
631b0b2c-c9a4-4d73-aac2-a7150a055840,short,none,SUCCEEDED,1,ACKED,2026-10-01T00:06:06.154603Z,2026-10-01T00:06:07.973264Z,2026-10-01T00:06:08.034797Z,1818.7,61.5
71589de1-e44d-4f15-beda-9d7762c173d9,medium,none,SUCCEEDED,1,ACKED,2026-10-01T00:06:06.158604Z,2026-10-01T00:06:08.254997Z,2026-10-01T00:06:08.505452Z,2096.4,250.5
c9e5968f-1214-4a8e-9474-d89d187588c2,short,none,SUCCEEDED,1,ACKED,2026-10-01T00:06:06.154603Z,2026-10-01T00:06:07.988074Z,2026-10-01T00:06:08.050191Z,1833.5,62.1
d02af0ab-f361-4757-a849-fb0c6419ca79,short,none,SUCCEEDED,1,ACKED,2026-10-01T00:06:06.154603Z,2026-10-01T00:06:08.035797Z,2026-10-01T00:06:08.081876Z,1881.2,46.1
4d8b7f7c-ac21-4de8-a558-14178402be03,short,none,SUCCEEDED,1,ACKED,2026-10-01T00:06:06.154603Z,2026-10-01T00:06:08.035797Z,2026-10-01T00:06:08.081876Z,1881.2,46.1
a00559b0-57f6-4b8b-b622-5db74a6735dc,medium,none,SUCCEEDED,1,ACKED,2026-10-01T00:06:06.160603Z,2026-10-01T00:06:08.285545Z,2026-10-01T00:06:08.567543Z,2124.9,282.0
109c346b-5926-4828-bb65-d060fe4917aa,short,none,SUCCEEDED,1,ACKED,2026-10-01T00:06:06.154603Z,2026-10-01T00:06:07.988074Z,2026-10-01T00:06:08.034797Z,1833.5,46.7
79983998-e164-4c61-88a6-ce6031c8346b,short,none,SUCCEEDED,1,ACKED,2026-10-01T00:06:06.154603Z,2026-10-01T00:06:08.005207Z,2026-10-01T00:06:08.034797Z,1850.6,29.6
07b1d002-9d62-442d-8c35-040a97f3bd6f,short,none,SUCCEEDED,1,ACKED,2026-10-01T00:06:06.158604Z,2026-10-01T00:06:08.146303Z,2026-10-01T00:06:08.192310Z,1987.7,46.0
0fcf992c-fd1f-4e12-aa38-0efefdf062e3,short,none,SUCCEEDED,1,ACKED,2026-10-01T00:06:06.163118Z,2026-10-01T00:06:08.506450Z,2026-10-01T00:06:08.536302Z,2343.3,29.9
6bb4a1ae-edce-4a52-ab9e-3c0d5c38b153,medium,none,SUCCEEDED,1,ACKED,2026-10-01T00:06:06.158604Z,2026-10-01T00:06:08.052189Z,2026-10-01T00:06:08.363379Z,1893.6,311.2
97766fef-e39e-47fe-9cd7-96f3c00c3dc5,medium,none,SUCCEEDED,1,ACKED,2026-10-01T00:06:06.158604Z,2026-10-01T00:06:08.082875Z,2026-10-01T00:06:08.332102Z,1924.3,249.2
3f0ba4af-fd66-42b3-9d1f-db95dcf01534,medium,none,SUCCEEDED,1,ACKED,2026-10-01T00:06:06.158604Z,2026-10-01T00:06:08.224469Z,2026-10-01T00:06:08.426975Z,2065.9,202.5
c959b790-780b-4810-8f5a-981430a8d37a,short,none,SUCCEEDED,1,ACKED,2026-10-01T00:06:06.165116Z,2026-10-01T00:06:08.521772Z,2026-10-01T00:06:08.582300Z,2356.7,60.5
ccd26840-cbe7-435a-bf29-c0deee452c84,short,transient,SUCCEEDED,1,NACKED,2026-10-01T00:06:06.158604Z,2026-10-01T00:06:08.193818Z,2026-10-01T00:06:08.223463Z,2035.2,29.6
ccd26840-cbe7-435a-bf29-c0deee452c84,short,transient,SUCCEEDED,2,ACKED,2026-10-01T00:06:09.086463Z,2026-10-01T00:06:46.082618Z,2026-10-01T00:06:46.112167Z,36996.2,29.5
1da9e890-60cd-48bf-9dec-cccb17d4da73,short,none,SUCCEEDED,1,ACKED,2026-10-01T00:06:06.158604Z,2026-10-01T00:06:08.082875Z,2026-10-01T00:06:08.145294Z,1924.3,62.4
dff3c98e-2855-4431-bd8a-9b58ffb2d69f,short,none,SUCCEEDED,1,ACKED,2026-10-01T00:06:06.163118Z,2026-10-01T00:06:08.459906Z,2026-10-01T00:06:08.505452Z,2296.8,45.5
fc11dd10-9e6a-4f4b-8e15-bdecbf54aa0f,short,none,SUCCEEDED,1,ACKED,2026-10-01T00:06:06.167117Z,2026-10-01T00:06:08.660435Z,2026-10-01T00:06:08.690503Z,2493.3,30.1
878f6949-4f69-4c83-a9c0-f4dcc78defef,medium,none,SUCCEEDED,1,ACKED,2026-10-01T00:06:06.163118Z,2026-10-01T00:06:08.365382Z,2026-10-01T00:06:08.659431Z,2202.3,294.0
33ff4f4f-adc4-4249-940c-4888d4f06311,short,none,SUCCEEDED,1,ACKED,2026-10-01T00:06:06.163118Z,2026-10-01T00:06:08.506450Z,2026-10-01T00:06:08.520773Z,2343.3,14.3
87be620c-fd9d-41cc-b080-3b902b143b77,medium,none,SUCCEEDED,1,ACKED,2026-10-01T00:06:06.163118Z,2026-10-01T00:06:08.444502Z,2026-10-01T00:06:08.753824Z,2281.4,309.3
e87120b6-3761-4962-ae6c-a24a02e74b5e,short,none,SUCCEEDED,1,ACKED,2026-10-01T00:06:06.169115Z,2026-10-01T00:06:08.691500Z,2026-10-01T00:06:08.722040Z,2522.4,30.5
556775aa-d1f4-4c45-9122-ffc6fecfc236,medium,none,SUCCEEDED,1,ACKED,2026-10-01T00:06:06.163118Z,2026-10-01T00:06:08.334102Z,2026-10-01T00:06:08.442998Z,2171.0,108.9
1efacfdd-bca3-4b02-be42-bf3f4e9fa5bf,long,none,SUCCEEDED,1,ACKED,2026-10-01T00:06:06.163118Z,2026-10-01T00:06:08.428479Z,2026-10-01T00:06:10.018071Z,2265.4,1589.6
a9c5391c-3cc7-4d11-b1cf-f6b82f92ea1a,short,none,SUCCEEDED,1,ACKED,2026-10-01T00:06:06.167117Z,2026-10-01T00:06:08.630361Z,2026-10-01T00:06:08.690503Z,2463.2,60.1
81579468-b922-4afc-9cf5-12b3d9f70759,medium,none,SUCCEEDED,1,ACKED,2026-10-01T00:06:06.170621Z,2026-10-01T00:06:08.692504Z,2026-10-01T00:06:08.923461Z,2521.9,231.0
c4a5ccee-0b8f-455c-8028-ef9bc676ae9d,short,none,SUCCEEDED,1,ACKED,2026-10-01T00:06:06.167117Z,2026-10-01T00:06:08.614341Z,2026-10-01T00:06:08.628852Z,2447.2,14.5
5e2bcf91-db66-4853-a771-acd8d3bcc2b9,short,none,SUCCEEDED,1,ACKED,2026-10-01T00:06:06.167117Z,2026-10-01T00:06:08.583301Z,2026-10-01T00:06:08.613340Z,2416.2,30.0
ce869452-7577-455a-9750-3aa3b2348af1,medium,none,SUCCEEDED,1,ACKED,2026-10-01T00:06:06.167117Z,2026-10-01T00:06:08.568543Z,2026-10-01T00:06:08.799452Z,2401.4,230.9
672b9696-f7a2-457b-9930-141d0282828a,short,none,SUCCEEDED,1,ACKED,2026-10-01T00:06:06.173872Z,2026-10-01T00:06:08.815478Z,2026-10-01T00:06:08.860833Z,2641.6,45.4
b5783c68-45ef-4666-8e64-3cf2c9da5b35,medium,none,SUCCEEDED,1,ACKED,2026-10-01T00:06:06.167117Z,2026-10-01T00:06:08.536944Z,2026-10-01T00:06:08.659431Z,2369.8,122.5
34b160f4-2e17-4131-a8bd-c18ec52815a0,short,none,SUCCEEDED,1,ACKED,2026-10-01T00:06:06.167117Z,2026-10-01T00:06:08.660435Z,2026-10-01T00:06:08.690503Z,2493.3,30.1
cdc3b9c1-d8f7-418f-a101-8ebb19894fce,short,none,SUCCEEDED,1,ACKED,2026-10-01T00:06:06.170621Z,2026-10-01T00:06:08.724041Z,2026-10-01T00:06:08.784397Z,2553.4,60.4
964e9150-1b53-4bed-9452-55bcbb69d2a9,short,none,SUCCEEDED,1,ACKED,2026-10-01T00:06:06.174873Z,2026-10-01T00:06:08.925456Z,2026-10-01T00:06:08.954678Z,2750.6,29.2
30743893-41c5-4eb4-a1ff-8d4837542541,short,none,SUCCEEDED,1,ACKED,2026-10-01T00:06:06.170621Z,2026-10-01T00:06:08.801448Z,2026-10-01T00:06:08.829983Z,2630.8,28.5
81a36afc-bd2f-44e5-817d-bf2873f4bf67,short,transient,SUCCEEDED,1,NACKED,2026-10-01T00:06:06.170621Z,2026-10-01T00:06:08.770366Z,2026-10-01T00:06:08.814479Z,2599.7,44.1
81a36afc-bd2f-44e5-817d-bf2873f4bf67,short,transient,SUCCEEDED,2,ACKED,2026-10-01T00:06:09.583479Z,2026-10-01T00:06:46.097642Z,2026-10-01T00:06:46.143320Z,36514.2,45.7
9de12932-fa2f-4b60-bd25-c2a51efc9912,medium,none,SUCCEEDED,1,ACKED,2026-10-01T00:06:06.170621Z,2026-10-01T00:06:08.785905Z,2026-10-01T00:06:09.016974Z,2615.3,231.1
0cc872dd-90e7-401a-8c59-2de9e10a8365,short,none,SUCCEEDED,1,ACKED,2026-10-01T00:06:06.178379Z,2026-10-01T00:06:08.955688Z,2026-10-01T00:06:09.001727Z,2777.3,46.0
489e3e82-1b4e-471b-9aa9-0303aad7837f,short,none,SUCCEEDED,1,ACKED,2026-10-01T00:06:06.170621Z,2026-10-01T00:06:08.756335Z,2026-10-01T00:06:08.768852Z,2585.7,12.5
f13aba0e-3cbc-45f5-b8db-9bde99bce830,medium,none,SUCCEEDED,1,ACKED,2026-10-01T00:06:06.170621Z,2026-10-01T00:06:08.691500Z,2026-10-01T00:06:09.001727Z,2520.9,310.2
e5c2d74c-6f9d-4be9-a5c5-a04e360c83d0,short,none,SUCCEEDED,1,ACKED,2026-10-01T00:06:06.174873Z,2026-10-01T00:06:08.955688Z,2026-10-01T00:06:08.986208Z,2780.8,30.5
9cce90c3-21f9-4659-a1ae-cd24117f9457,short,none,SUCCEEDED,1,ACKED,2026-10-01T00:06:06.178379Z,2026-10-01T00:06:09.002729Z,2026-10-01T00:06:09.048532Z,2824.4,45.8
738b1207-ccd9-4986-8b6f-b193c3020b3b,short,none,SUCCEEDED,1,ACKED,2026-10-01T00:06:06.174873Z,2026-10-01T00:06:08.955688Z,2026-10-01T00:06:08.986208Z,2780.8,30.5
c98345e0-8e3d-4a32-8564-fcb664fa53d0,short,none,SUCCEEDED,1,ACKED,2026-10-01T00:06:06.174873Z,2026-10-01T00:06:08.925456Z,2026-10-01T00:06:08.954678Z,2750.6,29.2
2b989ead-f032-41a2-b00c-11f1b327e0cf,short,none,SUCCEEDED,1,ACKED,2026-10-01T00:06:06.174873Z,2026-10-01T00:06:08.831497Z,2026-10-01T00:06:08.891927Z,2656.6,60.4
4a68d4a5-01e1-469f-ba7f-f73fcac43af1,short,none,SUCCEEDED,1,ACKED,2026-10-01T00:06:06.183385Z,2026-10-01T00:06:09.129402Z,2026-10-01T00:06:09.158101Z,2946.0,28.7
784a040b-a8df-4573-a850-f7cc1b4768f8,long,none,SUCCEEDED,1,ACKED,2026-10-01T00:06:06.174873Z,2026-10-01T00:06:08.862337Z,2026-10-01T00:06:10.656136Z,2687.5,1793.8
f21c1c6b-b5bd-4b07-ae57-1a15b4b4aa50,short,none,SUCCEEDED,1,ACKED,2026-10-01T00:06:06.174873Z,2026-10-01T00:06:08.893924Z,2026-10-01T00:06:08.923461Z,2719.1,29.5
74f60fee-a518-4c08-b4aa-c557e8209138,medium,none,SUCCEEDED,1,ACKED,2026-10-01T00:06:06.178379Z,2026-10-01T00:06:09.018223Z,2026-10-01T00:06:09.205462Z,2839.8,187.2
33a5d93c-52a8-4d0c-b7dc-029f9ef1a69e,short,none,SUCCEEDED,1,ACKED,2026-10-01T00:06:06.183385Z,2026-10-01T00:06:09.049534Z,2026-10-01T00:06:09.080081Z,2866.1,30.5
1c2c5ab1-9b9b-4e02-9733-159caee93322,short,transient,SUCCEEDED,1,NACKED,2026-10-01T00:06:06.178379Z,2026-10-01T00:06:08.987206Z,2026-10-01T00:06:09.016974Z,2808.8,29.8
1c2c5ab1-9b9b-4e02-9733-159caee93322,short,transient,SUCCEEDED,2,ACKED,2026-10-01T00:06:09.625974Z,2026-10-01T00:06:46.113169Z,2026-10-01T00:06:46.143320Z,36487.2,30.2
8d830755-d276-4cf7-88dd-615ea89a9007,short,none,SUCCEEDED,1,ACKED,2026-10-01T00:06:06.178379Z,2026-10-01T00:06:09.018223Z,2026-10-01T00:06:09.063546Z,2839.8,45.3
46033e29-eff8-4f1d-bb8f-cfc8fba285f9,short,none,SUCCEEDED,1,ACKED,2026-10-01T00:06:06.178379Z,2026-10-01T00:06:09.002729Z,2026-10-01T00:06:09.032898Z,2824.4,30.2
32acdcbe-c9c3-49f7-9a20-2ae9fb6fd4bc,short,none,SUCCEEDED,1,ACKED,2026-10-01T00:06:06.187907Z,2026-10-01T00:06:09.284623Z,2026-10-01T00:06:09.345016Z,3096.7,60.4
3f808261-2ccb-4ce6-a21d-ae5952565c14,short,none,SUCCEEDED,1,ACKED,2026-10-01T00:06:06.178379Z,2026-10-01T00:06:09.034512Z,2026-10-01T00:06:09.063546Z,2856.1,29.0
ede60440-5d71-4c59-892c-28ff582e6b99,medium,none,SUCCEEDED,1,ACKED,2026-10-01T00:06:06.178379Z,2026-10-01T00:06:08.987206Z,2026-10-01T00:06:09.251048Z,2808.8,263.8
94dab521-8969-4362-bfb4-2261a10691ca,short,none,SUCCEEDED,1,ACKED,2026-10-01T00:06:06.183385Z,2026-10-01T00:06:09.064548Z,2026-10-01T00:06:09.127394Z,2881.2,62.8
286e172f-62bb-4658-915f-683be3c11e26,long,none,SUCCEEDED,1,ACKED,2026-10-01T00:06:06.188902Z,2026-10-01T00:06:09.408253Z,2026-10-01T00:06:10.686975Z,3219.4,1278.7
d67c2a96-2fa1-4422-a49f-d62eb3fc85f0,medium,none,SUCCEEDED,1,ACKED,2026-10-01T00:06:06.183385Z,2026-10-01T00:06:09.206464Z,2026-10-01T00:06:09.484982Z,3023.1,278.5
e81626da-2539-4777-9d24-e791fd3e6cfe,long,none,SUCCEEDED,1,ACKED,2026-10-01T00:06:06.183893Z,2026-10-01T00:06:09.160103Z,2026-10-01T00:06:10.374061Z,2976.2,1214.0
ba6cf43a-65c3-47c5-be99-14aedcad284d,long,none,SUCCEEDED,1,ACKED,2026-10-01T00:06:06.184897Z,2026-10-01T00:06:09.252055Z,2026-10-01T00:06:10.327300Z,3067.2,1075.2
33c4b137-6b25-4089-9e4f-360f56742b8a,short,none,SUCCEEDED,1,ACKED,2026-10-01T00:06:06.194406Z,2026-10-01T00:06:09.612398Z,2026-10-01T00:06:09.658616Z,3418.0,46.2
31a3cd03-3f77-4b6f-b03c-1447a8640287,medium,none,SUCCEEDED,1,ACKED,2026-10-01T00:06:06.183385Z,2026-10-01T00:06:09.081692Z,2026-10-01T00:06:09.360226Z,2898.3,278.5
c19e5c0a-e485-4694-8a2b-0724d8f9f917,medium,transient,SUCCEEDED,1,NACKED,2026-10-01T00:06:06.183385Z,2026-10-01T00:06:09.064548Z,2026-10-01T00:06:09.298646Z,2881.2,234.1
c19e5c0a-e485-4694-8a2b-0724d8f9f917,medium,transient,SUCCEEDED,2,NACKED,2026-10-01T00:06:10.080646Z,2026-10-01T00:06:46.144320Z,2026-10-01T00:06:46.375957Z,36063.7,231.6
c19e5c0a-e485-4694-8a2b-0724d8f9f917,medium,transient,SUCCEEDED,3,ACKED,2026-10-01T00:06:47.376957Z,2026-10-01T00:06:48.603428Z,2026-10-01T00:06:48.837076Z,1226.5,233.6
72558dd8-89bf-405b-b65a-da2d65ab0bbd,medium,none,SUCCEEDED,1,ACKED,2026-10-01T00:06:06.188902Z,2026-10-01T00:06:09.346679Z,2026-10-01T00:06:09.595367Z,3157.8,248.7
9693ad50-77eb-4814-ab32-11e7f6d406d6,short,none,SUCCEEDED,1,ACKED,2026-10-01T00:06:06.192907Z,2026-10-01T00:06:09.563856Z,2026-10-01T00:06:09.595367Z,3370.9,31.5
cffe6595-b4c9-4db3-9438-fbda2f985444,short,none,SUCCEEDED,1,ACKED,2026-10-01T00:06:06.189902Z,2026-10-01T00:06:09.532839Z,2026-10-01T00:06:09.562855Z,3342.9,30.0
f643ba16-c16d-4a98-83ec-f891f29e40c1,short,none,SUCCEEDED,1,ACKED,2026-10-01T00:06:06.188902Z,2026-10-01T00:06:09.361226Z,2026-10-01T00:06:09.407253Z,3172.3,46.0
e9b79027-f649-41ba-b538-3bd8186ede6c,short,none,SUCCEEDED,1,ACKED,2026-10-01T00:06:06.191903Z,2026-10-01T00:06:09.563856Z,2026-10-01T00:06:09.611394Z,3372.0,47.5
31b1d07b-9eaa-4c06-a66d-457cfb8406f4,medium,none,SUCCEEDED,1,ACKED,2026-10-01T00:06:06.197412Z,2026-10-01T00:06:09.911261Z,2026-10-01T00:06:10.156892Z,3713.8,245.6
b135375a-676e-4317-ad32-0e9a1acc17d3,short,none,SUCCEEDED,1,ACKED,2026-10-01T00:06:06.188902Z,2026-10-01T00:06:09.485986Z,2026-10-01T00:06:09.531702Z,3297.1,45.7
ba3a51dd-a25f-41dc-86ff-18bfa6956d5d,medium,none,SUCCEEDED,1,ACKED,2026-10-01T00:06:06.187907Z,2026-10-01T00:06:09.299646Z,2026-10-01T00:06:09.562855Z,3111.7,263.2
9adc4f9b-e89a-48bd-9a87-db6a26b31e4e,short,none,SUCCEEDED,1,ACKED,2026-10-01T00:06:06.192907Z,2026-10-01T00:06:09.596371Z,2026-10-01T00:06:09.626922Z,3403.5,30.6
ebc7db97-7aac-44b9-8675-3895e6433c4f,medium,none,SUCCEEDED,1,ACKED,2026-10-01T00:06:06.196411Z,2026-10-01T00:06:09.722587Z,2026-10-01T00:06:09.956735Z,3526.2,234.1
8508f7ab-62c5-4cab-ae8c-1bb0a86a839c,short,none,SUCCEEDED,1,ACKED,2026-10-01T00:06:06.194406Z,2026-10-01T00:06:09.628931Z,2026-10-01T00:06:09.658616Z,3434.5,29.7
53220850-f6b1-40a5-9b5e-cbb9dbea9414,short,none,SUCCEEDED,1,ACKED,2026-10-01T00:06:06.192907Z,2026-10-01T00:06:09.596371Z,2026-10-01T00:06:09.611394Z,3403.5,15.0
2fe5db0d-769a-4f81-800b-7d041bcc2434,short,none,SUCCEEDED,1,ACKED,2026-10-01T00:06:06.196411Z,2026-10-01T00:06:09.659624Z,2026-10-01T00:06:09.721582Z,3463.2,62.0
020f9f3e-f857-477c-8215-ddc4fba43812,medium,none,SUCCEEDED,1,ACKED,2026-10-01T00:06:06.200413Z,2026-10-01T00:06:10.174925Z,2026-10-01T00:06:10.374061Z,3974.5,199.1
9d3665e7-22c0-4e72-b314-072b4cb8e49e,medium,none,SUCCEEDED,1,ACKED,2026-10-01T00:06:06.194406Z,2026-10-01T00:06:09.659624Z,2026-10-01T00:06:09.894245Z,3465.2,234.6
612889e8-73c3-4e52-897b-2384cd4d0296,medium,none,SUCCEEDED,1,ACKED,2026-10-01T00:06:06.192907Z,2026-10-01T00:06:09.612398Z,2026-10-01T00:06:09.862872Z,3419.5,250.5
3ca7d310-ed65-485f-89ac-d3acfb884719,medium,none,SUCCEEDED,1,ACKED,2026-10-01T00:06:06.196411Z,2026-10-01T00:06:09.863870Z,2026-10-01T00:06:10.140601Z,3667.5,276.7
3811c394-6b63-474d-b320-713d1533461e,medium,none,SUCCEEDED,1,ACKED,2026-10-01T00:06:06.199411Z,2026-10-01T00:06:10.064870Z,2026-10-01T00:06:10.188952Z,3865.5,124.1
fd5b6ca1-8623-49c3-9f7a-53d6fa748c1f,short,none,SUCCEEDED,1,ACKED,2026-10-01T00:06:06.197412Z,2026-10-01T00:06:09.958398Z,2026-10-01T00:06:10.002994Z,3761.0,44.6
8b3ed4c2-4fcd-402d-8be6-8c20b500f9df,short,none,SUCCEEDED,1,ACKED,2026-10-01T00:06:06.197412Z,2026-10-01T00:06:09.895242Z,2026-10-01T00:06:09.909757Z,3697.8,14.5
3fa4cf6c-765a-4e34-8891-bfb8db5f9d2f,medium,none,SUCCEEDED,1,ACKED,2026-10-01T00:06:06.199411Z,2026-10-01T00:06:10.020072Z,2026-10-01T00:06:10.311790Z,3820.7,291.7
849c860a-89ca-429c-bee7-ebf9ea3e504f,medium,none,SUCCEEDED,1,ACKED,2026-10-01T00:06:06.204413Z,2026-10-01T00:06:10.328304Z,2026-10-01T00:06:10.499475Z,4123.9,171.2
e052df5a-8617-4321-b5d2-fd2fa4ea0e6f,short,none,SUCCEEDED,1,ACKED,2026-10-01T00:06:06.199411Z,2026-10-01T00:06:10.035098Z,2026-10-01T00:06:10.063185Z,3835.7,28.1
024c285e-2b5b-48e7-8c71-d8f4b4c1cf5b,short,none,SUCCEEDED,1,ACKED,2026-10-01T00:06:06.197412Z,2026-10-01T00:06:10.005017Z,2026-10-01T00:06:10.033095Z,3807.6,28.1
550faa77-3cd4-4dc5-a8da-90a97c3f7f60,short,none,SUCCEEDED,1,ACKED,2026-10-01T00:06:06.200413Z,2026-10-01T00:06:10.189950Z,2026-10-01T00:06:10.204258Z,3989.5,14.3
248b24b7-c0ce-4293-8169-6aebc039010d,short,none,SUCCEEDED,1,ACKED,2026-10-01T00:06:06.203413Z,2026-10-01T00:06:10.237045Z,2026-10-01T00:06:10.250605Z,4033.6,13.6
acca48f1-fee2-440b-b6b7-65381eb42051,short,none,SUCCEEDED,1,ACKED,2026-10-01T00:06:06.200413Z,2026-10-01T00:06:10.204258Z,2026-10-01T00:06:10.235594Z,4003.8,31.3
d873fe0f-4405-4069-b444-b2cb53328aae,short,none,SUCCEEDED,1,ACKED,2026-10-01T00:06:06.200413Z,2026-10-01T00:06:10.141357Z,2026-10-01T00:06:10.172917Z,3940.9,31.6
44e7f098-e075-40cf-b215-fb2dc701257e,medium,none,SUCCEEDED,1,ACKED,2026-10-01T00:06:06.205516Z,2026-10-01T00:06:10.375064Z,2026-10-01T00:06:10.515501Z,4169.5,140.4
344df2c3-6a97-4e3f-97c0-e43b65746fcd,short,none,SUCCEEDED,1,ACKED,2026-10-01T00:06:06.207519Z,2026-10-01T00:06:10.437870Z,2026-10-01T00:06:10.467899Z,4230.4,30.0
89c3d56e-8a2d-402f-bd76-05db1e3dcc70,short,none,SUCCEEDED,1,ACKED,2026-10-01T00:06:06.203413Z,2026-10-01T00:06:10.328304Z,2026-10-01T00:06:10.359042Z,4124.9,30.7
355a15fa-51f1-442a-9500-08503c5fc607,medium,none,SUCCEEDED,1,ACKED,2026-10-01T00:06:06.200413Z,2026-10-01T00:06:10.157897Z,2026-10-01T00:06:10.436712Z,3957.5,278.8
3c2934c5-f9d2-47d5-981d-99e2ba361023,short,none,SUCCEEDED,1,ACKED,2026-10-01T00:06:06.204413Z,2026-10-01T00:06:10.312786Z,2026-10-01T00:06:10.327300Z,4108.4,14.5
92ce05e7-e367-49b0-b256-df90b81c046d,short,none,SUCCEEDED,1,ACKED,2026-10-01T00:06:06.207519Z,2026-10-01T00:06:10.391091Z,2026-10-01T00:06:10.436712Z,4183.6,45.6
8cde08fd-74ae-438d-b1e4-19dc13ef8fa8,short,none,SUCCEEDED,1,ACKED,2026-10-01T00:06:06.204413Z,2026-10-01T00:06:10.375064Z,2026-10-01T00:06:10.390088Z,4170.7,15.0
43d30e15-03cc-49f2-b9f0-d836590004b9,short,none,SUCCEEDED,1,ACKED,2026-10-01T00:06:06.203413Z,2026-10-01T00:06:10.360040Z,2026-10-01T00:06:10.390088Z,4156.6,30.0
bbf4c134-524d-4e19-8679-ad2bd9a86253,medium,transient,SUCCEEDED,1,NACKED,2026-10-01T00:06:06.208517Z,2026-10-01T00:06:10.500474Z,2026-10-01T00:06:10.671649Z,4292.0,171.2
bbf4c134-524d-4e19-8679-ad2bd9a86253,medium,transient,SUCCEEDED,2,ACKED,2026-10-01T00:06:11.583649Z,2026-10-01T00:06:46.237568Z,2026-10-01T00:06:46.422592Z,34653.9,185.0
d85548ab-2c81-473d-98e0-c2ca723685b8,medium,none,SUCCEEDED,1,ACKED,2026-10-01T00:06:06.211518Z,2026-10-01T00:06:10.578716Z,2026-10-01T00:06:10.877367Z,4367.2,298.7
c3d17099-c9d5-4bad-bad0-589d39d43fff,medium,transient,SUCCEEDED,1,NACKED,2026-10-01T00:06:06.207519Z,2026-10-01T00:06:10.468902Z,2026-10-01T00:06:10.734160Z,4261.4,265.3
c3d17099-c9d5-4bad-bad0-589d39d43fff,medium,transient,SUCCEEDED,2,ACKED,2026-10-01T00:06:11.630160Z,2026-10-01T00:06:46.252480Z,2026-10-01T00:06:46.515355Z,34622.3,262.9
f8c69191-05e0-4b13-b2db-6bd75f01180e,medium,none,SUCCEEDED,1,ACKED,2026-10-01T00:06:06.203413Z,2026-10-01T00:06:10.252291Z,2026-10-01T00:06:10.467899Z,4048.9,215.6
098e01c5-f767-4e9e-9389-2181aed1445f,medium,transient,SUCCEEDED,1,NACKED,2026-10-01T00:06:06.207519Z,2026-10-01T00:06:10.391091Z,2026-10-01T00:06:10.531530Z,4183.6,140.4
098e01c5-f767-4e9e-9389-2181aed1445f,medium,transient,SUCCEEDED,2,ACKED,2026-10-01T00:06:11.157530Z,2026-10-01T00:06:46.144320Z,2026-10-01T00:06:46.283076Z,34986.8,138.8
93d83251-be29-4589-8443-8ab12c4e2d56,short,none,SUCCEEDED,1,ACKED,2026-10-01T00:06:06.211518Z,2026-10-01T00:06:10.533041Z,2026-10-01T00:06:10.577715Z,4321.5,44.7
06e5c4d3-f00d-4863-a82d-473a1b7e9f17,medium,none,SUCCEEDED,1,ACKED,2026-10-01T00:06:06.208517Z,2026-10-01T00:06:10.468902Z,2026-10-01T00:06:10.718647Z,4260.4,249.7
4f069f90-070a-430a-9792-aa4a8ba74936,short,none,SUCCEEDED,1,ACKED,2026-10-01T00:06:06.207519Z,2026-10-01T00:06:10.437870Z,2026-10-01T00:06:10.467899Z,4230.4,30.0
e7645cb0-b5ab-4195-bbf9-d7311c311098,short,none,SUCCEEDED,1,ACKED,2026-10-01T00:06:06.212515Z,2026-10-01T00:06:10.578716Z,2026-10-01T00:06:10.640608Z,4366.2,61.9
4e1c0dc9-252d-4fa1-ae98-7c68ce608fcc,short,none,SUCCEEDED,1,ACKED,2026-10-01T00:06:06.215534Z,2026-10-01T00:06:10.688622Z,2026-10-01T00:06:10.718647Z,4473.1,30.0
e0be0b46-1b00-4642-b324-6c6ab62abf43,short,transient,SUCCEEDED,1,NACKED,2026-10-01T00:06:06.211518Z,2026-10-01T00:06:10.516506Z,2026-10-01T00:06:10.562196Z,4305.0,45.7
e0be0b46-1b00-4642-b324-6c6ab62abf43,short,transient,SUCCEEDED,2,ACKED,2026-10-01T00:06:11.369196Z,2026-10-01T00:06:46.144320Z,2026-10-01T00:06:46.190068Z,34775.1,45.7
04e47d93-4c8e-41ce-95c1-1fbdf4fff890,short,none,SUCCEEDED,1,ACKED,2026-10-01T00:06:06.207519Z,2026-10-01T00:06:10.468902Z,2026-10-01T00:06:10.499475Z,4261.4,30.6
6159d2fe-5463-4333-a46c-b3b929caaaab,short,none,SUCCEEDED,1,ACKED,2026-10-01T00:06:06.212515Z,2026-10-01T00:06:10.609841Z,2026-10-01T00:06:10.640608Z,4397.3,30.8
e8a76bcd-ef27-486b-a451-3ff2f16e2e5f,short,transient,DEAD_LETTER,1,NACKED,2026-10-01T00:06:06.216535Z,2026-10-01T00:06:10.673422Z,2026-10-01T00:06:10.718647Z,4456.9,45.2
e8a76bcd-ef27-486b-a451-3ff2f16e2e5f,short,transient,DEAD_LETTER,2,NACKED,2026-10-01T00:06:11.421647Z,2026-10-01T00:06:46.190068Z,2026-10-01T00:06:46.236567Z,34768.4,46.5
e8a76bcd-ef27-486b-a451-3ff2f16e2e5f,short,transient,DEAD_LETTER,3,NACKED,2026-10-01T00:06:48.075567Z,2026-10-01T00:06:48.651543Z,2026-10-01T00:06:48.697175Z,576.0,45.6
004e2f3b-1671-478e-b50a-77cc1d009dec,short,none,SUCCEEDED,1,ACKED,2026-10-01T00:06:06.211518Z,2026-10-01T00:06:10.533041Z,2026-10-01T00:06:10.577715Z,4321.5,44.7
a768c9e5-2777-45c7-9af5-000987515cd9,short,none,SUCCEEDED,1,ACKED,2026-10-01T00:06:06.211518Z,2026-10-01T00:06:10.563196Z,2026-10-01T00:06:10.608844Z,4351.7,45.6
189e6720-f944-49bb-9b00-04faf6bebc69,short,none,SUCCEEDED,1,ACKED,2026-10-01T00:06:06.215534Z,2026-10-01T00:06:10.719648Z,2026-10-01T00:06:10.765423Z,4504.1,45.8
c99ade77-54e3-49b0-be02-42fb3770b980,long,none,SUCCEEDED,1,ACKED,2026-10-01T00:06:06.221046Z,2026-10-01T00:06:10.894643Z,2026-10-01T00:06:12.830197Z,4673.6,1935.6
05bc1520-4a2f-48de-9359-c9bbcfb212cf,medium,none,SUCCEEDED,1,ACKED,2026-10-01T00:06:06.215534Z,2026-10-01T00:06:10.641607Z,2026-10-01T00:06:10.845604Z,4426.1,204.0
a5cef49f-ad54-42d9-8998-6e5b5c48c210,short,permanent,FAILED,1,NACKED,2026-10-01T00:06:06.211518Z,2026-10-01T00:06:10.500474Z,2026-10-01T00:06:10.531530Z,4289.0,31.1
2cb24adc-0659-459a-8114-e304f88e8502,short,none,SUCCEEDED,1,ACKED,2026-10-01T00:06:06.216535Z,2026-10-01T00:06:10.719648Z,2026-10-01T00:06:10.765423Z,4503.1,45.8
1d4af644-ddc9-4345-b790-1751a64e34fc,medium,none,SUCCEEDED,1,ACKED,2026-10-01T00:06:06.221046Z,2026-10-01T00:06:10.735673Z,2026-10-01T00:06:11.030821Z,4514.6,295.1
c424be2b-c14c-4ede-bb4e-d664e6a01a4c,long,none,SUCCEEDED,1,ACKED,2026-10-01T00:06:06.215534Z,2026-10-01T00:06:10.658138Z,2026-10-01T00:06:12.093235Z,4442.6,1435.1
23cdb49a-1aa1-4b41-8ffe-d8236a480c6b,medium,none,SUCCEEDED,1,ACKED,2026-10-01T00:06:06.215534Z,2026-10-01T00:06:10.641607Z,2026-10-01T00:06:10.829027Z,4426.1,187.4
25ba73d0-c910-476c-b43f-4944a242d1b7,medium,none,SUCCEEDED,1,ACKED,2026-10-01T00:06:06.221046Z,2026-10-01T00:06:10.814524Z,2026-10-01T00:06:10.968408Z,4593.5,153.9
cc23451e-8dfe-4016-bd9c-62ede5326bc7,short,transient,SUCCEEDED,1,NACKED,2026-10-01T00:06:06.225551Z,2026-10-01T00:06:10.969413Z,2026-10-01T00:06:10.998954Z,4743.9,29.5
cc23451e-8dfe-4016-bd9c-62ede5326bc7,short,transient,SUCCEEDED,2,ACKED,2026-10-01T00:06:11.705954Z,2026-10-01T00:06:46.252480Z,2026-10-01T00:06:46.283076Z,34546.5,30.6
f95b1a30-1234-4189-a487-6a632b1e80a4,short,transient,SUCCEEDED,1,NACKED,2026-10-01T00:06:06.221046Z,2026-10-01T00:06:10.847318Z,2026-10-01T00:06:10.892933Z,4626.3,45.6
f95b1a30-1234-4189-a487-6a632b1e80a4,short,transient,SUCCEEDED,2,ACKED,2026-10-01T00:06:11.480933Z,2026-10-01T00:06:46.206732Z,2026-10-01T00:06:46.251974Z,34725.8,45.2
1efb6f59-8ec7-433a-8021-c9a6eb1396ba,medium,none,SUCCEEDED,1,ACKED,2026-10-01T00:06:06.215534Z,2026-10-01T00:06:10.719648Z,2026-10-01T00:06:10.923201Z,4504.1,203.6
662fdb21-9274-4db3-9b33-5630ae373af5,short,none,SUCCEEDED,1,ACKED,2026-10-01T00:06:06.221046Z,2026-10-01T00:06:10.878368Z,2026-10-01T00:06:10.923201Z,4657.3,44.8
84b2b4fb-d4a6-4612-b7d1-f51999fa872f,short,none,SUCCEEDED,1,ACKED,2026-10-01T00:06:06.225551Z,2026-10-01T00:06:11.000458Z,2026-10-01T00:06:11.046811Z,4774.9,46.4
db0f0e8c-b573-409d-b29f-a3d75196a7e6,long,none,SUCCEEDED,1,ACKED,2026-10-01T00:06:06.221046Z,2026-10-01T00:06:10.830536Z,2026-10-01T00:06:12.768017Z,4609.5,1937.5
29903e10-1136-4b33-b261-f115213cb6a6,short,none,SUCCEEDED,1,ACKED,2026-10-01T00:06:06.221046Z,2026-10-01T00:06:10.766927Z,2026-10-01T00:06:10.813526Z,4545.9,46.6
fd5c8b0b-8202-415a-a809-45ceee43b791,short,none,SUCCEEDED,1,ACKED,2026-10-01T00:06:06.225551Z,2026-10-01T00:06:10.969413Z,2026-10-01T00:06:11.014275Z,4743.9,44.9
4c1a19b8-bcbd-4cdc-9236-82f679cd2b84,short,none,SUCCEEDED,1,ACKED,2026-10-01T00:06:06.230554Z,2026-10-01T00:06:11.015279Z,2026-10-01T00:06:11.046811Z,4784.7,31.5
453f4fae-3a5c-4435-b732-605ad9da8efe,short,none,SUCCEEDED,1,ACKED,2026-10-01T00:06:06.225551Z,2026-10-01T00:06:10.924196Z,2026-10-01T00:06:10.968408Z,4698.6,44.2
6a3cc7f4-73ab-4be8-be61-1ff52c94627f,medium,none,SUCCEEDED,1,ACKED,2026-10-01T00:06:06.221046Z,2026-10-01T00:06:10.766927Z,2026-10-01T00:06:10.907678Z,4545.9,140.8
1faad345-129f-48c0-95b1-d051c6d9fd79,medium,none,SUCCEEDED,1,ACKED,2026-10-01T00:06:06.225551Z,2026-10-01T00:06:10.924196Z,2026-10-01T00:06:11.139524Z,4698.6,215.3
dad9dbc5-4a80-483f-8c39-14316b48806c,short,none,SUCCEEDED,1,ACKED,2026-10-01T00:06:06.230554Z,2026-10-01T00:06:11.108984Z,2026-10-01T00:06:11.154677Z,4878.4,45.7
12882d42-d7de-461c-a97c-e40e974dcdba,short,none,SUCCEEDED,1,ACKED,2026-10-01T00:06:06.225551Z,2026-10-01T00:06:10.969413Z,2026-10-01T00:06:11.030821Z,4743.9,61.4
617f2212-fc6a-4114-aa14-a94205e6cb4b,short,none,SUCCEEDED,1,ACKED,2026-10-01T00:06:06.225551Z,2026-10-01T00:06:10.924196Z,2026-10-01T00:06:10.968408Z,4698.6,44.2
891c8182-d0a0-4d68-8f00-f95e87f0d60e,short,none,SUCCEEDED,1,ACKED,2026-10-01T00:06:06.230554Z,2026-10-01T00:06:11.047807Z,2026-10-01T00:06:11.077379Z,4817.3,29.6
295299a6-fe6f-47f1-8d76-1838126ad959,short,none,SUCCEEDED,1,ACKED,2026-10-01T00:06:06.236179Z,2026-10-01T00:06:11.187737Z,2026-10-01T00:06:11.218297Z,4951.6,30.6
94e077de-be77-48e1-82ca-f796af008264,medium,none,SUCCEEDED,1,ACKED,2026-10-01T00:06:06.230554Z,2026-10-01T00:06:11.047807Z,2026-10-01T00:06:11.280125Z,4817.3,232.3
746af088-389c-4aee-b49c-39b1eb7865ec,short,transient,SUCCEEDED,1,NACKED,2026-10-01T00:06:06.225551Z,2026-10-01T00:06:10.908681Z,2026-10-01T00:06:10.923201Z,4683.1,14.5
746af088-389c-4aee-b49c-39b1eb7865ec,short,transient,SUCCEEDED,2,ACKED,2026-10-01T00:06:11.837201Z,2026-10-01T00:06:46.283580Z,2026-10-01T00:06:46.298480Z,34446.4,14.9
05dcea03-acf3-4b4f-8319-411c323e9976,medium,none,SUCCEEDED,1,ACKED,2026-10-01T00:06:06.230554Z,2026-10-01T00:06:11.031775Z,2026-10-01T00:06:11.233421Z,4801.2,201.6
d0c1dc7b-877a-464c-83c6-e550866f7c43,short,permanent,FAILED,1,NACKED,2026-10-01T00:06:06.236179Z,2026-10-01T00:06:11.155675Z,2026-10-01T00:06:11.186729Z,4919.5,31.1
8711e504-fb5c-4462-80a1-bcb8a5f181ec,medium,none,SUCCEEDED,1,ACKED,2026-10-01T00:06:06.230554Z,2026-10-01T00:06:11.078947Z,2026-10-01T00:06:11.389626Z,4848.4,310.7
6c6f866c-37fb-49b9-b928-e4f653edafe6,short,none,SUCCEEDED,1,ACKED,2026-10-01T00:06:06.230554Z,2026-10-01T00:06:11.078947Z,2026-10-01T00:06:11.107981Z,4848.4,29.0
4422c95c-a7d0-4be9-92d2-bc910e95908e,medium,none,SUCCEEDED,1,ACKED,2026-10-01T00:06:06.236179Z,2026-10-01T00:06:11.249698Z,2026-10-01T00:06:11.544625Z,5013.5,294.9
51b8a415-1d5f-416c-aef5-88dae5bac360,medium,none,SUCCEEDED,1,ACKED,2026-10-01T00:06:06.241179Z,2026-10-01T00:06:11.296665Z,2026-10-01T00:06:11.513476Z,5055.5,216.8
d13f3204-ebe9-4af4-9f55-374701f4da1e,short,none,SUCCEEDED,1,ACKED,2026-10-01T00:06:06.236179Z,2026-10-01T00:06:11.234553Z,2026-10-01T00:06:11.264102Z,4998.4,29.5
e2b08c2d-8701-4dd4-a6ce-b6e17f541788,short,none,SUCCEEDED,1,ACKED,2026-10-01T00:06:06.230554Z,2026-10-01T00:06:11.031775Z,2026-10-01T00:06:11.077379Z,4801.2,45.6
145d9b2d-5720-4ff3-8286-c3f35a4cfae0,short,none,SUCCEEDED,1,ACKED,2026-10-01T00:06:06.236179Z,2026-10-01T00:06:11.219296Z,2026-10-01T00:06:11.248484Z,4983.1,29.2
9ff53ac2-fd55-446d-8098-b81cfde79c66,medium,none,SUCCEEDED,1,ACKED,2026-10-01T00:06:06.241179Z,2026-10-01T00:06:11.249698Z,2026-10-01T00:06:11.482812Z,5008.5,233.1
20a933f6-c1fc-4054-8127-25941ade3870,short,transient,SUCCEEDED,1,NACKED,2026-10-01T00:06:06.236179Z,2026-10-01T00:06:11.219296Z,2026-10-01T00:06:11.248484Z,4983.1,29.2
20a933f6-c1fc-4054-8127-25941ade3870,short,transient,SUCCEEDED,2,ACKED,2026-10-01T00:06:11.963484Z,2026-10-01T00:06:46.299484Z,2026-10-01T00:06:46.329334Z,34336.0,29.9
cd45278c-6724-4536-8457-0c04da0499bb,short,transient,SUCCEEDED,1,NACKED,2026-10-01T00:06:06.236179Z,2026-10-01T00:06:11.188735Z,2026-10-01T00:06:11.218297Z,4952.6,29.6
cd45278c-6724-4536-8457-0c04da0499bb,short,transient,SUCCEEDED,2,ACKED,2026-10-01T00:06:11.843297Z,2026-10-01T00:06:46.283580Z,2026-10-01T00:06:46.313366Z,34440.3,29.8
464f3276-0c44-4666-8634-b68d8f1215a3,short,none,SUCCEEDED,1,ACKED,2026-10-01T00:06:06.241179Z,2026-10-01T00:06:11.328630Z,2026-10-01T00:06:11.358915Z,5087.5,30.3
0d9d9022-470f-4eec-9ed7-71d0ff5eeb66,short,none,SUCCEEDED,1,ACKED,2026-10-01T00:06:06.246185Z,2026-10-01T00:06:11.624457Z,2026-10-01T00:06:11.670009Z,5378.3,45.6
25a390f7-b50e-45ef-9690-afb01aa8c04a,medium,none,SUCCEEDED,1,ACKED,2026-10-01T00:06:06.241179Z,2026-10-01T00:06:11.359914Z,2026-10-01T00:06:11.623450Z,5118.7,263.5
c28b85fd-1875-4d80-9607-5c913a6ae60b,short,none,SUCCEEDED,1,ACKED,2026-10-01T00:06:06.236179Z,2026-10-01T00:06:11.140156Z,2026-10-01T00:06:11.186729Z,4904.0,46.6
b6243a74-4243-49ad-9723-5810c3e15d18,short,transient,SUCCEEDED,1,NACKED,2026-10-01T00:06:06.241179Z,2026-10-01T00:06:11.483409Z,2026-10-01T00:06:11.528988Z,5242.2,45.6
b6243a74-4243-49ad-9723-5810c3e15d18,short,transient,SUCCEEDED,2,ACKED,2026-10-01T00:06:12.238988Z,2026-10-01T00:06:46.330333Z,2026-10-01T00:06:46.375957Z,34091.3,45.6
c3fc0d12-2880-4bd8-ba4f-5f64fbeee950,short,none,SUCCEEDED,1,ACKED,2026-10-01T00:06:06.246714Z,2026-10-01T00:06:11.608661Z,2026-10-01T00:06:11.670009Z,5361.9,61.3
e3be8bdd-19d4-4d86-ad84-8feb1445e8f0,short,none,SUCCEEDED,1,ACKED,2026-10-01T00:06:06.241179Z,2026-10-01T00:06:11.265103Z,2026-10-01T00:06:11.295664Z,5023.9,30.6
60243839-1df4-4040-b750-920c9caa9e94,medium,none,SUCCEEDED,1,ACKED,2026-10-01T00:06:06.241179Z,2026-10-01T00:06:11.391134Z,2026-10-01T00:06:11.639470Z,5150.0,248.3
c2f5e0e9-be7c-437a-a533-4dd1fb544842,short,transient,SUCCEEDED,1,NACKED,2026-10-01T00:06:06.246714Z,2026-10-01T00:06:11.514477Z,2026-10-01T00:06:11.560295Z,5267.8,45.8
c2f5e0e9-be7c-437a-a533-4dd1fb544842,short,transient,SUCCEEDED,2,ACKED,2026-10-01T00:06:12.184295Z,2026-10-01T00:06:46.314643Z,2026-10-01T00:06:46.360672Z,34130.3,46.0
1a8d20b5-d472-4a3c-842b-f7b382099e8b,long,none,SUCCEEDED,1,ACKED,2026-10-01T00:06:06.250927Z,2026-10-01T00:06:11.733290Z,2026-10-01T00:06:13.343542Z,5482.4,1610.3
205773b0-d03c-4b8f-bb7f-28ee48f20fbb,long,none,SUCCEEDED,1,ACKED,2026-10-01T00:06:06.246185Z,2026-10-01T00:06:11.529570Z,2026-10-01T00:06:13.141899Z,5283.4,1612.3
74ccf6aa-d0e9-4392-a65d-85f99c7ae85c,short,none,SUCCEEDED,1,ACKED,2026-10-01T00:06:06.241179Z,2026-10-01T00:06:11.281126Z,2026-10-01T00:06:11.327630Z,5039.9,46.5
eb053a16-e0b5-4018-ad48-e5c502b0de98,short,none,SUCCEEDED,1,ACKED,2026-10-01T00:06:06.246714Z,2026-10-01T00:06:11.545250Z,2026-10-01T00:06:11.592322Z,5298.5,47.1
1f9354eb-6a89-41d3-805b-96c3bf72302a,short,none,SUCCEEDED,1,ACKED,2026-10-01T00:06:06.250927Z,2026-10-01T00:06:11.671017Z,2026-10-01T00:06:11.700888Z,5420.1,29.9
87bcf727-8bc6-4cd2-b737-6f16170c7dd8,short,none,SUCCEEDED,1,ACKED,2026-10-01T00:06:06.250927Z,2026-10-01T00:06:11.717254Z,2026-10-01T00:06:11.747823Z,5466.3,30.6
9bddfdde-473b-4614-9ebb-f6dc9fb9973a,short,none,SUCCEEDED,1,ACKED,2026-10-01T00:06:06.246185Z,2026-10-01T00:06:11.561292Z,2026-10-01T00:06:11.607656Z,5315.1,46.4
0796c9d5-2e89-49c3-901a-54fdc1f03de9,short,none,SUCCEEDED,1,ACKED,2026-10-01T00:06:06.252605Z,2026-10-01T00:06:11.749444Z,2026-10-01T00:06:11.811190Z,5496.8,61.7
48b281a2-8d03-4660-981c-a0362c386e2e,short,transient,SUCCEEDED,1,NACKED,2026-10-01T00:06:06.255755Z,2026-10-01T00:06:11.859039Z,2026-10-01T00:06:11.904655Z,5603.3,45.6
48b281a2-8d03-4660-981c-a0362c386e2e,short,transient,SUCCEEDED,2,ACKED,2026-10-01T00:06:12.726655Z,2026-10-01T00:06:46.376461Z,2026-10-01T00:06:46.422592Z,33649.8,46.1
5d1ca235-a289-4245-beed-bce254f06c18,short,transient,SUCCEEDED,1,NACKED,2026-10-01T00:06:06.250927Z,2026-10-01T00:06:11.671017Z,2026-10-01T00:06:11.716255Z,5420.1,45.2
5d1ca235-a289-4245-beed-bce254f06c18,short,transient,SUCCEEDED,2,ACKED,2026-10-01T00:06:12.701255Z,2026-10-01T00:06:46.361673Z,2026-10-01T00:06:46.407160Z,33660.4,45.5
3ffe7d06-4fcc-42aa-a32c-d03ca6df7da8,medium,none,SUCCEEDED,1,ACKED,2026-10-01T00:06:06.246185Z,2026-10-01T00:06:11.593327Z,2026-10-01T00:06:11.794652Z,5347.1,201.3
dc5cd775-08aa-4d10-baa2-5b65bf12cb8b,medium,none,SUCCEEDED,1,ACKED,2026-10-01T00:06:06.250927Z,2026-10-01T00:06:11.671017Z,2026-10-01T00:06:11.967538Z,5420.1,296.5
905a96fc-1e4c-4d8e-b687-36cbc57c2d3f,short,none,SUCCEEDED,1,ACKED,2026-10-01T00:06:06.255755Z,2026-10-01T00:06:11.890115Z,2026-10-01T00:06:11.936745Z,5634.4,46.6
45cd042e-cfff-4c71-ac42-a4555c77b674,short,none,SUCCEEDED,1,ACKED,2026-10-01T00:06:06.255755Z,2026-10-01T00:06:11.795658Z,2026-10-01T00:06:11.826360Z,5539.9,30.7
4366b0a7-652a-4671-b5ff-18599f5b8dad,short,none,SUCCEEDED,1,ACKED,2026-10-01T00:06:06.250927Z,2026-10-01T00:06:11.640467Z,2026-10-01T00:06:11.670009Z,5389.5,29.5
9b5cbc8c-a4b0-4c3e-9278-ce3538a95286,short,none,SUCCEEDED,1,ACKED,2026-10-01T00:06:06.258762Z,2026-10-01T00:06:11.938002Z,2026-10-01T00:06:11.983096Z,5679.2,45.1
351332b1-1243-476a-8519-88652075d60a,medium,none,SUCCEEDED,1,ACKED,2026-10-01T00:06:06.259764Z,2026-10-01T00:06:12.031221Z,2026-10-01T00:06:12.217702Z,5771.5,186.5
d0be5911-9d84-4b41-8ded-f0e222dc7a1d,short,none,SUCCEEDED,1,ACKED,2026-10-01T00:06:06.255755Z,2026-10-01T00:06:11.859039Z,2026-10-01T00:06:11.889107Z,5603.3,30.1
8f35b5e7-3056-48d7-8390-7c3e718c2995,short,none,SUCCEEDED,1,ACKED,2026-10-01T00:06:06.250927Z,2026-10-01T00:06:11.701896Z,2026-10-01T00:06:11.732281Z,5451.0,30.4
de0730bb-dde1-449b-80db-f7673d3a88a4,short,none,SUCCEEDED,1,ACKED,2026-10-01T00:06:06.255755Z,2026-10-01T00:06:11.812846Z,2026-10-01T00:06:11.857622Z,5557.1,44.8
5330ad40-b7b9-4b97-abbf-2fd014e25a14,short,none,SUCCEEDED,1,ACKED,2026-10-01T00:06:06.259764Z,2026-10-01T00:06:12.173467Z,2026-10-01T00:06:12.217702Z,5913.7,44.2
a40332a0-f757-471f-a860-0f0b562c0b79,medium,none,SUCCEEDED,1,ACKED,2026-10-01T00:06:06.259764Z,2026-10-01T00:06:11.969180Z,2026-10-01T00:06:12.171470Z,5709.4,202.3
b5f5b236-5bf4-403d-8d02-8e1bca50a372,short,none,SUCCEEDED,1,ACKED,2026-10-01T00:06:06.255755Z,2026-10-01T00:06:11.906156Z,2026-10-01T00:06:11.936745Z,5650.4,30.6
a7328184-3c17-49b8-a8d7-efb12c4c2b46,short,none,SUCCEEDED,1,ACKED,2026-10-01T00:06:06.262763Z,2026-10-01T00:06:12.218700Z,2026-10-01T00:06:12.249254Z,5955.9,30.6
72fc4d58-2813-4789-ae72-333e40f80202,short,none,SUCCEEDED,1,ACKED,2026-10-01T00:06:06.262763Z,2026-10-01T00:06:12.172468Z,2026-10-01T00:06:12.202023Z,5909.7,29.6
8a7c3538-fe20-4b78-8bbb-0e7f15d8d5c9,short,none,SUCCEEDED,1,ACKED,2026-10-01T00:06:06.259764Z,2026-10-01T00:06:12.125106Z,2026-10-01T00:06:12.171470Z,5865.3,46.4
7059455d-4fdb-40c0-ac28-41fe23868482,short,none,SUCCEEDED,1,ACKED,2026-10-01T00:06:06.255755Z,2026-10-01T00:06:11.827869Z,2026-10-01T00:06:11.857622Z,5572.1,29.8
1d1f5305-2fc2-4001-9fe9-c6881103963a,short,none,SUCCEEDED,1,ACKED,2026-10-01T00:06:06.258762Z,2026-10-01T00:06:12.094237Z,2026-10-01T00:06:12.124103Z,5835.5,29.9
33534c2e-64c0-43a3-b8de-6dab676e7857,short,none,SUCCEEDED,1,ACKED,2026-10-01T00:06:06.262763Z,2026-10-01T00:06:12.203030Z,2026-10-01T00:06:12.249254Z,5940.3,46.2
a1eca533-6232-4708-92a3-60c8d5b07ab4,medium,none,SUCCEEDED,1,ACKED,2026-10-01T00:06:06.262763Z,2026-10-01T00:06:12.203030Z,2026-10-01T00:06:12.390323Z,5940.3,187.3
81456a51-477f-4e3f-a854-e0f38998bd1c,medium,none,SUCCEEDED,1,ACKED,2026-10-01T00:06:06.258762Z,2026-10-01T00:06:11.938002Z,2026-10-01T00:06:12.202023Z,5679.2,264.0
ed371d78-9f58-4782-a42d-059ecd588a76,long,none,SUCCEEDED,1,ACKED,2026-10-01T00:06:06.266271Z,2026-10-01T00:06:12.359276Z,2026-10-01T00:06:13.499565Z,6093.0,1140.3
bd3a16ca-3ebe-47d1-997f-b5fda5a81f04,short,none,SUCCEEDED,1,ACKED,2026-10-01T00:06:06.266271Z,2026-10-01T00:06:12.297047Z,2026-10-01T00:06:12.342104Z,6030.8,45.1
4fa2b5ae-c2bf-443d-8684-96fd0943b310,short,none,SUCCEEDED,1,ACKED,2026-10-01T00:06:06.262763Z,2026-10-01T00:06:12.250382Z,2026-10-01T00:06:12.296042Z,5987.6,45.7
05a2c661-b907-4f0f-8974-eeced73e2dad,short,none,SUCCEEDED,1,ACKED,2026-10-01T00:06:06.258762Z,2026-10-01T00:06:11.984614Z,2026-10-01T00:06:12.030298Z,5725.9,45.7
542136d9-0988-4664-83fb-c352b563cc63,short,none,SUCCEEDED,1,ACKED,2026-10-01T00:06:06.262763Z,2026-10-01T00:06:12.250382Z,2026-10-01T00:06:12.296042Z,5987.6,45.7
037f9fd0-8a11-4681-a2e8-3659f240594e,short,none,SUCCEEDED,1,ACKED,2026-10-01T00:06:06.266271Z,2026-10-01T00:06:12.390922Z,2026-10-01T00:06:12.437293Z,6124.7,46.4
fe9e2232-9ff7-4a99-9a9c-28d3de2ecc18,short,none,SUCCEEDED,1,ACKED,2026-10-01T00:06:06.266271Z,2026-10-01T00:06:12.297047Z,2026-10-01T00:06:12.357770Z,6030.8,60.7
b33418d2-d9bc-48fe-8b54-ee25d8dc7f17,short,none,SUCCEEDED,1,ACKED,2026-10-01T00:06:06.262763Z,2026-10-01T00:06:12.250382Z,2026-10-01T00:06:12.296042Z,5987.6,45.7
cac22a03-4f00-413f-b768-57d442e32dd0,short,none,SUCCEEDED,1,ACKED,2026-10-01T00:06:06.271874Z,2026-10-01T00:06:12.486258Z,2026-10-01T00:06:12.532317Z,6214.4,46.1
29028023-6e64-4641-baf7-3d5947ee1a48,medium,none,SUCCEEDED,1,ACKED,2026-10-01T00:06:06.271874Z,2026-10-01T00:06:12.517805Z,2026-10-01T00:06:12.656813Z,6245.9,139.0
92e811fa-dba1-4443-8423-cebeed6ac53e,medium,none,SUCCEEDED,1,ACKED,2026-10-01T00:06:06.266271Z,2026-10-01T00:06:12.342743Z,2026-10-01T00:06:12.453833Z,6076.5,111.1
aacf67a6-e782-4dbf-a8b2-9c56f59450bb,short,none,SUCCEEDED,1,ACKED,2026-10-01T00:06:06.262763Z,2026-10-01T00:06:12.218700Z,2026-10-01T00:06:12.249254Z,5955.9,30.6
b395beee-ae77-4299-b83e-686e8de06806,short,none,SUCCEEDED,1,ACKED,2026-10-01T00:06:06.266271Z,2026-10-01T00:06:12.391927Z,2026-10-01T00:06:12.421263Z,6125.7,29.3
82d96773-567e-47bb-973a-a75c2837cfc9,short,none,SUCCEEDED,1,ACKED,2026-10-01T00:06:06.271874Z,2026-10-01T00:06:12.438295Z,2026-10-01T00:06:12.453833Z,6166.4,15.5
1d46ce41-4ca4-44a4-8a67-97814881cf7d,short,none,SUCCEEDED,1,ACKED,2026-10-01T00:06:06.271874Z,2026-10-01T00:06:12.470193Z,2026-10-01T00:06:12.516795Z,6198.3,46.6
914fb950-83c8-49cb-a814-4944b5699ea4,short,none,SUCCEEDED,1,ACKED,2026-10-01T00:06:06.266271Z,2026-10-01T00:06:12.342743Z,2026-10-01T00:06:12.390323Z,6076.5,47.6
baee6080-422f-428c-a918-0d01e253e5fe,short,none,SUCCEEDED,1,ACKED,2026-10-01T00:06:06.276730Z,2026-10-01T00:06:12.769025Z,2026-10-01T00:06:12.798762Z,6492.3,29.7
21836084-b873-4982-8aaf-874ce7ae3c99,short,none,SUCCEEDED,1,ACKED,2026-10-01T00:06:06.276730Z,2026-10-01T00:06:12.657813Z,2026-10-01T00:06:12.688560Z,6381.1,30.7
ad2f7f85-8dad-40ef-9fb6-0ae1396abd90,short,none,SUCCEEDED,1,ACKED,2026-10-01T00:06:06.271874Z,2026-10-01T00:06:12.533917Z,2026-10-01T00:06:12.547983Z,6262.0,14.1
724711ee-4c6d-49d7-981b-89ea1519782e,short,none,SUCCEEDED,1,ACKED,2026-10-01T00:06:06.266271Z,2026-10-01T00:06:12.297047Z,2026-10-01T00:06:12.342104Z,6030.8,45.1
6e529c11-1933-4f18-9929-d71738c10030,short,none,SUCCEEDED,1,ACKED,2026-10-01T00:06:06.271874Z,2026-10-01T00:06:12.422778Z,2026-10-01T00:06:12.469189Z,6150.9,46.4
82c7e3ff-a913-4be9-9ac1-c041b4cb9088,short,none,SUCCEEDED,1,ACKED,2026-10-01T00:06:06.276730Z,2026-10-01T00:06:12.689136Z,2026-10-01T00:06:12.705160Z,6412.4,16.0
435c9bd8-833e-4060-a5c2-d81a71a06b16,medium,none,SUCCEEDED,1,ACKED,2026-10-01T00:06:06.276730Z,2026-10-01T00:06:12.580155Z,2026-10-01T00:06:12.846227Z,6303.4,266.1
9b62ac25-a55c-40bc-9f2c-611892a46d40,short,transient,DEAD_LETTER,1,NACKED,2026-10-01T00:06:06.271874Z,2026-10-01T00:06:12.454841Z,2026-10-01T00:06:12.485247Z,6183.0,30.4
9b62ac25-a55c-40bc-9f2c-611892a46d40,short,transient,DEAD_LETTER,2,NACKED,2026-10-01T00:06:13.077247Z,2026-10-01T00:06:46.376461Z,2026-10-01T00:06:46.407160Z,33299.2,30.7
9b62ac25-a55c-40bc-9f2c-611892a46d40,short,transient,DEAD_LETTER,3,NACKED,2026-10-01T00:06:47.628160Z,2026-10-01T00:06:48.618630Z,2026-10-01T00:06:48.650037Z,990.5,31.4
94f8d57d-4e41-44c2-a107-ce8b19259980,short,none,SUCCEEDED,1,ACKED,2026-10-01T00:06:06.281255Z,2026-10-01T00:06:12.941734Z,2026-10-01T00:06:13.002724Z,6660.5,61.0
6460b915-7fc9-4b65-a5d4-bad34b186f32,short,none,SUCCEEDED,1,ACKED,2026-10-01T00:06:06.281255Z,2026-10-01T00:06:12.894003Z,2026-10-01T00:06:12.940227Z,6612.7,46.2
9b47613d-f4f6-4f74-9c48-2b57fbd16d14,medium,none,SUCCEEDED,1,ACKED,2026-10-01T00:06:06.276730Z,2026-10-01T00:06:12.689136Z,2026-10-01T00:06:12.987214Z,6412.4,298.1
6ab0250e-5bcb-4cda-8f97-6938d54559ce,medium,none,SUCCEEDED,1,ACKED,2026-10-01T00:06:06.271874Z,2026-10-01T00:06:12.454841Z,2026-10-01T00:06:12.688560Z,6183.0,233.7
5dd8a544-548d-4f18-8b83-a3e641e7e281,short,none,SUCCEEDED,1,ACKED,2026-10-01T00:06:06.276730Z,2026-10-01T00:06:12.548623Z,2026-10-01T00:06:12.578649Z,6271.9,30.0
3fa36525-873d-412c-9ae3-064fda2a47ab,short,none,SUCCEEDED,1,ACKED,2026-10-01T00:06:06.281255Z,2026-10-01T00:06:12.957635Z,2026-10-01T00:06:13.018653Z,6676.4,61.0
7616af30-a5a5-4b93-a654-e36a79985ef8,short,none,SUCCEEDED,1,ACKED,2026-10-01T00:06:06.281255Z,2026-10-01T00:06:12.878487Z,2026-10-01T00:06:12.908513Z,6597.2,30.0
171e7ae4-7e48-4e34-8844-8373685b4509,medium,none,SUCCEEDED,1,ACKED,2026-10-01T00:06:06.276730Z,2026-10-01T00:06:12.706165Z,2026-10-01T00:06:12.956045Z,6429.4,249.9
7b9c4334-2bbc-4bf4-ad29-7877332bd7bf,short,none,SUCCEEDED,1,ACKED,2026-10-01T00:06:06.286124Z,2026-10-01T00:06:13.143403Z,2026-10-01T00:06:13.172628Z,6857.3,29.2
d17dcc0d-482b-49c5-8804-8069ba4b9103,short,none,SUCCEEDED,1,ACKED,2026-10-01T00:06:06.286124Z,2026-10-01T00:06:13.003729Z,2026-10-01T00:06:13.048874Z,6717.6,45.1
e9eb68d4-19e5-4940-86c9-eb01ae60842e,short,none,SUCCEEDED,1,ACKED,2026-10-01T00:06:06.281255Z,2026-10-01T00:06:12.846944Z,2026-10-01T00:06:12.892998Z,6565.7,46.1
83e75df9-a561-4076-ad17-825242a40e29,long,none,SUCCEEDED,1,ACKED,2026-10-01T00:06:06.276730Z,2026-10-01T00:06:12.798762Z,2026-10-01T00:06:14.014508Z,6522.0,1215.7
86933856-e6b8-4acc-89ad-3af2753e1dec,medium,none,SUCCEEDED,1,ACKED,2026-10-01T00:06:06.281255Z,2026-10-01T00:06:12.910309Z,2026-10-01T00:06:13.079422Z,6629.1,169.1
5fb9d280-5bc6-44c6-8b12-af962d999c0c,medium,transient,SUCCEEDED,1,NACKED,2026-10-01T00:06:06.286124Z,2026-10-01T00:06:13.110352Z,2026-10-01T00:06:13.328017Z,6824.2,217.7
5fb9d280-5bc6-44c6-8b12-af962d999c0c,medium,transient,SUCCEEDED,2,ACKED,2026-10-01T00:06:13.972017Z,2026-10-01T00:06:46.408059Z,2026-10-01T00:06:46.625388Z,32436.0,217.3
3cd23de7-7d57-44ae-98bf-546e981c5190,medium,none,SUCCEEDED,1,ACKED,2026-10-01T00:06:06.286124Z,2026-10-01T00:06:12.988215Z,2026-10-01T00:06:13.141899Z,6702.1,153.7
847ca68f-34f9-4474-a616-dbd4b1679d1d,short,none,SUCCEEDED,1,ACKED,2026-10-01T00:06:06.281255Z,2026-10-01T00:06:12.830701Z,2026-10-01T00:06:12.846227Z,6549.4,15.5
468069a0-7348-4ee7-95dc-d8178672897f,short,none,SUCCEEDED,1,ACKED,2026-10-01T00:06:06.290395Z,2026-10-01T00:06:13.204140Z,2026-10-01T00:06:13.250193Z,6913.7,46.1
1a34fbc2-f7b2-4ce2-8b01-61c61f847f30,long,none,SUCCEEDED,1,ACKED,2026-10-01T00:06:06.290395Z,2026-10-01T00:06:13.173628Z,2026-10-01T00:06:14.324939Z,6883.2,1151.3
1fd66993-2511-4c22-b1a9-66151030e7d2,short,transient,SUCCEEDED,1,NACKED,2026-10-01T00:06:06.286124Z,2026-10-01T00:06:13.143403Z,2026-10-01T00:06:13.203140Z,6857.3,59.7
1fd66993-2511-4c22-b1a9-66151030e7d2,short,transient,SUCCEEDED,2,ACKED,2026-10-01T00:06:13.716140Z,2026-10-01T00:06:46.408059Z,2026-10-01T00:06:46.468421Z,32691.9,60.4
7c339199-aa6c-4d4a-b0cf-2ec48763f867,short,transient,SUCCEEDED,1,NACKED,2026-10-01T00:06:06.281255Z,2026-10-01T00:06:12.846944Z,2026-10-01T00:06:12.877483Z,6565.7,30.5
7c339199-aa6c-4d4a-b0cf-2ec48763f867,short,transient,SUCCEEDED,2,NACKED,2026-10-01T00:06:13.669483Z,2026-10-01T00:06:46.376461Z,2026-10-01T00:06:46.407160Z,32707.0,30.7
7c339199-aa6c-4d4a-b0cf-2ec48763f867,short,transient,SUCCEEDED,3,ACKED,2026-10-01T00:06:47.818160Z,2026-10-01T00:06:48.634011Z,2026-10-01T00:06:48.665572Z,815.9,31.6
3fc58d64-8241-48a9-8c5a-065f93a11a5d,medium,none,SUCCEEDED,1,ACKED,2026-10-01T00:06:06.286124Z,2026-10-01T00:06:13.020168Z,2026-10-01T00:06:13.172628Z,6734.0,152.5
cf59604b-f569-40e4-9992-a0c2679be4b6,medium,none,SUCCEEDED,1,ACKED,2026-10-01T00:06:06.290395Z,2026-10-01T00:06:13.297697Z,2026-10-01T00:06:13.468538Z,7007.3,170.8
a9b8fe4e-4eea-4e75-8753-f2e31e220454,medium,none,SUCCEEDED,1,ACKED,2026-10-01T00:06:06.290395Z,2026-10-01T00:06:13.251195Z,2026-10-01T00:06:13.515071Z,6960.8,263.9
d02f4de1-73a4-45d5-a1b8-adafbd71ef3b,short,none,SUCCEEDED,1,ACKED,2026-10-01T00:06:06.286124Z,2026-10-01T00:06:13.049882Z,2026-10-01T00:06:13.110352Z,6763.8,60.5
bb8c3021-bc46-46f0-bd9c-7d90ebe49a70,short,none,SUCCEEDED,1,ACKED,2026-10-01T00:06:06.295394Z,2026-10-01T00:06:13.516077Z,2026-10-01T00:06:13.562291Z,7220.7,46.2
f7d9ef35-ace7-42c0-8c7b-ca8bdac8ba96,short,none,SUCCEEDED,1,ACKED,2026-10-01T00:06:06.295394Z,2026-10-01T00:06:13.546756Z,2026-10-01T00:06:13.562291Z,7251.4,15.5
54417ecc-37b6-477b-b42f-cde794e03647,short,none,SUCCEEDED,1,ACKED,2026-10-01T00:06:06.290395Z,2026-10-01T00:06:13.204140Z,2026-10-01T00:06:13.250193Z,6913.7,46.1
d40180ec-ca94-4e23-851e-a96c784b495f,long,none,SUCCEEDED,1,ACKED,2026-10-01T00:06:06.286124Z,2026-10-01T00:06:13.080420Z,2026-10-01T00:06:15.002244Z,6794.3,1921.8
5e87eb6d-a060-4792-a282-a527c2eaa383,short,none,SUCCEEDED,1,ACKED,2026-10-01T00:06:06.290395Z,2026-10-01T00:06:13.251195Z,2026-10-01T00:06:13.296699Z,6960.8,45.5
9da035df-73fd-497c-8d3d-74028847102e,short,none,SUCCEEDED,1,ACKED,2026-10-01T00:06:06.295394Z,2026-10-01T00:06:13.532098Z,2026-10-01T00:06:13.577810Z,7236.7,45.7
1c51747a-e01b-49b1-91e1-607afc768a7d,short,none,SUCCEEDED,1,ACKED,2026-10-01T00:06:06.295394Z,2026-10-01T00:06:13.500568Z,2026-10-01T00:06:13.530586Z,7205.2,30.0
db50857a-543c-4fc5-9d12-ba03313c684e,medium,none,SUCCEEDED,1,ACKED,2026-10-01T00:06:06.290395Z,2026-10-01T00:06:13.329015Z,2026-10-01T00:06:13.546116Z,7038.6,217.1
e7368d76-9ebd-4061-8194-5e6a49bc33c8,short,none,SUCCEEDED,1,ACKED,2026-10-01T00:06:06.301413Z,2026-10-01T00:06:13.687127Z,2026-10-01T00:06:13.732518Z,7385.7,45.4
191debbb-a2ff-49f9-8e90-cce4280fc179,short,none,SUCCEEDED,1,ACKED,2026-10-01T00:06:06.301413Z,2026-10-01T00:06:13.594986Z,2026-10-01T00:06:13.640407Z,7293.6,45.4
f5d5e548-9121-4f3a-a4ca-ac3b6444e7e9,medium,none,SUCCEEDED,1,ACKED,2026-10-01T00:06:06.295394Z,2026-10-01T00:06:13.532098Z,2026-10-01T00:06:13.748079Z,7236.7,216.0
c2e18181-370b-4c0b-96eb-b964977e96c1,short,none,SUCCEEDED,1,ACKED,2026-10-01T00:06:06.290395Z,2026-10-01T00:06:13.173628Z,2026-10-01T00:06:13.203140Z,6883.2,29.5
ea2c6fc6-d3d6-4f3f-8297-ce4850e0af8d,medium,transient,SUCCEEDED,1,NACKED,2026-10-01T00:06:06.295394Z,2026-10-01T00:06:13.516077Z,2026-10-01T00:06:13.732518Z,7220.7,216.4
ea2c6fc6-d3d6-4f3f-8297-ce4850e0af8d,medium,transient,SUCCEEDED,2,ACKED,2026-10-01T00:06:14.492518Z,2026-10-01T00:06:46.408059Z,2026-10-01T00:06:46.625388Z,31915.5,217.3
927712b6-3925-4918-8ee9-6ea511872a5e,medium,none,SUCCEEDED,1,ACKED,2026-10-01T00:06:06.301413Z,2026-10-01T00:06:13.641408Z,2026-10-01T00:06:13.920737Z,7340.0,279.3
61a38aaf-4f74-4eeb-9201-d1e1fbb7bddc,long,none,SUCCEEDED,1,ACKED,2026-10-01T00:06:06.301413Z,2026-10-01T00:06:13.563297Z,2026-10-01T00:06:14.715921Z,7261.9,1152.6
a38dd20c-0324-4d2a-b89a-14a786e11493,short,none,SUCCEEDED,1,ACKED,2026-10-01T00:06:06.295394Z,2026-10-01T00:06:13.469539Z,2026-10-01T00:06:13.515071Z,7174.1,45.5
68e17d75-090a-4886-b606-adebec1f7d88,short,none,SUCCEEDED,1,ACKED,2026-10-01T00:06:06.305425Z,2026-10-01T00:06:13.938309Z,2026-10-01T00:06:13.952533Z,7632.9,14.2
d985e59b-da89-487d-ac86-fb2c95e15ccf,short,transient,SUCCEEDED,1,NACKED,2026-10-01T00:06:06.305425Z,2026-10-01T00:06:13.748832Z,2026-10-01T00:06:13.778795Z,7443.4,30.0
d985e59b-da89-487d-ac86-fb2c95e15ccf,short,transient,SUCCEEDED,2,ACKED,2026-10-01T00:06:14.633795Z,2026-10-01T00:06:46.423096Z,2026-10-01T00:06:46.453367Z,31789.3,30.3
9d9bd19d-2641-4c14-8adc-dd5e41f0883c,short,none,SUCCEEDED,1,ACKED,2026-10-01T00:06:06.301413Z,2026-10-01T00:06:13.626653Z,2026-10-01T00:06:13.655434Z,7325.2,28.8
797a5a87-a1dd-4487-8747-b2b43379c121,medium,none,SUCCEEDED,1,ACKED,2026-10-01T00:06:06.295394Z,2026-10-01T00:06:13.345168Z,2026-10-01T00:06:13.530586Z,7049.8,185.4
3fe24fa1-abca-4219-841c-25b0dff0642d,short,none,SUCCEEDED,1,ACKED,2026-10-01T00:06:06.301413Z,2026-10-01T00:06:13.656432Z,2026-10-01T00:06:13.685987Z,7355.0,29.6
30f0a721-369e-487b-95f4-4d7baf786928,short,none,SUCCEEDED,1,ACKED,2026-10-01T00:06:06.305425Z,2026-10-01T00:06:13.779798Z,2026-10-01T00:06:13.825878Z,7474.4,46.1
fe96e236-d13e-4494-b4d3-db8e10aa6751,long,none,SUCCEEDED,1,ACKED,2026-10-01T00:06:06.305425Z,2026-10-01T00:06:13.825878Z,2026-10-01T00:06:15.218192Z,7520.5,1392.3
fd616553-2b6d-4163-a21e-d93f628b1f4d,short,none,SUCCEEDED,1,ACKED,2026-10-01T00:06:06.301413Z,2026-10-01T00:06:13.578816Z,2026-10-01T00:06:13.625646Z,7277.4,46.8
1d9395da-191b-40a6-ab91-079b6ea257f3,medium,none,SUCCEEDED,1,ACKED,2026-10-01T00:06:06.309940Z,2026-10-01T00:06:14.078254Z,2026-10-01T00:06:14.278695Z,7768.3,200.4
39930026-4573-4229-a7c7-474c91bf7cae,short,none,SUCCEEDED,1,ACKED,2026-10-01T00:06:06.309940Z,2026-10-01T00:06:14.015509Z,2026-10-01T00:06:14.077248Z,7705.6,61.7
6af49601-1059-42ad-ad30-d59352fd2eb3,short,none,SUCCEEDED,1,ACKED,2026-10-01T00:06:06.305425Z,2026-10-01T00:06:13.906189Z,2026-10-01T00:06:13.937301Z,7600.8,31.1
739d8f5f-a5a8-441f-91d2-347c5b65a80f,short,none,SUCCEEDED,1,ACKED,2026-10-01T00:06:06.301413Z,2026-10-01T00:06:13.563297Z,2026-10-01T00:06:13.593842Z,7261.9,30.5
61a85aab-cf81-426c-8dd0-1ff1189b99d2,medium,none,SUCCEEDED,1,ACKED,2026-10-01T00:06:06.305425Z,2026-10-01T00:06:13.734024Z,2026-10-01T00:06:13.905185Z,7428.6,171.2
27c9ecde-4698-4f0c-b3a7-567afd94acad,short,none,SUCCEEDED,1,ACKED,2026-10-01T00:06:06.309940Z,2026-10-01T00:06:14.110313Z,2026-10-01T00:06:14.140339Z,7800.4,30.0
7ebfb5f5-ce69-48cc-b8fe-52544802fe6e,medium,transient,SUCCEEDED,1,NACKED,2026-10-01T00:06:06.309940Z,2026-10-01T00:06:14.015509Z,2026-10-01T00:06:14.170590Z,7705.6,155.1
7ebfb5f5-ce69-48cc-b8fe-52544802fe6e,medium,transient,SUCCEEDED,2,ACKED,2026-10-01T00:06:14.696590Z,2026-10-01T00:06:46.423096Z,2026-10-01T00:06:46.578312Z,31726.5,155.2
bdd3a03b-c8c8-4801-8cf6-69620f4539cb,medium,none,SUCCEEDED,1,ACKED,2026-10-01T00:06:06.305425Z,2026-10-01T00:06:13.921739Z,2026-10-01T00:06:14.061207Z,7616.3,139.5
435f5f65-5297-447a-8e5d-23f5c4939c9d,short,none,SUCCEEDED,1,ACKED,2026-10-01T00:06:06.314939Z,2026-10-01T00:06:14.249248Z,2026-10-01T00:06:14.278695Z,7934.3,29.4
17feb93f-2058-43f5-8557-fece76a31902,short,none,SUCCEEDED,1,ACKED,2026-10-01T00:06:06.314939Z,2026-10-01T00:06:14.264934Z,2026-10-01T00:06:14.294366Z,7950.0,29.4
43a52a79-c4a0-439e-9ea5-814341173bbf,short,none,SUCCEEDED,1,ACKED,2026-10-01T00:06:06.309940Z,2026-10-01T00:06:14.141345Z,2026-10-01T00:06:14.201627Z,7831.4,60.3
dc17797d-dffb-467d-a02d-0cd23c951dd0,medium,none,SUCCEEDED,1,ACKED,2026-10-01T00:06:06.305425Z,2026-10-01T00:06:13.734024Z,2026-10-01T00:06:14.014508Z,7428.6,280.5
344b09b3-af6c-479b-b771-6c7b0c4cc5c5,short,none,SUCCEEDED,1,ACKED,2026-10-01T00:06:06.309940Z,2026-10-01T00:06:14.079261Z,2026-10-01T00:06:14.109314Z,7769.3,30.1
e7dee5cf-cc6c-4653-a26f-4b0fc4dfd3ea,medium,none,SUCCEEDED,1,ACKED,2026-10-01T00:06:06.314939Z,2026-10-01T00:06:14.278695Z,2026-10-01T00:06:14.529272Z,7963.8,250.6
f5584eb6-3ea1-48be-a018-8b25f160d701,medium,none,SUCCEEDED,1,ACKED,2026-10-01T00:06:06.314939Z,2026-10-01T00:06:14.171597Z,2026-10-01T00:06:14.294366Z,7856.7,122.8
8c9f37d6-da85-4281-aac6-108134392b67,medium,none,SUCCEEDED,1,ACKED,2026-10-01T00:06:06.309940Z,2026-10-01T00:06:13.953185Z,2026-10-01T00:06:14.186617Z,7643.2,233.4
cdac680d-7c15-4a39-8525-650dda879ed0,short,none,SUCCEEDED,1,ACKED,2026-10-01T00:06:06.319442Z,2026-10-01T00:06:14.294366Z,2026-10-01T00:06:14.357059Z,7974.9,62.7
1fd7a9a7-5dfd-4998-82e7-49d9eaaa33a7,short,none,SUCCEEDED,1,ACKED,2026-10-01T00:06:06.319442Z,2026-10-01T00:06:14.294366Z,2026-10-01T00:06:14.340960Z,7974.9,46.6
c251064a-d0ce-4254-8e01-a961e81a6c88,short,none,SUCCEEDED,1,ACKED,2026-10-01T00:06:06.314939Z,2026-10-01T00:06:14.278695Z,2026-10-01T00:06:14.294366Z,7963.8,15.7
aae67ce4-4250-4d65-bb08-940ffb7e7afd,short,permanent,FAILED,1,NACKED,2026-10-01T00:06:06.309940Z,2026-10-01T00:06:14.062718Z,2026-10-01T00:06:14.077248Z,7752.8,14.5
e1fce45b-0723-435a-977a-8d5be9339055,short,none,SUCCEEDED,1,ACKED,2026-10-01T00:06:06.314939Z,2026-10-01T00:06:14.202647Z,2026-10-01T00:06:14.248246Z,7887.7,45.6
e19e3338-efe8-4231-94d4-daa7d37bfbcb,short,transient,SUCCEEDED,1,NACKED,2026-10-01T00:06:06.321449Z,2026-10-01T00:06:14.357680Z,2026-10-01T00:06:14.420004Z,8036.2,62.3
e19e3338-efe8-4231-94d4-daa7d37bfbcb,short,transient,SUCCEEDED,2,ACKED,2026-10-01T00:06:15.010004Z,2026-10-01T00:06:46.454373Z,2026-10-01T00:06:46.515355Z,31444.4,61.0
cd68d01c-413d-4ce9-9cce-1201b30e6faf,short,none,SUCCEEDED,1,ACKED,2026-10-01T00:06:06.323448Z,2026-10-01T00:06:14.514551Z,2026-10-01T00:06:14.544790Z,8191.1,30.2
2b7890ca-fc63-43b0-a1b9-99bd7db523b7,short,none,SUCCEEDED,1,ACKED,2026-10-01T00:06:06.314939Z,2026-10-01T00:06:14.233681Z,2026-10-01T00:06:14.263271Z,7918.7,29.6
699097ee-940d-4fd7-88b6-5b52788b4236,short,none,SUCCEEDED,1,ACKED,2026-10-01T00:06:06.323448Z,2026-10-01T00:06:14.420004Z,2026-10-01T00:06:14.451072Z,8096.6,31.1
61bc971d-c890-4bd8-a3b1-935561950d00,short,transient,SUCCEEDED,1,NACKED,2026-10-01T00:06:06.323448Z,2026-10-01T00:06:14.483508Z,2026-10-01T00:06:14.513545Z,8160.1,30.0
61bc971d-c890-4bd8-a3b1-935561950d00,short,transient,SUCCEEDED,2,ACKED,2026-10-01T00:06:15.195545Z,2026-10-01T00:06:46.469422Z,2026-10-01T00:06:46.499347Z,31273.9,29.9
a0d6a607-2088-461d-85eb-b9296fc001ff,medium,none,SUCCEEDED,1,ACKED,2026-10-01T00:06:06.319442Z,2026-10-01T00:06:14.294366Z,2026-10-01T00:06:14.482507Z,7974.9,188.1
a7aba0e5-5047-46ed-b2aa-3e3ea2671831,short,none,SUCCEEDED,1,ACKED,2026-10-01T00:06:06.315940Z,2026-10-01T00:06:14.187625Z,2026-10-01T00:06:14.232679Z,7871.7,45.1
c4d9f698-2ad3-43ea-8ac1-3dd19fd55d5e,short,none,SUCCEEDED,1,ACKED,2026-10-01T00:06:06.319442Z,2026-10-01T00:06:14.341961Z,2026-10-01T00:06:14.357059Z,8022.5,15.1
2323d5e7-3a6b-4b5b-b888-3375d6b5ce52,long,none,SUCCEEDED,1,ACKED,2026-10-01T00:06:06.324448Z,2026-10-01T00:06:14.357680Z,2026-10-01T00:06:15.752597Z,8033.2,1394.9
0f3b00ef-17bb-4a28-9912-1b053f2cda56,short,none,SUCCEEDED,1,ACKED,2026-10-01T00:06:06.332464Z,2026-10-01T00:06:14.623061Z,2026-10-01T00:06:14.654124Z,8290.6,31.1
aa39be60-8364-4c91-af3f-d3ca6dcf7115,short,none,SUCCEEDED,1,ACKED,2026-10-01T00:06:06.319442Z,2026-10-01T00:06:14.325937Z,2026-10-01T00:06:14.357059Z,8006.5,31.1
83c193e5-6366-40b3-9d82-cc372fa23f90,long,none,SUCCEEDED,1,ACKED,2026-10-01T00:06:06.328452Z,2026-10-01T00:06:14.530256Z,2026-10-01T00:06:15.987452Z,8201.8,1457.2
1f417124-bc93-4bf4-90c9-218171558dfa,short,none,SUCCEEDED,1,ACKED,2026-10-01T00:06:06.328452Z,2026-10-01T00:06:14.623061Z,2026-10-01T00:06:14.669698Z,8294.6,46.6
a6493bf6-c6cd-457d-8dec-2891f993eeb4,short,none,SUCCEEDED,1,ACKED,2026-10-01T00:06:06.323448Z,2026-10-01T00:06:14.420004Z,2026-10-01T00:06:14.466615Z,8096.6,46.6
a3a21a72-3cb2-4b5b-9fe2-f9c8666e15ed,short,none,SUCCEEDED,1,ACKED,2026-10-01T00:06:06.319442Z,2026-10-01T00:06:14.357680Z,2026-10-01T00:06:14.388773Z,8038.2,31.1
1111d9bf-067d-4500-9bd4-c970ec98ec13,medium,none,SUCCEEDED,1,ACKED,2026-10-01T00:06:06.323448Z,2026-10-01T00:06:14.452580Z,2026-10-01T00:06:14.731945Z,8129.1,279.4
d3e31b2f-ed85-4fba-af83-f4c74bcdae4d,short,none,SUCCEEDED,1,ACKED,2026-10-01T00:06:06.328452Z,2026-10-01T00:06:14.592520Z,2026-10-01T00:06:14.623061Z,8264.1,30.5
10a3c442-660a-40c9-8ecb-db6bc5704e46,short,none,SUCCEEDED,1,ACKED,2026-10-01T00:06:06.336472Z,2026-10-01T00:06:14.924623Z,2026-10-01T00:06:14.970703Z,8588.2,46.1
415a1626-5121-48c3-96e2-db85535de94d,short,none,SUCCEEDED,1,ACKED,2026-10-01T00:06:06.323448Z,2026-10-01T00:06:14.390278Z,2026-10-01T00:06:14.420004Z,8066.8,29.7
18bcbfca-265e-4df6-9343-6b425089c084,short,transient,SUCCEEDED,1,NACKED,2026-10-01T00:06:06.332464Z,2026-10-01T00:06:14.892156Z,2026-10-01T00:06:14.923114Z,8559.7,31.0
18bcbfca-265e-4df6-9343-6b425089c084,short,transient,SUCCEEDED,2,ACKED,2026-10-01T00:06:15.743114Z,2026-10-01T00:06:46.500349Z,2026-10-01T00:06:46.530681Z,30757.2,30.3
fa8ad536-cdb9-4536-a6bd-9d8ec6db8245,short,none,SUCCEEDED,1,ACKED,2026-10-01T00:06:06.332464Z,2026-10-01T00:06:14.716919Z,2026-10-01T00:06:14.763979Z,8384.5,47.1
9d4fceee-53c6-436a-be99-843cf9788b28,short,transient,SUCCEEDED,1,NACKED,2026-10-01T00:06:06.328452Z,2026-10-01T00:06:14.531262Z,2026-10-01T00:06:14.559971Z,8202.8,28.7
9d4fceee-53c6-436a-be99-843cf9788b28,short,transient,SUCCEEDED,2,ACKED,2026-10-01T00:06:15.375971Z,2026-10-01T00:06:46.500349Z,2026-10-01T00:06:46.530681Z,31124.4,30.3
090e0321-f4eb-4651-8392-71ee6240a0b4,short,permanent,FAILED,1,NACKED,2026-10-01T00:06:06.323448Z,2026-10-01T00:06:14.467614Z,2026-10-01T00:06:14.529272Z,8144.2,61.7
5b23963e-8fc8-45eb-817f-956c1ea4a168,short,none,SUCCEEDED,1,ACKED,2026-10-01T00:06:06.328452Z,2026-10-01T00:06:14.576996Z,2026-10-01T00:06:14.623061Z,8248.5,46.1
65af2271-d36c-4662-823e-79ab40d5beb0,medium,none,SUCCEEDED,1,ACKED,2026-10-01T00:06:06.332464Z,2026-10-01T00:06:14.716919Z,2026-10-01T00:06:14.986219Z,8384.5,269.3
58257e79-1a4d-491b-b7c9-40afc920729a,short,none,SUCCEEDED,1,ACKED,2026-10-01T00:06:06.341110Z,2026-10-01T00:06:15.064949Z,2026-10-01T00:06:15.110132Z,8723.8,45.2
bccf1b77-34e2-41b9-97a5-d9837eaa3e10,short,none,SUCCEEDED,1,ACKED,2026-10-01T00:06:06.328452Z,2026-10-01T00:06:14.560969Z,2026-10-01T00:06:14.575991Z,8232.5,15.0
4e50c6c0-e43b-4b85-845a-be68ebf656b1,short,none,SUCCEEDED,1,ACKED,2026-10-01T00:06:06.336472Z,2026-10-01T00:06:14.971706Z,2026-10-01T00:06:15.017410Z,8635.2,45.7
e5e77cac-6f40-46d0-9579-f6b52b190183,short,transient,SUCCEEDED,1,NACKED,2026-10-01T00:06:06.336472Z,2026-10-01T00:06:14.987725Z,2026-10-01T00:06:15.032761Z,8651.3,45.0
e5e77cac-6f40-46d0-9579-f6b52b190183,short,transient,SUCCEEDED,2,ACKED,2026-10-01T00:06:15.815761Z,2026-10-01T00:06:46.516357Z,2026-10-01T00:06:46.562333Z,30700.6,46.0
925a8fba-82fb-4d99-b5d3-8c663c99e118,medium,none,SUCCEEDED,1,ACKED,2026-10-01T00:06:06.332464Z,2026-10-01T00:06:14.764979Z,2026-10-01T00:06:15.032761Z,8432.5,267.8
7e51ef89-53df-4921-9a47-ca2b6ef0b3a6,short,none,SUCCEEDED,1,ACKED,2026-10-01T00:06:06.328452Z,2026-10-01T00:06:14.545428Z,2026-10-01T00:06:14.591522Z,8217.0,46.1
d2aa3ced-1541-4ef0-9920-73053e50720b,short,none,SUCCEEDED,1,ACKED,2026-10-01T00:06:06.332464Z,2026-10-01T00:06:14.655124Z,2026-10-01T00:06:14.715921Z,8322.7,60.8
977b81b5-0e09-4401-baa3-496a0be47aba,short,none,SUCCEEDED,1,ACKED,2026-10-01T00:06:06.336472Z,2026-10-01T00:06:15.033382Z,2026-10-01T00:06:15.063946Z,8696.9,30.6
5c2a8802-8793-48c5-8809-c5f2a4eea7bb,short,none,SUCCEEDED,1,ACKED,2026-10-01T00:06:06.345689Z,2026-10-01T00:06:15.250322Z,2026-10-01T00:06:15.279443Z,8904.6,29.1
49033c3e-6c39-473b-9c79-a0f3c72f49b6,medium,none,SUCCEEDED,1,ACKED,2026-10-01T00:06:06.332464Z,2026-10-01T00:06:14.732947Z,2026-10-01T00:06:14.970703Z,8400.5,237.8
44e3a5fc-5e65-4619-9337-f48bfcdb8e91,short,none,SUCCEEDED,1,ACKED,2026-10-01T00:06:06.341110Z,2026-10-01T00:06:15.111133Z,2026-10-01T00:06:15.141667Z,8770.0,30.5
59210f01-2218-4a4e-a726-1eabfac92739,short,none,SUCCEEDED,1,ACKED,2026-10-01T00:06:06.341110Z,2026-10-01T00:06:15.142670Z,2026-10-01T00:06:15.173128Z,8801.6,30.5
4c31dc7d-c252-4d8a-9702-d8a8ae0db6d3,short,none,SUCCEEDED,1,ACKED,2026-10-01T00:06:06.336472Z,2026-10-01T00:06:15.017410Z,2026-10-01T00:06:15.063946Z,8680.9,46.5
409301f6-d733-4361-a1c7-0b91f20ef33d,medium,none,SUCCEEDED,1,ACKED,2026-10-01T00:06:06.332464Z,2026-10-01T00:06:14.670698Z,2026-10-01T00:06:14.891155Z,8338.2,220.5
c62216f7-c664-40ce-bddb-1c3a84ed1ac4,short,none,SUCCEEDED,1,ACKED,2026-10-01T00:06:06.337471Z,2026-10-01T00:06:15.033382Z,2026-10-01T00:06:15.079484Z,8695.9,46.1
5be26b72-c207-432a-b7cd-29bd8fcb9ce2,medium,none,SUCCEEDED,1,ACKED,2026-10-01T00:06:06.341110Z,2026-10-01T00:06:15.111133Z,2026-10-01T00:06:15.279443Z,8770.0,168.3
b54ad3aa-2b94-4916-9522-d7031eabc9e5,medium,none,SUCCEEDED,1,ACKED,2026-10-01T00:06:06.352202Z,2026-10-01T00:06:15.472088Z,2026-10-01T00:06:15.737269Z,9119.9,265.2
85120246-b2b4-4023-b332-b244ad632376,medium,none,SUCCEEDED,1,ACKED,2026-10-01T00:06:06.336472Z,2026-10-01T00:06:14.971706Z,2026-10-01T00:06:15.233918Z,8635.2,262.2
73b28016-a5b5-47f4-8390-2f297e6cb2d0,medium,transient,DEAD_LETTER,1,NACKED,2026-10-01T00:06:06.345689Z,2026-10-01T00:06:15.265421Z,2026-10-01T00:06:15.471091Z,8919.7,205.7
73b28016-a5b5-47f4-8390-2f297e6cb2d0,medium,transient,DEAD_LETTER,2,NACKED,2026-10-01T00:06:16.237091Z,2026-10-01T00:06:46.563333Z,2026-10-01T00:06:46.766108Z,30326.2,202.8
73b28016-a5b5-47f4-8390-2f297e6cb2d0,medium,transient,DEAD_LETTER,3,NACKED,2026-10-01T00:06:48.077108Z,2026-10-01T00:06:48.652542Z,2026-10-01T00:06:48.853118Z,575.4,200.6
4a8f2cd4-1a92-4028-a56b-e1b94552e2bf,medium,none,SUCCEEDED,1,ACKED,2026-10-01T00:06:06.345689Z,2026-10-01T00:06:15.234917Z,2026-10-01T00:06:15.471091Z,8889.2,236.2
68ef1dc8-5744-44a9-a491-ac4187cb4789,short,none,SUCCEEDED,1,ACKED,2026-10-01T00:06:06.341110Z,2026-10-01T00:06:15.064949Z,2026-10-01T00:06:15.110132Z,8723.8,45.2
8cc334e2-7cb1-4b25-8397-ddc05f7a7fdb,short,none,SUCCEEDED,1,ACKED,2026-10-01T00:06:06.336472Z,2026-10-01T00:06:15.003243Z,2026-10-01T00:06:15.048408Z,8666.8,45.2
bfa7ceff-325f-4549-a242-8a6c398ff6d6,short,none,SUCCEEDED,1,ACKED,2026-10-01T00:06:06.341110Z,2026-10-01T00:06:15.049914Z,2026-10-01T00:06:15.110132Z,8708.8,60.2
2f6fd36e-6898-42ee-8d4b-0d83b460ea13,short,none,SUCCEEDED,1,ACKED,2026-10-01T00:06:06.345689Z,2026-10-01T00:06:15.219198Z,2026-10-01T00:06:15.249213Z,8873.5,30.0
014f36bd-766a-4fbc-9f9e-a2c7ca6f3521,short,none,SUCCEEDED,1,ACKED,2026-10-01T00:06:06.355203Z,2026-10-01T00:06:15.487621Z,2026-10-01T00:06:15.533154Z,9132.4,45.5
fda0e2eb-2371-47fa-b1f0-975c21e645b3,medium,none,SUCCEEDED,1,ACKED,2026-10-01T00:06:06.341110Z,2026-10-01T00:06:15.111133Z,2026-10-01T00:06:15.423449Z,8770.0,312.3
21e71c59-b284-43aa-af20-57fd0b7a5960,long,none,SUCCEEDED,1,ACKED,2026-10-01T00:06:06.350195Z,2026-10-01T00:06:15.424451Z,2026-10-01T00:06:17.153333Z,9074.3,1728.9
ee6e4694-7219-47b1-adb0-e7351888963d,medium,none,SUCCEEDED,1,ACKED,2026-10-01T00:06:06.351205Z,2026-10-01T00:06:15.279443Z,2026-10-01T00:06:15.487117Z,8928.2,207.7
d9aebe45-3c36-41bb-9acd-d3841f81dcbb,short,none,SUCCEEDED,1,ACKED,2026-10-01T00:06:06.345689Z,2026-10-01T00:06:15.234917Z,2026-10-01T00:06:15.264421Z,8889.2,29.5
094a8e13-3375-4a89-927f-a01856253c77,medium,none,SUCCEEDED,1,ACKED,2026-10-01T00:06:06.341110Z,2026-10-01T00:06:15.080065Z,2026-10-01T00:06:15.279443Z,8739.0,199.4
90b6796c-e71e-461d-9d8d-aa93062dce4c,short,transient,SUCCEEDED,1,NACKED,2026-10-01T00:06:06.345689Z,2026-10-01T00:06:15.279443Z,2026-10-01T00:06:15.311600Z,8933.8,32.2
90b6796c-e71e-461d-9d8d-aa93062dce4c,short,transient,SUCCEEDED,2,NACKED,2026-10-01T00:06:16.083600Z,2026-10-01T00:06:46.516357Z,2026-10-01T00:06:46.546325Z,30432.8,30.0
90b6796c-e71e-461d-9d8d-aa93062dce4c,short,transient,SUCCEEDED,3,ACKED,2026-10-01T00:06:48.029325Z,2026-10-01T00:06:48.634011Z,2026-10-01T00:06:48.665572Z,604.7,31.6
ab8bc93e-a348-4784-b91b-73d8b26a3c5a,medium,transient,SUCCEEDED,1,NACKED,2026-10-01T00:06:06.350195Z,2026-10-01T00:06:15.279443Z,2026-10-01T00:06:15.533154Z,8929.2,253.7
ab8bc93e-a348-4784-b91b-73d8b26a3c5a,medium,transient,SUCCEEDED,2,NACKED,2026-10-01T00:06:16.458154Z,2026-10-01T00:06:46.578312Z,2026-10-01T00:06:46.828493Z,30120.2,250.2
ab8bc93e-a348-4784-b91b-73d8b26a3c5a,medium,transient,SUCCEEDED,3,ACKED,2026-10-01T00:06:48.061493Z,2026-10-01T00:06:48.634011Z,2026-10-01T00:06:48.884419Z,572.5,250.4
eb5d4977-d987-4df1-b416-bbdcb54b079e,medium,none,SUCCEEDED,1,ACKED,2026-10-01T00:06:06.359202Z,2026-10-01T00:06:15.612841Z,2026-10-01T00:06:15.752597Z,9253.6,139.8
fa3b0aa8-f48e-4fcd-945f-8159ea514910,short,none,SUCCEEDED,1,ACKED,2026-10-01T00:06:06.345689Z,2026-10-01T00:06:15.219198Z,2026-10-01T00:06:15.233918Z,8873.5,14.7
127e5a65-eeff-4878-9a77-133539b605ce,short,transient,SUCCEEDED,1,NACKED,2026-10-01T00:06:06.355203Z,2026-10-01T00:06:15.472088Z,2026-10-01T00:06:15.518149Z,9116.9,46.1
127e5a65-eeff-4878-9a77-133539b605ce,short,transient,SUCCEEDED,2,ACKED,2026-10-01T00:06:16.105149Z,2026-10-01T00:06:46.531682Z,2026-10-01T00:06:46.578312Z,30426.5,46.6
b99003aa-e390-42a2-a93e-4a71ecc2413a,medium,none,SUCCEEDED,1,ACKED,2026-10-01T00:06:06.355203Z,2026-10-01T00:06:15.472088Z,2026-10-01T00:06:15.674902Z,9116.9,202.8
cb3c8422-21a7-431f-8e94-a7f6348c99c8,short,none,SUCCEEDED,1,ACKED,2026-10-01T00:06:06.350195Z,2026-10-01T00:06:15.424451Z,2026-10-01T00:06:15.471091Z,9074.3,46.6
27542674-5e04-4e1f-b263-d1a2db9b48f7,short,none,SUCCEEDED,1,ACKED,2026-10-01T00:06:06.345689Z,2026-10-01T00:06:15.174127Z,2026-10-01T00:06:15.218192Z,8828.4,44.1
19deeea2-b94c-4222-bceb-126a1f2b3c1d,short,transient,SUCCEEDED,1,NACKED,2026-10-01T00:06:06.351205Z,2026-10-01T00:06:15.392885Z,2026-10-01T00:06:15.423449Z,9041.7,30.6
19deeea2-b94c-4222-bceb-126a1f2b3c1d,short,transient,SUCCEEDED,2,ACKED,2026-10-01T00:06:16.187449Z,2026-10-01T00:06:46.547327Z,2026-10-01T00:06:46.578312Z,30359.9,31.0
9c7895a0-e2da-4e3a-b440-cd1394b36c38,short,none,SUCCEEDED,1,ACKED,2026-10-01T00:06:06.355203Z,2026-10-01T00:06:15.533831Z,2026-10-01T00:06:15.580577Z,9178.6,46.7
24b29b9d-2d69-4567-84fe-96ca1bcf50c7,medium,none,SUCCEEDED,1,ACKED,2026-10-01T00:06:06.365224Z,2026-10-01T00:06:15.894451Z,2026-10-01T00:06:16.018147Z,9529.2,123.7
4566caa8-a02d-4cb5-9d1c-59963797a9c7,short,none,SUCCEEDED,1,ACKED,2026-10-01T00:06:06.350195Z,2026-10-01T00:06:15.344141Z,2026-10-01T00:06:15.391878Z,8993.9,47.7
c18ac50c-b230-4405-8f8d-19aed1830c15,medium,none,SUCCEEDED,1,ACKED,2026-10-01T00:06:06.359202Z,2026-10-01T00:06:15.676541Z,2026-10-01T00:06:15.972300Z,9317.3,295.8
8d11a4e9-81ee-4d1c-a3b3-174ba7817abf,short,none,SUCCEEDED,1,ACKED,2026-10-01T00:06:06.359202Z,2026-10-01T00:06:15.753677Z,2026-10-01T00:06:15.783638Z,9394.5,30.0
06b3bdcd-a2c3-4734-9624-dc62208e6468,short,transient,SUCCEEDED,1,NACKED,2026-10-01T00:06:06.355203Z,2026-10-01T00:06:15.519149Z,2026-10-01T00:06:15.580577Z,9163.9,61.4
06b3bdcd-a2c3-4734-9624-dc62208e6468,short,transient,SUCCEEDED,2,NACKED,2026-10-01T00:06:16.164577Z,2026-10-01T00:06:46.531682Z,2026-10-01T00:06:46.594315Z,30367.1,62.6
06b3bdcd-a2c3-4734-9624-dc62208e6468,short,transient,SUCCEEDED,3,ACKED,2026-10-01T00:06:48.520315Z,2026-10-01T00:06:48.791660Z,2026-10-01T00:06:48.853118Z,271.3,61.5
0dba6b85-5a27-4d69-b5ab-690f43e87c33,short,none,SUCCEEDED,1,ACKED,2026-10-01T00:06:06.350195Z,2026-10-01T00:06:15.312603Z,2026-10-01T00:06:15.343145Z,8962.4,30.5
0934049d-6f46-43b4-b842-86cc91a8a5d0,short,none,SUCCEEDED,1,ACKED,2026-10-01T00:06:06.355203Z,2026-10-01T00:06:15.581575Z,2026-10-01T00:06:15.611841Z,9226.4,30.3
6f11160f-d7aa-4c01-9e04-ee22015b1a47,medium,none,SUCCEEDED,1,ACKED,2026-10-01T00:06:06.359202Z,2026-10-01T00:06:15.628463Z,2026-10-01T00:06:15.783638Z,9269.3,155.2
3fefbce0-d232-41bc-9a89-ac1fca00a582,short,none,SUCCEEDED,1,ACKED,2026-10-01T00:06:06.369227Z,2026-10-01T00:06:16.110750Z,2026-10-01T00:06:16.172050Z,9741.5,61.3
4ed24cb2-28b0-4dc9-a97c-e0da781572a3,short,none,SUCCEEDED,1,ACKED,2026-10-01T00:06:06.355203Z,2026-10-01T00:06:15.534839Z,2026-10-01T00:06:15.580577Z,9179.6,45.7
1e8ea020-3905-4de4-9a70-676b03df16d4,long,none,SUCCEEDED,1,ACKED,2026-10-01T00:06:06.365224Z,2026-10-01T00:06:15.845232Z,2026-10-01T00:06:17.121441Z,9480.0,1276.2
e7fea192-3626-4601-a13e-f4038cf4bbca,short,none,SUCCEEDED,1,ACKED,2026-10-01T00:06:06.365224Z,2026-10-01T00:06:15.798827Z,2026-10-01T00:06:15.845232Z,9433.6,46.4
99e6fa39-301a-4465-80fc-e26deaafe13e,short,none,SUCCEEDED,1,ACKED,2026-10-01T00:06:06.359202Z,2026-10-01T00:06:15.753677Z,2026-10-01T00:06:15.798827Z,9394.5,45.2
bfdb7568-9a7e-4575-9756-b2bfcd7f712f,short,none,SUCCEEDED,1,ACKED,2026-10-01T00:06:06.355203Z,2026-10-01T00:06:15.581575Z,2026-10-01T00:06:15.627854Z,9226.4,46.3
2bd238bd-0b78-438d-b62a-debd7003b0ad,long,none,SUCCEEDED,1,ACKED,2026-10-01T00:06:06.359202Z,2026-10-01T00:06:15.581575Z,2026-10-01T00:06:17.137291Z,9222.4,1555.7
cfdd67f7-fb3d-47ce-91d6-677a4c52cff1,short,transient,SUCCEEDED,1,NACKED,2026-10-01T00:06:06.365224Z,2026-10-01T00:06:15.925556Z,2026-10-01T00:06:15.972300Z,9560.3,46.7
cfdd67f7-fb3d-47ce-91d6-677a4c52cff1,short,transient,SUCCEEDED,2,ACKED,2026-10-01T00:06:16.832300Z,2026-10-01T00:06:46.578312Z,2026-10-01T00:06:46.625388Z,29746.0,47.1
4fc360c7-30f5-4b78-ac8e-fe06ceca859a,short,none,SUCCEEDED,1,ACKED,2026-10-01T00:06:06.374310Z,2026-10-01T00:06:16.249320Z,2026-10-01T00:06:16.279320Z,9875.0,30.0
094e7c9c-559a-4271-aa39-ae28c5b23c36,medium,permanent,FAILED,1,NACKED,2026-10-01T00:06:06.359202Z,2026-10-01T00:06:15.738271Z,2026-10-01T00:06:15.924049Z,9379.1,185.8
b1a9981c-4bca-4fc0-8ace-bf522f935d56,medium,none,SUCCEEDED,1,ACKED,2026-10-01T00:06:06.369227Z,2026-10-01T00:06:16.019496Z,2026-10-01T00:06:16.279320Z,9650.3,259.8
1d40ba88-4f17-4be9-8f62-950f7ae7b8a2,medium,none,SUCCEEDED,1,ACKED,2026-10-01T00:06:06.369227Z,2026-10-01T00:06:15.973302Z,2026-10-01T00:06:16.172050Z,9604.1,198.7
81ac6a2b-ec80-43fd-a6b2-7a47da6ca602,long,none,SUCCEEDED,1,ACKED,2026-10-01T00:06:06.365224Z,2026-10-01T00:06:15.784143Z,2026-10-01T00:06:17.406188Z,9418.9,1622.0
0e2bf491-98a0-415d-af0b-c51c22e045d3,short,none,SUCCEEDED,1,ACKED,2026-10-01T00:06:06.359202Z,2026-10-01T00:06:15.784143Z,2026-10-01T00:06:15.798827Z,9424.9,14.7
ea4c3949-bab8-4ab6-879a-efa61f1b7041,short,transient,SUCCEEDED,1,NACKED,2026-10-01T00:06:06.365224Z,2026-10-01T00:06:15.798827Z,2026-10-01T00:06:15.845232Z,9433.6,46.4
ea4c3949-bab8-4ab6-879a-efa61f1b7041,short,transient,SUCCEEDED,2,ACKED,2026-10-01T00:06:16.615232Z,2026-10-01T00:06:46.578312Z,2026-10-01T00:06:46.625388Z,29963.1,47.1
2e7c7f10-f39a-44e7-a574-44b9f724699a,short,none,SUCCEEDED,1,ACKED,2026-10-01T00:06:06.369227Z,2026-10-01T00:06:16.173273Z,2026-10-01T00:06:16.203081Z,9804.0,29.8
8faa1f09-0938-4182-9c09-652d7dde8aa6,short,none,SUCCEEDED,1,ACKED,2026-10-01T00:06:06.378815Z,2026-10-01T00:06:16.373846Z,2026-10-01T00:06:16.419156Z,9995.0,45.3
6dd9a3eb-e740-4059-b6e6-644e0a7e0e19,short,none,SUCCEEDED,1,ACKED,2026-10-01T00:06:06.365224Z,2026-10-01T00:06:15.845232Z,2026-10-01T00:06:15.892447Z,9480.0,47.2
ac8d4976-876d-4920-be91-c57ec7665782,short,transient,SUCCEEDED,1,NACKED,2026-10-01T00:06:06.374310Z,2026-10-01T00:06:16.264793Z,2026-10-01T00:06:16.310082Z,9890.5,45.3
ac8d4976-876d-4920-be91-c57ec7665782,short,transient,SUCCEEDED,2,ACKED,2026-10-01T00:06:17.213082Z,2026-10-01T00:06:46.595620Z,2026-10-01T00:06:46.641426Z,29382.5,45.8
8cfb7193-3871-4ba6-bd71-7e9cfec57088,medium,none,SUCCEEDED,1,ACKED,2026-10-01T00:06:06.374310Z,2026-10-01T00:06:16.280560Z,2026-10-01T00:06:16.573470Z,9906.3,292.9
67eb38b4-b598-447d-aa38-1b69c248b6aa,short,none,SUCCEEDED,1,ACKED,2026-10-01T00:06:06.369227Z,2026-10-01T00:06:16.049079Z,2026-10-01T00:06:16.109748Z,9679.9,60.7
91b37bdf-df5f-4197-bf4c-d3f47015f6a6,short,none,SUCCEEDED,1,ACKED,2026-10-01T00:06:06.365224Z,2026-10-01T00:06:15.973302Z,2026-10-01T00:06:16.018147Z,9608.1,44.8
3984027d-2171-4b9e-ab43-de88c4b133e1,medium,none,SUCCEEDED,1,ACKED,2026-10-01T00:06:06.369227Z,2026-10-01T00:06:15.988686Z,2026-10-01T00:06:16.233304Z,9619.5,244.6
f9c2cee3-059d-4a54-acfa-a548828da1ab,short,none,SUCCEEDED,1,ACKED,2026-10-01T00:06:06.374310Z,2026-10-01T00:06:16.280560Z,2026-10-01T00:06:16.310082Z,9906.3,29.5
c6332428-49b7-45ba-83e9-a890b7fea1e0,short,none,SUCCEEDED,1,ACKED,2026-10-01T00:06:06.382999Z,2026-10-01T00:06:16.729934Z,2026-10-01T00:06:16.744439Z,10346.9,14.5
3e0e54db-07e6-496e-a963-4252306e73ac,medium,none,SUCCEEDED,1,ACKED,2026-10-01T00:06:06.369227Z,2026-10-01T00:06:16.173273Z,2026-10-01T00:06:16.372842Z,9804.0,199.6
25660691-526d-4741-8806-03593878d2b5,short,none,SUCCEEDED,1,ACKED,2026-10-01T00:06:06.378815Z,2026-10-01T00:06:16.435418Z,2026-10-01T00:06:16.480693Z,10056.6,45.3
1be6d2ed-c6b3-4abc-baa7-3db7866468ec,long,none,SUCCEEDED,1,ACKED,2026-10-01T00:06:06.378815Z,2026-10-01T00:06:16.420156Z,2026-10-01T00:06:17.781377Z,10041.3,1361.2
8197bd5b-4fe9-42a2-9ef9-07ceeba78749,short,none,SUCCEEDED,1,ACKED,2026-10-01T00:06:06.374310Z,2026-10-01T00:06:16.311089Z,2026-10-01T00:06:16.341128Z,9936.8,30.0
ac141dca-c2ce-4b77-89a2-a2acf815c02f,short,none,SUCCEEDED,1,ACKED,2026-10-01T00:06:06.369227Z,2026-10-01T00:06:16.019496Z,2026-10-01T00:06:16.048073Z,9650.3,28.6
eb38fba2-7a64-47ce-94e3-6758b26c17b6,short,none,SUCCEEDED,1,ACKED,2026-10-01T00:06:06.374310Z,2026-10-01T00:06:16.204589Z,2026-10-01T00:06:16.248204Z,9830.3,43.6
abc9dac1-93f2-4b0b-8926-3cf062ab64cf,short,none,SUCCEEDED,1,ACKED,2026-10-01T00:06:06.378815Z,2026-10-01T00:06:16.373846Z,2026-10-01T00:06:16.419156Z,9995.0,45.3
909a5e86-eee6-4f0a-b8d5-f23824a887ee,short,none,SUCCEEDED,1,ACKED,2026-10-01T00:06:06.392080Z,2026-10-01T00:06:16.903471Z,2026-10-01T00:06:16.949030Z,10511.4,45.6
d1940a24-3db5-46ec-acd3-20348a75211d,short,none,SUCCEEDED,1,ACKED,2026-10-01T00:06:06.374310Z,2026-10-01T00:06:16.234308Z,2026-10-01T00:06:16.263528Z,9860.0,29.2
6816f746-1629-40c9-95e7-4ad932aa2e4d,short,none,SUCCEEDED,1,ACKED,2026-10-01T00:06:06.382999Z,2026-10-01T00:06:16.699370Z,2026-10-01T00:06:16.728937Z,10316.4,29.6
630dca79-f43c-42f8-8ab9-76b6df5dddab,short,none,SUCCEEDED,1,ACKED,2026-10-01T00:06:06.382999Z,2026-10-01T00:06:16.606104Z,2026-10-01T00:06:16.652630Z,10223.1,46.5
fdd625b6-6353-47ac-a9c3-0f3bcf7abd97,short,none,SUCCEEDED,1,ACKED,2026-10-01T00:06:06.378815Z,2026-10-01T00:06:16.512737Z,2026-10-01T00:06:16.527263Z,10133.9,14.5
e59bd109-3924-44fe-bfe1-fb8bab4c9c1b,medium,transient,DEAD_LETTER,1,NACKED,2026-10-01T00:06:06.374310Z,2026-10-01T00:06:16.311089Z,2026-10-01T00:06:16.434422Z,9936.8,123.3
e59bd109-3924-44fe-bfe1-fb8bab4c9c1b,medium,transient,DEAD_LETTER,2,NACKED,2026-10-01T00:06:17.345422Z,2026-10-01T00:06:46.626390Z,2026-10-01T00:06:46.750972Z,29281.0,124.6
e59bd109-3924-44fe-bfe1-fb8bab4c9c1b,medium,transient,DEAD_LETTER,3,NACKED,2026-10-01T00:06:48.253972Z,2026-10-01T00:06:48.697994Z,2026-10-01T00:06:48.821983Z,444.0,124.0
39e9904a-edf3-460a-ae13-648ed4fab5da,short,none,SUCCEEDED,1,ACKED,2026-10-01T00:06:06.378815Z,2026-10-01T00:06:16.342128Z,2026-10-01T00:06:16.372842Z,9963.3,30.7
7357fc22-dcf8-4e6f-a897-5afc6d1e5b38,short,none,SUCCEEDED,1,ACKED,2026-10-01T00:06:06.382999Z,2026-10-01T00:06:16.653638Z,2026-10-01T00:06:16.698370Z,10270.6,44.7
b0a32dd3-8bf2-4023-b31c-602811ba3903,short,none,SUCCEEDED,1,ACKED,2026-10-01T00:06:06.396090Z,2026-10-01T00:06:17.265142Z,2026-10-01T00:06:17.327028Z,10869.1,61.9
86855b7d-8882-4e44-9c72-f68346a30baa,medium,none,SUCCEEDED,1,ACKED,2026-10-01T00:06:06.378815Z,2026-10-01T00:06:16.420156Z,2026-10-01T00:06:16.667659Z,10041.3,247.5
c07e3b79-07b7-4bd9-9879-9ef877ad05bd,medium,transient,SUCCEEDED,1,NACKED,2026-10-01T00:06:06.392080Z,2026-10-01T00:06:17.122944Z,2026-10-01T00:06:17.311410Z,10730.9,188.5
c07e3b79-07b7-4bd9-9879-9ef877ad05bd,medium,transient,SUCCEEDED,2,ACKED,2026-10-01T00:06:18.068410Z,2026-10-01T00:06:46.626390Z,2026-10-01T00:06:46.813011Z,28558.0,186.6
71b17d01-4cb1-4a79-ac30-d6c24d6d4539,short,none,SUCCEEDED,1,ACKED,2026-10-01T00:06:06.392080Z,2026-10-01T00:06:17.013037Z,2026-10-01T00:06:17.058193Z,10621.0,45.2
1ab0997b-f124-4abf-8bbc-ed62732228c0,short,none,SUCCEEDED,1,ACKED,2026-10-01T00:06:06.382999Z,2026-10-01T00:06:16.668656Z,2026-10-01T00:06:16.698370Z,10285.7,29.7
d50e07d3-b4ff-4640-b2c1-ebceb2e89201,short,none,SUCCEEDED,1,ACKED,2026-10-01T00:06:06.378815Z,2026-10-01T00:06:16.481688Z,2026-10-01T00:06:16.511736Z,10102.9,30.0
62b048cb-5b53-4714-865f-9e7957e01d13,long,none,SUCCEEDED,1,ACKED,2026-10-01T00:06:06.382999Z,2026-10-01T00:06:16.527882Z,2026-10-01T00:06:17.940359Z,10144.9,1412.5
40782019-35b7-4705-9ae3-63de62bde581,medium,none,SUCCEEDED,1,ACKED,2026-10-01T00:06:06.392080Z,2026-10-01T00:06:16.949535Z,2026-10-01T00:06:17.217018Z,10557.5,267.5
1317e591-1ba1-4aaa-b8e4-5ce352957ad5,short,none,SUCCEEDED,1,ACKED,2026-10-01T00:06:06.400088Z,2026-10-01T00:06:17.375585Z,2026-10-01T00:06:17.406188Z,10975.5,30.6
d83b73ae-3053-4998-8bf5-f24b3ee4a533,short,none,SUCCEEDED,1,ACKED,2026-10-01T00:06:06.382999Z,2026-10-01T00:06:16.699370Z,2026-10-01T00:06:16.744439Z,10316.4,45.1
d4820d11-fc96-4aac-8e7e-4b8b99423b8e,short,none,SUCCEEDED,1,ACKED,2026-10-01T00:06:06.396090Z,2026-10-01T00:06:17.154138Z,2026-10-01T00:06:17.201490Z,10758.0,47.4
0d0cf194-cca8-490e-9283-45e93e9248d4,short,none,SUCCEEDED,1,ACKED,2026-10-01T00:06:06.396090Z,2026-10-01T00:06:17.137291Z,2026-10-01T00:06:17.185698Z,10741.2,48.4
0bbe82e4-849d-4326-9466-e6028c6cc012,medium,none,SUCCEEDED,1,ACKED,2026-10-01T00:06:06.392080Z,2026-10-01T00:06:16.745439Z,2026-10-01T00:06:16.902471Z,10353.4,157.0
3d86568d-7e72-443e-8234-3fe982e819f6,short,none,SUCCEEDED,1,ACKED,2026-10-01T00:06:06.382999Z,2026-10-01T00:06:16.574472Z,2026-10-01T00:06:16.605101Z,10191.5,30.6
b4833cf3-3d15-48d1-bb85-901f49af2cf6,medium,none,SUCCEEDED,1,ACKED,2026-10-01T00:06:06.392080Z,2026-10-01T00:06:17.059192Z,2026-10-01T00:06:17.169167Z,10667.1,110.0
849fce89-9007-43a4-b1d8-1dce62e19eea,long,none,SUCCEEDED,1,ACKED,2026-10-01T00:06:06.396090Z,2026-10-01T00:06:17.186703Z,2026-10-01T00:06:18.600249Z,10790.6,1413.5
3cef7b1e-7929-44f6-a107-5993454da9f0,long,none,SUCCEEDED,1,ACKED,2026-10-01T00:06:06.405598Z,2026-10-01T00:06:17.626671Z,2026-10-01T00:06:19.569471Z,11221.1,1942.8
17e84505-b644-48b8-9bde-334314f425e2,short,none,SUCCEEDED,1,ACKED,2026-10-01T00:06:06.392080Z,2026-10-01T00:06:16.745439Z,2026-10-01T00:06:16.776213Z,10353.4,30.8
6e73b1d9-0b49-4cd8-a7e7-982d2cc51aab,short,none,SUCCEEDED,1,ACKED,2026-10-01T00:06:06.400088Z,2026-10-01T00:06:17.406188Z,2026-10-01T00:06:17.453132Z,11006.1,46.9
d56b58d4-196c-431e-8330-29caeab774de,short,none,SUCCEEDED,1,ACKED,2026-10-01T00:06:06.400088Z,2026-10-01T00:06:17.312518Z,2026-10-01T00:06:17.358382Z,10912.4,45.9
a6232b54-7992-44e6-b589-ed730c250318,short,none,SUCCEEDED,1,ACKED,2026-10-01T00:06:06.396090Z,2026-10-01T00:06:17.218027Z,2026-10-01T00:06:17.264147Z,10821.9,46.1
e78ca21d-7020-46cf-b7a0-c84f002212e6,medium,none,SUCCEEDED,1,ACKED,2026-10-01T00:06:06.392080Z,2026-10-01T00:06:16.777716Z,2026-10-01T00:06:17.011531Z,10385.6,233.8
da318cb4-299a-480a-a8db-259d43fe2b42,long,none,SUCCEEDED,1,ACKED,2026-10-01T00:06:06.396090Z,2026-10-01T00:06:17.170168Z,2026-10-01T00:06:18.849604Z,10774.1,1679.4
24bee88a-6571-47f7-8cba-4660f72159f7,short,none,SUCCEEDED,1,ACKED,2026-10-01T00:06:06.400088Z,2026-10-01T00:06:17.359034Z,2026-10-01T00:06:17.374580Z,10958.9,15.5
e0d89f2d-09b4-4b70-8335-5956a82d18ec,medium,none,SUCCEEDED,1,ACKED,2026-10-01T00:06:06.408601Z,2026-10-01T00:06:17.798930Z,2026-10-01T00:06:18.018430Z,11390.3,219.5
67e28772-9118-455c-a190-45beb0ca611a,short,none,SUCCEEDED,1,ACKED,2026-10-01T00:06:06.396090Z,2026-10-01T00:06:17.233544Z,2026-10-01T00:06:17.264147Z,10837.5,30.6
3fba23fc-ccf2-4b61-8291-f6bc17c3c548,short,none,SUCCEEDED,1,ACKED,2026-10-01T00:06:06.405598Z,2026-10-01T00:06:17.626671Z,2026-10-01T00:06:17.671972Z,11221.1,45.3
8b25dd22-6aad-470c-898f-86cb2cd812de,long,none,SUCCEEDED,1,ACKED,2026-10-01T00:06:06.404600Z,2026-10-01T00:06:17.453132Z,2026-10-01T00:06:18.942820Z,11048.5,1489.7
af735393-ca55-4de8-b5b6-7af38aa3f1c8,medium,none,SUCCEEDED,1,ACKED,2026-10-01T00:06:06.400088Z,2026-10-01T00:06:17.327028Z,2026-10-01T00:06:17.610120Z,10926.9,283.1
b8a4f985-553b-4c04-b683-771c4f2f6502,short,transient,SUCCEEDED,1,NACKED,2026-10-01T00:06:06.396090Z,2026-10-01T00:06:17.202490Z,2026-10-01T00:06:17.232545Z,10806.4,30.1
b8a4f985-553b-4c04-b683-771c4f2f6502,short,transient,SUCCEEDED,2,NACKED,2026-10-01T00:06:17.800545Z,2026-10-01T00:06:46.626390Z,2026-10-01T00:06:46.657437Z,28825.8,31.0
b8a4f985-553b-4c04-b683-771c4f2f6502,short,transient,SUCCEEDED,3,ACKED,2026-10-01T00:06:48.162437Z,2026-10-01T00:06:48.666571Z,2026-10-01T00:06:48.697175Z,504.1,30.6
d0693d01-7c8e-4270-b559-a40875db3399,short,none,SUCCEEDED,1,ACKED,2026-10-01T00:06:06.400088Z,2026-10-01T00:06:17.312518Z,2026-10-01T00:06:17.358382Z,10912.4,45.9
32e92396-2a8b-46c8-9f36-aad03bfa1173,medium,none,SUCCEEDED,1,ACKED,2026-10-01T00:06:06.404600Z,2026-10-01T00:06:17.406188Z,2026-10-01T00:06:17.594096Z,11001.6,187.9
f96aa353-2de7-44bd-bcb1-ec78798ff9b5,short,none,SUCCEEDED,1,ACKED,2026-10-01T00:06:06.411600Z,2026-10-01T00:06:18.036120Z,2026-10-01T00:06:18.066489Z,11624.5,30.4
a9cb60ed-487d-4264-8f11-1bf6559c1aa5,short,none,SUCCEEDED,1,ACKED,2026-10-01T00:06:06.400088Z,2026-10-01T00:06:17.265142Z,2026-10-01T00:06:17.311410Z,10865.1,46.3
7513ba55-f851-4590-8194-f17dd2a9c787,short,none,SUCCEEDED,1,ACKED,2026-10-01T00:06:06.408601Z,2026-10-01T00:06:17.767351Z,2026-10-01T00:06:17.797924Z,11358.8,30.6
68064a9a-14f0-4976-a322-bcc3dbd5eea3,short,none,SUCCEEDED,1,ACKED,2026-10-01T00:06:06.408601Z,2026-10-01T00:06:17.672596Z,2026-10-01T00:06:17.718362Z,11264.0,45.8
0141128a-e678-4957-b528-1570d2693e51,short,none,SUCCEEDED,1,ACKED,2026-10-01T00:06:06.404600Z,2026-10-01T00:06:17.595097Z,2026-10-01T00:06:17.625673Z,11190.5,30.6
3e5ac00b-c015-4f32-9f75-db3896e192f6,medium,transient,SUCCEEDED,1,NACKED,2026-10-01T00:06:06.401088Z,2026-10-01T00:06:17.359034Z,2026-10-01T00:06:17.578073Z,10957.9,219.0
3e5ac00b-c015-4f32-9f75-db3896e192f6,medium,transient,SUCCEEDED,2,ACKED,2026-10-01T00:06:18.368073Z,2026-10-01T00:06:46.642425Z,2026-10-01T00:06:46.860533Z,28274.4,218.1
0f9c00b9-1270-4cce-a956-bee61135c2f1,short,none,SUCCEEDED,1,ACKED,2026-10-01T00:06:06.404600Z,2026-10-01T00:06:17.579075Z,2026-10-01T00:06:17.625673Z,11174.5,46.6
e096f030-e495-4d48-b052-1b8159452ddb,medium,none,SUCCEEDED,1,ACKED,2026-10-01T00:06:06.408601Z,2026-10-01T00:06:17.830693Z,2026-10-01T00:06:17.971696Z,11422.1,141.0
9c7338dc-cff5-423b-898d-81a2366a9180,short,none,SUCCEEDED,1,ACKED,2026-10-01T00:06:06.416116Z,2026-10-01T00:06:18.082607Z,2026-10-01T00:06:18.127677Z,11666.5,45.1
3e3072aa-d0f9-4ea2-9227-4865bc16c58d,short,transient,SUCCEEDED,1,NACKED,2026-10-01T00:06:06.404600Z,2026-10-01T00:06:17.611156Z,2026-10-01T00:06:17.640885Z,11206.6,29.7
3e3072aa-d0f9-4ea2-9227-4865bc16c58d,short,transient,SUCCEEDED,2,ACKED,2026-10-01T00:06:18.324885Z,2026-10-01T00:06:46.626390Z,2026-10-01T00:06:46.657437Z,28301.5,31.0
7f4a0218-3e19-48d4-9bda-b440f5e8076a,short,none,SUCCEEDED,1,ACKED,2026-10-01T00:06:06.411600Z,2026-10-01T00:06:17.972701Z,2026-10-01T00:06:18.034955Z,11561.1,62.3
9be4f462-fb6e-4b02-b3a0-5651d7efa17f,short,transient,SUCCEEDED,1,NACKED,2026-10-01T00:06:06.411600Z,2026-10-01T00:06:17.972701Z,2026-10-01T00:06:18.034955Z,11561.1,62.3
9be4f462-fb6e-4b02-b3a0-5651d7efa17f,short,transient,SUCCEEDED,2,NACKED,2026-10-01T00:06:18.685955Z,2026-10-01T00:06:46.658439Z,2026-10-01T00:06:46.719805Z,27972.5,61.4
9be4f462-fb6e-4b02-b3a0-5651d7efa17f,short,transient,SUCCEEDED,3,ACKED,2026-10-01T00:06:48.544805Z,2026-10-01T00:06:48.807428Z,2026-10-01T00:06:48.868385Z,262.6,61.0
af8d141e-2f5f-4a78-87b5-3b7db8d08800,short,none,SUCCEEDED,1,ACKED,2026-10-01T00:06:06.408601Z,2026-10-01T00:06:17.719363Z,2026-10-01T00:06:17.765739Z,11310.8,46.4
95af7217-5f9f-4126-a9f2-a1815808bf26,short,none,SUCCEEDED,1,ACKED,2026-10-01T00:06:06.406603Z,2026-10-01T00:06:17.641887Z,2026-10-01T00:06:17.671972Z,11235.3,30.1
9fc7d06f-a458-4259-954d-664104cb66ae,short,none,SUCCEEDED,1,ACKED,2026-10-01T00:06:06.408601Z,2026-10-01T00:06:17.782375Z,2026-10-01T00:06:17.829694Z,11373.8,47.3
816899c1-55be-4155-878c-ab3604635816,medium,none,SUCCEEDED,1,ACKED,2026-10-01T00:06:06.413109Z,2026-10-01T00:06:18.036120Z,2026-10-01T00:06:18.284637Z,11623.0,248.5
71e790f5-cbb4-4bc5-b984-bb728459347b,short,none,SUCCEEDED,1,ACKED,2026-10-01T00:06:06.420625Z,2026-10-01T00:06:18.412321Z,2026-10-01T00:06:18.458396Z,11991.7,46.1
894a44a2-9f88-4427-a70c-3ceaea326bcf,medium,none,SUCCEEDED,1,ACKED,2026-10-01T00:06:06.408601Z,2026-10-01T00:06:17.672596Z,2026-10-01T00:06:17.971696Z,11264.0,299.1
d923ff60-0178-48a0-b9e0-7f95b57939ca,medium,none,SUCCEEDED,1,ACKED,2026-10-01T00:06:06.417115Z,2026-10-01T00:06:18.285636Z,2026-10-01T00:06:18.474429Z,11868.5,188.8
d2a38ab8-5d60-4bea-8aa1-d960f9cc85bd,medium,none,SUCCEEDED,1,ACKED,2026-10-01T00:06:06.416116Z,2026-10-01T00:06:18.175249Z,2026-10-01T00:06:18.284637Z,11759.1,109.4
e5b28703-6224-4061-8dbc-c1e9ed666bc5,short,none,SUCCEEDED,1,ACKED,2026-10-01T00:06:06.411600Z,2026-10-01T00:06:18.019430Z,2026-10-01T00:06:18.034955Z,11607.8,15.5
19dddd52-6f3c-40bc-8a63-8dea4b58ed12,short,none,SUCCEEDED,1,ACKED,2026-10-01T00:06:06.409603Z,2026-10-01T00:06:17.941366Z,2026-10-01T00:06:17.971696Z,11531.8,30.3
14acdb69-4246-43fe-b604-e01698c1a229,short,none,SUCCEEDED,1,ACKED,2026-10-01T00:06:06.411600Z,2026-10-01T00:06:18.036120Z,2026-10-01T00:06:18.081607Z,11624.5,45.5
71693d0b-5f56-4793-92d2-261ebe2f2744,long,none,SUCCEEDED,1,ACKED,2026-10-01T00:06:06.417115Z,2026-10-01T00:06:18.285636Z,2026-10-01T00:06:19.491123Z,11868.5,1205.5
94ac2bd0-dfc1-4ad2-8a1f-c5c37bafbc60,short,none,SUCCEEDED,1,ACKED,2026-10-01T00:06:06.424230Z,2026-10-01T00:06:18.710731Z,2026-10-01T00:06:18.741275Z,12286.5,30.5
1d6081d3-fa5c-49b2-9527-b666e45d8b2c,medium,none,SUCCEEDED,1,ACKED,2026-10-01T00:06:06.411600Z,2026-10-01T00:06:17.972701Z,2026-10-01T00:06:18.081607Z,11561.1,108.9
a3d405e5-ee58-4cc9-bb5c-992aab7dad96,short,transient,SUCCEEDED,1,NACKED,2026-10-01T00:06:06.420625Z,2026-10-01T00:06:18.348227Z,2026-10-01T00:06:18.378911Z,11927.6,30.7
a3d405e5-ee58-4cc9-bb5c-992aab7dad96,short,transient,SUCCEEDED,2,ACKED,2026-10-01T00:06:19.221911Z,2026-10-01T00:06:46.658439Z,2026-10-01T00:06:46.688204Z,27436.5,29.8
a241cc57-ce28-4264-bca2-708c4f86a4c4,medium,none,SUCCEEDED,1,ACKED,2026-10-01T00:06:06.420625Z,2026-10-01T00:06:18.459401Z,2026-10-01T00:06:18.725250Z,12038.8,265.8
1b63a2b2-aa6d-4066-b8b4-e1a53ec2e1cc,short,none,SUCCEEDED,1,ACKED,2026-10-01T00:06:06.416116Z,2026-10-01T00:06:18.082607Z,2026-10-01T00:06:18.127677Z,11666.5,45.1
ea24274e-f110-4cd5-9b34-5ca1d7d1b3bc,medium,none,SUCCEEDED,1,ACKED,2026-10-01T00:06:06.413109Z,2026-10-01T00:06:18.068098Z,2026-10-01T00:06:18.348227Z,11655.0,280.1
663900ea-dca4-4f5e-bbde-6293618266c6,medium,none,SUCCEEDED,1,ACKED,2026-10-01T00:06:06.416116Z,2026-10-01T00:06:18.128682Z,2026-10-01T00:06:18.284637Z,11712.6,156.0
082966cb-ce0d-4d3a-beb8-8467981767e0,medium,none,SUCCEEDED,1,ACKED,2026-10-01T00:06:06.421628Z,2026-10-01T00:06:18.601757Z,2026-10-01T00:06:18.772504Z,12180.1,170.7
d7130a38-a113-4f1a-a066-b680214bbb02,short,none,SUCCEEDED,1,ACKED,2026-10-01T00:06:06.428238Z,2026-10-01T00:06:18.850175Z,2026-10-01T00:06:18.896253Z,12421.9,46.1
c6304845-e4fd-4fee-9a3f-404d1402210f,medium,none,SUCCEEDED,1,ACKED,2026-10-01T00:06:06.416116Z,2026-10-01T00:06:18.285636Z,2026-10-01T00:06:18.507024Z,11869.5,221.4
0a7aec64-7a87-41d0-9fdf-bae294d4f238,medium,none,SUCCEEDED,1,ACKED,2026-10-01T00:06:06.424230Z,2026-10-01T00:06:18.757981Z,2026-10-01T00:06:18.880720Z,12333.8,122.7
1f20fdd7-8839-4111-ac4e-4b5f22713736,short,none,SUCCEEDED,1,ACKED,2026-10-01T00:06:06.424230Z,2026-10-01T00:06:18.726754Z,2026-10-01T00:06:18.772504Z,12302.5,45.8
bec8f658-59ef-4eb6-8c80-5914a2c98e4f,medium,none,SUCCEEDED,1,ACKED,2026-10-01T00:06:06.421628Z,2026-10-01T00:06:18.554451Z,2026-10-01T00:06:18.756840Z,12132.8,202.4
f19a27dc-e7fe-46eb-b72c-0d3703a0f456,short,none,SUCCEEDED,1,ACKED,2026-10-01T00:06:06.417115Z,2026-10-01T00:06:18.128682Z,2026-10-01T00:06:18.174247Z,11711.6,45.6
99d256fc-b0f0-4316-8d73-e2a7422699d2,short,none,SUCCEEDED,1,ACKED,2026-10-01T00:06:06.420625Z,2026-10-01T00:06:18.379915Z,2026-10-01T00:06:18.410815Z,11959.3,30.9
241cac88-8a3d-4ec6-89c1-92e13a4ab013,short,none,SUCCEEDED,1,ACKED,2026-10-01T00:06:06.425238Z,2026-10-01T00:06:18.773504Z,2026-10-01T00:06:18.818567Z,12348.3,45.1
ab459adf-6726-4805-bf4c-c4c957c3ec63,short,none,SUCCEEDED,1,ACKED,2026-10-01T00:06:06.432240Z,2026-10-01T00:06:18.897253Z,2026-10-01T00:06:18.942820Z,12465.0,45.6
73c5f40b-92c5-484b-97f1-7e045073fcb5,short,none,SUCCEEDED,1,ACKED,2026-10-01T00:06:06.420625Z,2026-10-01T00:06:18.508033Z,2026-10-01T00:06:18.553802Z,12087.4,45.8
d641d157-75b3-48c4-9cac-7c11232b1248,short,none,SUCCEEDED,1,ACKED,2026-10-01T00:06:06.428238Z,2026-10-01T00:06:18.850175Z,2026-10-01T00:06:18.865701Z,12421.9,15.5
78c4979f-7627-44f3-9155-7ce34a8d157a,short,none,SUCCEEDED,1,ACKED,2026-10-01T00:06:06.428238Z,2026-10-01T00:06:18.867205Z,2026-10-01T00:06:18.896253Z,12439.0,29.0
e999472b-705d-41e3-b8e7-1ad681f4b419,short,none,SUCCEEDED,1,ACKED,2026-10-01T00:06:06.424230Z,2026-10-01T00:06:18.773504Z,2026-10-01T00:06:18.833598Z,12349.3,60.1
556d1740-6b82-4787-8b79-e72c71ae74f6,medium,none,SUCCEEDED,1,ACKED,2026-10-01T00:06:06.420625Z,2026-10-01T00:06:18.475427Z,2026-10-01T00:06:18.663348Z,12054.8,187.9
02ae5781-a389-497d-8a62-17799b6045e2,short,none,SUCCEEDED,1,ACKED,2026-10-01T00:06:06.424230Z,2026-10-01T00:06:18.773504Z,2026-10-01T00:06:18.803060Z,12349.3,29.6
b805f0fa-61eb-485c-b920-8317c5224452,short,none,SUCCEEDED,1,ACKED,2026-10-01T00:06:06.428238Z,2026-10-01T00:06:18.865701Z,2026-10-01T00:06:18.911766Z,12437.5,46.1
dc381cc1-c0d8-47e8-9069-5ce1ef718be6,short,none,SUCCEEDED,1,ACKED,2026-10-01T00:06:06.435751Z,2026-10-01T00:06:18.943820Z,2026-10-01T00:06:18.973946Z,12508.1,30.1
ae541a25-abab-4a4c-925c-38be9137c306,short,none,SUCCEEDED,1,ACKED,2026-10-01T00:06:06.424230Z,2026-10-01T00:06:18.664854Z,2026-10-01T00:06:18.709729Z,12240.6,44.9
d7889854-5c46-4edb-808e-4f2eb56a642b,short,none,SUCCEEDED,1,ACKED,2026-10-01T00:06:06.432240Z,2026-10-01T00:06:18.897253Z,2026-10-01T00:06:18.942820Z,12465.0,45.6
99bcde54-d89e-497e-9dca-59a2982e974a,medium,none,SUCCEEDED,1,ACKED,2026-10-01T00:06:06.432240Z,2026-10-01T00:06:18.897253Z,2026-10-01T00:06:19.163438Z,12465.0,266.2
2cc5e6e5-f668-469f-8544-c4729e37c8bf,short,transient,SUCCEEDED,1,NACKED,2026-10-01T00:06:06.428238Z,2026-10-01T00:06:18.804059Z,2026-10-01T00:06:18.849604Z,12375.8,45.5
2cc5e6e5-f668-469f-8544-c4729e37c8bf,short,transient,SUCCEEDED,2,NACKED,2026-10-01T00:06:19.564604Z,2026-10-01T00:06:46.719805Z,2026-10-01T00:06:46.766108Z,27155.2,46.3
2cc5e6e5-f668-469f-8544-c4729e37c8bf,short,transient,SUCCEEDED,3,ACKED,2026-10-01T00:06:48.114108Z,2026-10-01T00:06:48.665572Z,2026-10-01T00:06:48.713015Z,551.5,47.4
ba04deb7-758d-4c06-bff3-c24ac29dd871,short,none,SUCCEEDED,1,ACKED,2026-10-01T00:06:06.424230Z,2026-10-01T00:06:18.742274Z,2026-10-01T00:06:18.772504Z,12318.0,30.2
34db33c2-bc66-42c4-bd61-5a9366b3b7ad,short,transient,SUCCEEDED,1,NACKED,2026-10-01T00:06:06.428238Z,2026-10-01T00:06:18.834598Z,2026-10-01T00:06:18.865701Z,12406.4,31.1
34db33c2-bc66-42c4-bd61-5a9366b3b7ad,short,transient,SUCCEEDED,2,ACKED,2026-10-01T00:06:19.680701Z,2026-10-01T00:06:46.719805Z,2026-10-01T00:06:46.750972Z,27039.1,31.2
0b5780a9-0f83-404e-bf46-1d99c6a4890f,short,none,SUCCEEDED,1,ACKED,2026-10-01T00:06:06.432240Z,2026-10-01T00:06:18.867205Z,2026-10-01T00:06:18.896253Z,12435.0,29.0
2308fb52-e7cf-466a-8338-9e5303114806,medium,transient,SUCCEEDED,1,NACKED,2026-10-01T00:06:06.439748Z,2026-10-01T00:06:19.069971Z,2026-10-01T00:06:19.303710Z,12630.2,233.7
2308fb52-e7cf-466a-8338-9e5303114806,medium,transient,SUCCEEDED,2,ACKED,2026-10-01T00:06:20.116710Z,2026-10-01T00:06:46.767111Z,2026-10-01T00:06:47.000527Z,26650.4,233.4
2dafe146-bf91-41f9-b63f-09250603039b,short,none,SUCCEEDED,1,ACKED,2026-10-01T00:06:06.428238Z,2026-10-01T00:06:18.819570Z,2026-10-01T00:06:18.849604Z,12391.3,30.0
51153824-bd4d-4b3b-809d-7e5884dbb59a,short,transient,SUCCEEDED,1,NACKED,2026-10-01T00:06:06.435751Z,2026-10-01T00:06:18.943820Z,2026-10-01T00:06:18.958346Z,12508.1,14.5
51153824-bd4d-4b3b-809d-7e5884dbb59a,short,transient,SUCCEEDED,2,ACKED,2026-10-01T00:06:19.523346Z,2026-10-01T00:06:46.688997Z,2026-10-01T00:06:46.704027Z,27165.7,15.0
29277fec-51fc-480a-b9b9-a551b3caeb75,short,none,SUCCEEDED,1,ACKED,2026-10-01T00:06:06.435751Z,2026-10-01T00:06:18.989994Z,2026-10-01T00:06:19.037114Z,12554.2,47.1
aea017be-baab-4e78-8f1c-8d2094630ab1,short,none,SUCCEEDED,1,ACKED,2026-10-01T00:06:06.433236Z,2026-10-01T00:06:18.943820Z,2026-10-01T00:06:18.973946Z,12510.6,30.1
d4325e25-eb88-4d4c-af6b-8cd79fa462de,short,none,SUCCEEDED,1,ACKED,2026-10-01T00:06:06.428238Z,2026-10-01T00:06:18.850175Z,2026-10-01T00:06:18.865701Z,12421.9,15.5
d007de29-bde1-4f56-b8e9-24262233393d,short,none,SUCCEEDED,1,ACKED,2026-10-01T00:06:06.432240Z,2026-10-01T00:06:18.915784Z,2026-10-01T00:06:18.942820Z,12483.5,27.0
116cc8a0-526b-413a-9e79-a6882d619e00,short,none,SUCCEEDED,1,ACKED,2026-10-01T00:06:06.435751Z,2026-10-01T00:06:18.959924Z,2026-10-01T00:06:18.989486Z,12524.2,29.6
f86972f8-c659-42cb-bbd5-ccca85f304b3,long,none,SUCCEEDED,1,ACKED,2026-10-01T00:06:06.443749Z,2026-10-01T00:06:19.306706Z,2026-10-01T00:06:20.330637Z,12863.0,1023.9
69d4bd44-93ae-4464-a206-bce4635733f0,medium,none,SUCCEEDED,1,ACKED,2026-10-01T00:06:06.432240Z,2026-10-01T00:06:18.881719Z,2026-10-01T00:06:19.194651Z,12449.5,312.9
9d3d7241-b2e0-4bcf-a136-67251fc156be,short,none,SUCCEEDED,1,ACKED,2026-10-01T00:06:06.439748Z,2026-10-01T00:06:19.022091Z,2026-10-01T00:06:19.053090Z,12582.3,31.0
df58a302-4412-4aac-96d5-4a55335ad2cf,short,none,SUCCEEDED,1,ACKED,2026-10-01T00:06:06.439748Z,2026-10-01T00:06:19.006031Z,2026-10-01T00:06:19.068970Z,12566.3,62.9
3368f119-6c95-4b15-9b9c-50f9d8205c9a,short,none,SUCCEEDED,1,ACKED,2026-10-01T00:06:06.435751Z,2026-10-01T00:06:18.974950Z,2026-10-01T00:06:19.005031Z,12539.2,30.1
d563f837-16db-4b9b-b88f-b2ce449b4df3,short,transient,SUCCEEDED,1,NACKED,2026-10-01T00:06:06.432240Z,2026-10-01T00:06:18.943820Z,2026-10-01T00:06:18.958346Z,12511.6,14.5
d563f837-16db-4b9b-b88f-b2ce449b4df3,short,transient,SUCCEEDED,2,ACKED,2026-10-01T00:06:19.556346Z,2026-10-01T00:06:46.705028Z,2026-10-01T00:06:46.719805Z,27148.7,14.8
c1cfe815-c829-4ff0-a939-a59f2023376c,short,transient,SUCCEEDED,1,NACKED,2026-10-01T00:06:06.435751Z,2026-10-01T00:06:18.974950Z,2026-10-01T00:06:19.021085Z,12539.2,46.1
c1cfe815-c829-4ff0-a939-a59f2023376c,short,transient,SUCCEEDED,2,NACKED,2026-10-01T00:06:19.713085Z,2026-10-01T00:06:46.751971Z,2026-10-01T00:06:46.797346Z,27038.9,45.4
c1cfe815-c829-4ff0-a939-a59f2023376c,short,transient,SUCCEEDED,3,ACKED,2026-10-01T00:06:48.439346Z,2026-10-01T00:06:48.745491Z,2026-10-01T00:06:48.790659Z,306.1,45.2
29afe517-1afc-4879-bd08-01cf0f5fe5b5,medium,none,SUCCEEDED,1,ACKED,2026-10-01T00:06:06.439748Z,2026-10-01T00:06:19.086145Z,2026-10-01T00:06:19.303710Z,12646.4,217.6
c83f6da2-7a9d-4bdc-9429-cb046b625c13,short,none,SUCCEEDED,1,ACKED,2026-10-01T00:06:06.449260Z,2026-10-01T00:06:19.350739Z,2026-10-01T00:06:19.396469Z,12901.5,45.7
a527fc11-fe99-4f3c-9819-13c4a3f9dc2c,short,none,SUCCEEDED,1,ACKED,2026-10-01T00:06:06.435751Z,2026-10-01T00:06:18.989994Z,2026-10-01T00:06:19.021085Z,12554.2,31.1
de43100b-bb32-490e-a432-6b2e7f0754dc,short,permanent,FAILED,1,NACKED,2026-10-01T00:06:06.443749Z,2026-10-01T00:06:19.179615Z,2026-10-01T00:06:19.210193Z,12735.9,30.6
250e6130-4275-49c8-a503-88fd75151946,short,none,SUCCEEDED,1,ACKED,2026-10-01T00:06:06.443749Z,2026-10-01T00:06:19.165078Z,2026-10-01T00:06:19.178614Z,12721.3,13.5
416d0561-ea63-475b-b784-da1c5360eec4,medium,none,SUCCEEDED,1,ACKED,2026-10-01T00:06:06.439748Z,2026-10-01T00:06:19.037785Z,2026-10-01T00:06:19.349739Z,12598.0,312.0
9bd4fe93-c253-4d9a-aff6-9812cd85dbe8,short,none,SUCCEEDED,1,ACKED,2026-10-01T00:06:06.435751Z,2026-10-01T00:06:18.959924Z,2026-10-01T00:06:18.989486Z,12524.2,29.6
a08d1d9b-6410-4c9e-82c1-8cd4904cc853,short,none,SUCCEEDED,1,ACKED,2026-10-01T00:06:06.439748Z,2026-10-01T00:06:19.087150Z,2026-10-01T00:06:19.116203Z,12647.4,29.1
651c1bef-f722-4538-9f6b-c7193e1c1536,short,transient,SUCCEEDED,1,NACKED,2026-10-01T00:06:06.443749Z,2026-10-01T00:06:19.304708Z,2026-10-01T00:06:19.349739Z,12861.0,45.0
651c1bef-f722-4538-9f6b-c7193e1c1536,short,transient,SUCCEEDED,2,ACKED,2026-10-01T00:06:20.001739Z,2026-10-01T00:06:46.751971Z,2026-10-01T00:06:46.797346Z,26750.2,45.4
a9ff579e-abe7-4d2a-92b7-3b4ec7375afc,short,none,SUCCEEDED,1,ACKED,2026-10-01T00:06:06.453260Z,2026-10-01T00:06:19.508142Z,2026-10-01T00:06:19.538071Z,13054.9,29.9
4068fe0e-b813-40f0-bbb5-baa5f2c826c9,short,none,SUCCEEDED,1,ACKED,2026-10-01T00:06:06.439748Z,2026-10-01T00:06:19.022091Z,2026-10-01T00:06:19.085526Z,12582.3,63.4
c47d6345-b8d6-44b1-b4c3-8dda2c21ccc6,short,none,SUCCEEDED,1,ACKED,2026-10-01T00:06:06.449260Z,2026-10-01T00:06:19.382419Z,2026-10-01T00:06:19.427507Z,12933.2,45.1
56372e1c-41fc-432e-83e7-3a0f2bbc9c1f,short,none,SUCCEEDED,1,ACKED,2026-10-01T00:06:06.449260Z,2026-10-01T00:06:19.397473Z,2026-10-01T00:06:19.427507Z,12948.2,30.0
ee13ed4b-8886-4c8d-b10e-e924165f42ca,medium,none,SUCCEEDED,1,ACKED,2026-10-01T00:06:06.443749Z,2026-10-01T00:06:19.195650Z,2026-10-01T00:06:19.396469Z,12751.9,200.8
346b3d47-a1b4-4de6-b4e4-28c7f43beeb7,short,none,SUCCEEDED,1,ACKED,2026-10-01T00:06:06.439748Z,2026-10-01T00:06:19.054089Z,2026-10-01T00:06:19.085526Z,12614.3,31.4
9c434e64-fc3e-401e-86a9-40510e6a8ef7,short,none,SUCCEEDED,1,ACKED,2026-10-01T00:06:06.443749Z,2026-10-01T00:06:19.289069Z,2026-10-01T00:06:19.334225Z,12845.3,45.2
3c272b0c-46e9-47be-ab79-a96e1d74e199,short,none,SUCCEEDED,1,ACKED,2026-10-01T00:06:06.449260Z,2026-10-01T00:06:19.335231Z,2026-10-01T00:06:19.381418Z,12886.0,46.2
6eb09a58-2fd3-4a12-8bdb-5f8908c2c22a,short,none,SUCCEEDED,1,ACKED,2026-10-01T00:06:06.457770Z,2026-10-01T00:06:19.584789Z,2026-10-01T00:06:19.631858Z,13127.0,47.1
401160db-47d9-4368-bce8-51f28a6daee2,medium,none,SUCCEEDED,1,ACKED,2026-10-01T00:06:06.443749Z,2026-10-01T00:06:19.117204Z,2026-10-01T00:06:19.288069Z,12673.5,170.9
17a1950d-ac7e-4ace-a904-eefa583d337d,medium,none,SUCCEEDED,1,ACKED,2026-10-01T00:06:06.453260Z,2026-10-01T00:06:19.539069Z,2026-10-01T00:06:19.802621Z,13085.8,263.6
6135be1d-f6c6-4fab-8315-24b51bab882f,short,none,SUCCEEDED,1,ACKED,2026-10-01T00:06:06.453260Z,2026-10-01T00:06:19.571275Z,2026-10-01T00:06:19.600321Z,13118.0,29.0
c5053373-6936-4e6e-be51-37f6b0e5da03,medium,none,SUCCEEDED,1,ACKED,2026-10-01T00:06:06.449260Z,2026-10-01T00:06:19.429013Z,2026-10-01T00:06:19.600321Z,12979.8,171.3
0e6ff11d-98f2-477a-9e58-7d2e71fabfb5,long,none,SUCCEEDED,1,ACKED,2026-10-01T00:06:06.443749Z,2026-10-01T00:06:19.212195Z,2026-10-01T00:06:20.424396Z,12768.4,1212.2
5c967c4d-5e28-442d-ba27-1601bda3a70a,medium,none,SUCCEEDED,1,ACKED,2026-10-01T00:06:06.449260Z,2026-10-01T00:06:19.350739Z,2026-10-01T00:06:19.459556Z,12901.5,108.8
2f35b93e-851d-416d-a014-005a16fced87,short,none,SUCCEEDED,1,ACKED,2026-10-01T00:06:06.453260Z,2026-10-01T00:06:19.492627Z,2026-10-01T00:06:19.522633Z,13039.4,30.0
032c43ff-7ec7-4ba3-a1d2-a90e0fbea459,short,none,SUCCEEDED,1,ACKED,2026-10-01T00:06:06.461772Z,2026-10-01T00:06:19.802621Z,2026-10-01T00:06:19.817639Z,13340.8,15.0
d63d6aba-7809-417b-a65a-d02c77c81ca6,short,none,SUCCEEDED,1,ACKED,2026-10-01T00:06:06.449260Z,2026-10-01T00:06:19.427507Z,2026-10-01T00:06:19.491123Z,12978.2,63.6
d710f753-0c18-45af-9b00-145aeefabf4a,short,none,SUCCEEDED,1,ACKED,2026-10-01T00:06:06.457770Z,2026-10-01T00:06:19.632856Z,2026-10-01T00:06:19.678434Z,13175.1,45.6
50a1f724-f441-4172-9276-f4a4c859aa92,medium,none,SUCCEEDED,1,ACKED,2026-10-01T00:06:06.457770Z,2026-10-01T00:06:19.584789Z,2026-10-01T00:06:19.725704Z,13127.0,140.9
76a71ac4-30ab-4e5b-bd8f-0efe81aa11ea,short,none,SUCCEEDED,1,ACKED,2026-10-01T00:06:06.453260Z,2026-10-01T00:06:19.461062Z,2026-10-01T00:06:19.507145Z,13007.8,46.1
e9851a3b-c6a4-43f7-890d-ed4c9d0a9d8b,medium,none,SUCCEEDED,1,ACKED,2026-10-01T00:06:06.449260Z,2026-10-01T00:06:19.397473Z,2026-10-01T00:06:19.584789Z,12948.2,187.3
e9f71bde-341a-4dbd-b75f-39e85aee831b,short,none,SUCCEEDED,1,ACKED,2026-10-01T00:06:06.453260Z,2026-10-01T00:06:19.539069Z,2026-10-01T00:06:19.600321Z,13085.8,61.3
66d49ae6-29e2-4c01-9f97-03c27470b6da,medium,none,SUCCEEDED,1,ACKED,2026-10-01T00:06:06.457770Z,2026-10-01T00:06:19.649366Z,2026-10-01T00:06:19.911538Z,13191.6,262.2
4eb47e27-6dd6-468d-9e62-2854e5db7002,medium,none,SUCCEEDED,1,ACKED,2026-10-01T00:06:06.465771Z,2026-10-01T00:06:19.818274Z,2026-10-01T00:06:20.003829Z,13352.5,185.6
36fa43a1-088d-406f-bdfd-f92ca9ff3e9a,short,none,SUCCEEDED,1,ACKED,2026-10-01T00:06:06.453260Z,2026-10-01T00:06:19.523552Z,2026-10-01T00:06:19.584789Z,13070.3,61.2
246b817f-7884-4f7a-b363-054079493e69,short,none,SUCCEEDED,1,ACKED,2026-10-01T00:06:06.461772Z,2026-10-01T00:06:19.679099Z,2026-10-01T00:06:19.725704Z,13217.3,46.6
90bde99f-72c4-4c43-bb9a-d6e2846cd97b,short,none,SUCCEEDED,1,ACKED,2026-10-01T00:06:06.461772Z,2026-10-01T00:06:19.726705Z,2026-10-01T00:06:19.771505Z,13264.9,44.8
77a67d17-a368-4db0-a86e-bd8feee96b4d,long,none,SUCCEEDED,1,ACKED,2026-10-01T00:06:06.457770Z,2026-10-01T00:06:19.664393Z,2026-10-01T00:06:21.297814Z,13206.6,1633.4
0ee37c96-058b-4008-b7e5-600950aa225c,short,none,SUCCEEDED,1,ACKED,2026-10-01T00:06:06.453260Z,2026-10-01T00:06:19.492125Z,2026-10-01T00:06:19.538071Z,13038.9,45.9
1086ac39-190f-4246-a345-7d2434b0a607,short,none,SUCCEEDED,1,ACKED,2026-10-01T00:06:06.457770Z,2026-10-01T00:06:19.601319Z,2026-10-01T00:06:19.663387Z,13143.5,62.1
196becb2-6e32-404e-a27b-8772054d9832,medium,none,SUCCEEDED,1,ACKED,2026-10-01T00:06:06.461772Z,2026-10-01T00:06:19.726705Z,2026-10-01T00:06:19.848665Z,13264.9,122.0
c8194439-27b8-447c-9a01-c3e829729af4,short,none,SUCCEEDED,1,ACKED,2026-10-01T00:06:06.470281Z,2026-10-01T00:06:20.051260Z,2026-10-01T00:06:20.081300Z,13581.0,30.0
d6313b5d-9207-42f7-b881-3a94cfc92edc,short,transient,DEAD_LETTER,1,NACKED,2026-10-01T00:06:06.457770Z,2026-10-01T00:06:19.601319Z,2026-10-01T00:06:19.647863Z,13143.5,46.5
d6313b5d-9207-42f7-b881-3a94cfc92edc,short,transient,DEAD_LETTER,2,NACKED,2026-10-01T00:06:20.193863Z,2026-10-01T00:06:46.767111Z,2026-10-01T00:06:46.813011Z,26573.2,45.9
d6313b5d-9207-42f7-b881-3a94cfc92edc,short,transient,DEAD_LETTER,3,NACKED,2026-10-01T00:06:48.263011Z,2026-10-01T00:06:48.697994Z,2026-10-01T00:06:48.744487Z,435.0,46.5
8f6299c6-99cf-4d94-90eb-ae6a9d8a0a17,short,none,SUCCEEDED,1,ACKED,2026-10-01T00:06:06.465771Z,2026-10-01T00:06:19.914856Z,2026-10-01T00:06:19.957560Z,13449.1,42.7
5139bb94-69dc-4948-974e-8c41ab9165f9,short,none,SUCCEEDED,1,ACKED,2026-10-01T00:06:06.465771Z,2026-10-01T00:06:19.849669Z,2026-10-01T00:06:19.896092Z,13383.9,46.4
40c3d839-01ad-4799-b890-fb11a5cb9077,short,none,SUCCEEDED,1,ACKED,2026-10-01T00:06:06.461772Z,2026-10-01T00:06:19.664393Z,2026-10-01T00:06:19.709679Z,13202.6,45.3
5f606e21-61a1-4858-9bf8-465173c9fd3e,short,transient,SUCCEEDED,1,NACKED,2026-10-01T00:06:06.457770Z,2026-10-01T00:06:19.601319Z,2026-10-01T00:06:19.663387Z,13143.5,62.1
5f606e21-61a1-4858-9bf8-465173c9fd3e,short,transient,SUCCEEDED,2,ACKED,2026-10-01T00:06:20.565387Z,2026-10-01T00:06:46.798485Z,2026-10-01T00:06:46.860533Z,26233.1,62.0
aae7ffd1-cb04-42d6-916c-09b24bdb7a81,short,none,SUCCEEDED,1,ACKED,2026-10-01T00:06:06.461772Z,2026-10-01T00:06:19.710679Z,2026-10-01T00:06:19.771505Z,13248.9,60.8
51dc9c10-961c-4a2c-8c8a-aff126435a87,short,none,SUCCEEDED,1,ACKED,2026-10-01T00:06:06.465771Z,2026-10-01T00:06:19.958210Z,2026-10-01T00:06:20.003829Z,13492.4,45.6
4c974197-80fe-47cc-a61c-d81d019d35b9,short,none,SUCCEEDED,1,ACKED,2026-10-01T00:06:06.474285Z,2026-10-01T00:06:20.362286Z,2026-10-01T00:06:20.424396Z,13888.0,62.1
01be4d52-7be6-45b1-91cc-cd5774c694e1,long,none,SUCCEEDED,1,ACKED,2026-10-01T00:06:06.461772Z,2026-10-01T00:06:19.772285Z,2026-10-01T00:06:20.892333Z,13310.5,1120.0
a438d436-bea6-4007-b821-468902635eeb,short,none,SUCCEEDED,1,ACKED,2026-10-01T00:06:06.470281Z,2026-10-01T00:06:20.066873Z,2026-10-01T00:06:20.097059Z,13596.6,30.2
dbefc433-63b2-40fd-bbe0-a7485875f147,short,none,SUCCEEDED,1,ACKED,2026-10-01T00:06:06.470281Z,2026-10-01T00:06:20.020401Z,2026-10-01T00:06:20.066261Z,13550.1,45.9
6524910c-0af1-46d4-9924-a53867c6ec69,short,none,SUCCEEDED,1,ACKED,2026-10-01T00:06:06.465771Z,2026-10-01T00:06:20.004836Z,2026-10-01T00:06:20.066261Z,13539.1,61.4
d691bf25-4cc7-4c8c-b078-f0cd3a87b549,medium,none,SUCCEEDED,1,ACKED,2026-10-01T00:06:06.461772Z,2026-10-01T00:06:19.772285Z,2026-10-01T00:06:20.019072Z,13310.5,246.8
274ae89b-36ad-4c9f-9235-ee4e2b1e4e04,short,none,SUCCEEDED,1,ACKED,2026-10-01T00:06:06.465771Z,2026-10-01T00:06:20.004836Z,2026-10-01T00:06:20.050113Z,13539.1,45.3
ade165e1-10c3-4af6-b563-a1a141f1894f,medium,none,SUCCEEDED,1,ACKED,2026-10-01T00:06:06.470281Z,2026-10-01T00:06:20.130096Z,2026-10-01T00:06:20.314611Z,13659.8,184.5
6dcc7d61-e8b2-47fd-bf3f-7cf193d42698,short,none,SUCCEEDED,1,ACKED,2026-10-01T00:06:06.479321Z,2026-10-01T00:06:20.472780Z,2026-10-01T00:06:20.502580Z,13993.5,29.8
5f9470c9-1f73-4b38-b1d9-630adae3f86b,medium,none,SUCCEEDED,1,ACKED,2026-10-01T00:06:06.465771Z,2026-10-01T00:06:19.913212Z,2026-10-01T00:06:20.019072Z,13447.4,105.9
aa3c9a60-f060-4ee6-8a3f-cc77896d054e,short,none,SUCCEEDED,1,ACKED,2026-10-01T00:06:06.474285Z,2026-10-01T00:06:20.207055Z,2026-10-01T00:06:20.267911Z,13732.8,60.9
8911096c-7887-41b3-8d2f-40762289e467,medium,none,SUCCEEDED,1,ACKED,2026-10-01T00:06:06.474285Z,2026-10-01T00:06:20.314611Z,2026-10-01T00:06:20.518606Z,13840.3,204.0
e9d93b05-c890-4828-a61a-6c9afa827f56,short,none,SUCCEEDED,1,ACKED,2026-10-01T00:06:06.470281Z,2026-10-01T00:06:20.082013Z,2026-10-01T00:06:20.145113Z,13611.7,63.1
861aafc6-1743-41dc-a56d-8e33f97de3e4,short,transient,SUCCEEDED,1,NACKED,2026-10-01T00:06:06.465771Z,2026-10-01T00:06:19.897092Z,2026-10-01T00:06:19.911538Z,13431.3,14.4
861aafc6-1743-41dc-a56d-8e33f97de3e4,short,transient,SUCCEEDED,2,ACKED,2026-10-01T00:06:20.507538Z,2026-10-01T00:06:46.798485Z,2026-10-01T00:06:46.813011Z,26290.9,14.5
297fe4eb-2d13-4a58-8b06-765d17d1bca6,short,none,SUCCEEDED,1,ACKED,2026-10-01T00:06:06.470281Z,2026-10-01T00:06:20.098057Z,2026-10-01T00:06:20.129089Z,13627.8,31.0
4b534db4-81c2-435e-9802-7a35ca612947,medium,transient,SUCCEEDED,1,NACKED,2026-10-01T00:06:06.474285Z,2026-10-01T00:06:20.314611Z,2026-10-01T00:06:20.471274Z,13840.3,156.7
4b534db4-81c2-435e-9802-7a35ca612947,medium,transient,SUCCEEDED,2,ACKED,2026-10-01T00:06:21.158274Z,2026-10-01T00:06:46.814010Z,2026-10-01T00:06:46.969176Z,25655.7,155.2
f6756b22-c693-4c6b-a255-5daf210cff2b,short,none,SUCCEEDED,1,ACKED,2026-10-01T00:06:06.483323Z,2026-10-01T00:06:20.550667Z,2026-10-01T00:06:20.581583Z,14067.3,30.9
41e07739-9945-4cf0-8a04-b463bf091e14,medium,none,SUCCEEDED,1,ACKED,2026-10-01T00:06:06.470281Z,2026-10-01T00:06:20.066873Z,2026-10-01T00:06:20.377317Z,13596.6,310.4
7626c30a-039e-4c43-9b0a-058997ca4e46,medium,none,SUCCEEDED,1,ACKED,2026-10-01T00:06:06.479321Z,2026-10-01T00:06:20.394346Z,2026-10-01T00:06:20.549668Z,13915.0,155.3
32baadd7-dd95-4ab1-8794-ee90f931fdd9,medium,transient,SUCCEEDED,1,NACKED,2026-10-01T00:06:06.479321Z,2026-10-01T00:06:20.487544Z,2026-10-01T00:06:20.690470Z,14008.2,202.9
32baadd7-dd95-4ab1-8794-ee90f931fdd9,medium,transient,SUCCEEDED,2,ACKED,2026-10-01T00:06:21.459470Z,2026-10-01T00:06:46.814010Z,2026-10-01T00:06:47.016284Z,25354.5,202.3
ccd71e92-b694-4017-80f5-d16b29835b1e,short,none,SUCCEEDED,1,ACKED,2026-10-01T00:06:06.474285Z,2026-10-01T00:06:20.332635Z,2026-10-01T00:06:20.392933Z,13858.4,60.3
555a11d7-5db5-4a40-8d85-96bc6072248c,medium,none,SUCCEEDED,1,ACKED,2026-10-01T00:06:06.470281Z,2026-10-01T00:06:20.020401Z,2026-10-01T00:06:20.314611Z,13550.1,294.2
cc3c1810-95f0-4ea0-b19e-df718c851645,short,none,SUCCEEDED,1,ACKED,2026-10-01T00:06:06.474285Z,2026-10-01T00:06:20.314611Z,2026-10-01T00:06:20.361695Z,13840.3,47.1
cfe17075-b6d8-446a-9295-079b64324834,short,none,SUCCEEDED,1,ACKED,2026-10-01T00:06:06.479321Z,2026-10-01T00:06:20.425396Z,2026-10-01T00:06:20.439915Z,13946.1,14.5
b52d1a3f-7c2a-4b82-898c-16457bd27d37,medium,transient,SUCCEEDED,1,NACKED,2026-10-01T00:06:06.488320Z,2026-10-01T00:06:20.644889Z,2026-10-01T00:06:20.799496Z,14156.6,154.6
b52d1a3f-7c2a-4b82-898c-16457bd27d37,medium,transient,SUCCEEDED,2,ACKED,2026-10-01T00:06:21.647496Z,2026-10-01T00:06:46.814010Z,2026-10-01T00:06:46.969176Z,25166.5,155.2
2d4ecde9-b4a3-4bf6-aceb-5d624391adeb,short,none,SUCCEEDED,1,ACKED,2026-10-01T00:06:06.474285Z,2026-10-01T00:06:20.268912Z,2026-10-01T00:06:20.314611Z,13794.6,45.7
7aa48f51-70c3-48a7-82aa-84f73748af1e,medium,none,SUCCEEDED,1,ACKED,2026-10-01T00:06:06.483323Z,2026-10-01T00:06:20.550667Z,2026-10-01T00:06:20.768614Z,14067.3,217.9
20644ebf-5b2e-4aea-8651-2a4de50179cb,short,none,SUCCEEDED,1,ACKED,2026-10-01T00:06:06.483323Z,2026-10-01T00:06:20.598830Z,2026-10-01T00:06:20.627858Z,14115.5,29.0
273dfe4d-124c-44dd-a21e-7defbae792dc,medium,none,SUCCEEDED,1,ACKED,2026-10-01T00:06:06.479321Z,2026-10-01T00:06:20.425396Z,2026-10-01T00:06:20.721542Z,13946.1,296.1
72724d55-50a2-4e52-a0f0-59088be1baba,short,none,SUCCEEDED,1,ACKED,2026-10-01T00:06:06.474285Z,2026-10-01T00:06:20.146114Z,2026-10-01T00:06:20.206055Z,13671.8,59.9
22bbd44e-6782-4ee9-9fb2-ee89e0f2ddae,medium,none,SUCCEEDED,1,ACKED,2026-10-01T00:06:06.479321Z,2026-10-01T00:06:20.378413Z,2026-10-01T00:06:20.549668Z,13899.1,171.3
0204ec5c-4b61-4aef-88b6-2fbc8272893a,short,none,SUCCEEDED,1,ACKED,2026-10-01T00:06:06.484321Z,2026-10-01T00:06:20.519604Z,2026-10-01T00:06:20.549668Z,14035.3,30.1
6a3d5962-747b-4a05-a8cf-00ba2d916b5b,short,none,SUCCEEDED,1,ACKED,2026-10-01T00:06:06.492400Z,2026-10-01T00:06:20.862497Z,2026-10-01T00:06:20.907856Z,14370.1,45.4
70eab1f9-f1b5-44f5-9f1a-935cc761109d,short,none,SUCCEEDED,1,ACKED,2026-10-01T00:06:06.479321Z,2026-10-01T00:06:20.439915Z,2026-10-01T00:06:20.486815Z,13960.6,46.9
208c46f0-68ba-422c-a7a9-07e2afcd0489,long,permanent,FAILED,1,NACKED,2026-10-01T00:06:06.488320Z,2026-10-01T00:06:20.628860Z,2026-10-01T00:06:22.307226Z,14140.5,1678.4
7bc3f412-63fb-4153-aa3d-115ca578487c,short,none,SUCCEEDED,1,ACKED,2026-10-01T00:06:06.488320Z,2026-10-01T00:06:20.722541Z,2026-10-01T00:06:20.768614Z,14234.2,46.1
40459edb-1045-4a67-93b4-cfaffb1a4892,short,none,SUCCEEDED,1,ACKED,2026-10-01T00:06:06.483323Z,2026-10-01T00:06:20.598830Z,2026-10-01T00:06:20.643889Z,14115.5,45.1
3eaafbd4-6ed5-4249-a61e-37696941149f,short,none,SUCCEEDED,1,ACKED,2026-10-01T00:06:06.479321Z,2026-10-01T00:06:20.504085Z,2026-10-01T00:06:20.565697Z,14024.8,61.6
3ff14fc2-db0a-449b-b095-2c1b0666dff6,short,none,SUCCEEDED,1,ACKED,2026-10-01T00:06:06.483323Z,2026-10-01T00:06:20.566274Z,2026-10-01T00:06:20.597327Z,14083.0,31.1
f219a4cf-21fa-4bfe-b7a3-e75e6a297d88,medium,none,SUCCEEDED,1,ACKED,2026-10-01T00:06:06.488320Z,2026-10-01T00:06:20.769302Z,2026-10-01T00:06:20.955415Z,14281.0,186.1
4871044e-dee1-4902-ba6b-6e1627c1573f,medium,none,SUCCEEDED,1,ACKED,2026-10-01T00:06:06.496403Z,2026-10-01T00:06:21.018921Z,2026-10-01T00:06:21.143481Z,14522.5,124.6
f8ae7ca5-be62-4e92-819c-2987733d6a12,short,none,SUCCEEDED,1,ACKED,2026-10-01T00:06:06.483323Z,2026-10-01T00:06:20.550667Z,2026-10-01T00:06:20.597327Z,14067.3,46.7
d0482dda-977e-46c9-a023-d24e3ed3200f,short,none,SUCCEEDED,1,ACKED,2026-10-01T00:06:06.492400Z,2026-10-01T00:06:20.846449Z,2026-10-01T00:06:20.877569Z,14354.0,31.1
77d19a0b-2422-478e-a41f-ccab7853779f,short,none,SUCCEEDED,1,ACKED,2026-10-01T00:06:06.492400Z,2026-10-01T00:06:20.801495Z,2026-10-01T00:06:20.845758Z,14309.1,44.3
6658fb56-b9ab-4d08-b192-4d30bdb66bf2,short,none,SUCCEEDED,1,ACKED,2026-10-01T00:06:06.488320Z,2026-10-01T00:06:20.691471Z,2026-10-01T00:06:20.721542Z,14203.2,30.1
e3ade29c-80db-49b0-a860-1931e0ef0460,short,none,SUCCEEDED,1,ACKED,2026-10-01T00:06:06.483323Z,2026-10-01T00:06:20.582294Z,2026-10-01T00:06:20.627858Z,14099.0,45.6
e052f543-27ab-4fbc-8efe-5afcdb5df1ed,medium,transient,SUCCEEDED,1,NACKED,2026-10-01T00:06:06.488320Z,2026-10-01T00:06:20.722541Z,2026-10-01T00:06:20.955415Z,14234.2,232.9
e052f543-27ab-4fbc-8efe-5afcdb5df1ed,medium,transient,SUCCEEDED,2,NACKED,2026-10-01T00:06:21.686415Z,2026-10-01T00:06:46.828493Z,2026-10-01T00:06:47.062647Z,25142.1,234.2
e052f543-27ab-4fbc-8efe-5afcdb5df1ed,medium,transient,SUCCEEDED,3,ACKED,2026-10-01T00:06:48.885647Z,2026-10-01T00:06:48.994312Z,2026-10-01T00:06:49.229014Z,108.7,234.7
8d85cd8d-6fde-43c2-a75e-2088f478d9da,medium,none,SUCCEEDED,1,ACKED,2026-10-01T00:06:06.492400Z,2026-10-01T00:06:20.893335Z,2026-10-01T00:06:21.159990Z,14400.9,266.7
2996c61c-606f-44b7-8d5b-ca3cddbbdc59,medium,none,SUCCEEDED,1,ACKED,2026-10-01T00:06:06.500916Z,2026-10-01T00:06:21.191278Z,2026-10-01T00:06:21.419909Z,14690.4,228.6
ae651905-3afd-420c-9996-9938c1165d97,medium,none,SUCCEEDED,1,ACKED,2026-10-01T00:06:06.488320Z,2026-10-01T00:06:20.628860Z,2026-10-01T00:06:20.892333Z,14140.5,263.5
d398aa30-97b3-4e3d-b517-a0eb7b2be27f,short,none,SUCCEEDED,1,ACKED,2026-10-01T00:06:06.496403Z,2026-10-01T00:06:21.144478Z,2026-10-01T00:06:21.204978Z,14648.1,60.5
0ea16521-6303-4cb6-a0f4-94fcbe3216e9,medium,none,SUCCEEDED,1,ACKED,2026-10-01T00:06:06.496403Z,2026-10-01T00:06:20.955919Z,2026-10-01T00:06:21.111945Z,14459.5,156.0
f4f264af-bdbd-4489-9945-762f81bd31b1,short,none,SUCCEEDED,1,ACKED,2026-10-01T00:06:06.492400Z,2026-10-01T00:06:20.816010Z,2026-10-01T00:06:20.860987Z,14323.6,45.0
00bf65e6-92d8-4585-b3e8-5a674b90e211,short,none,SUCCEEDED,1,ACKED,2026-10-01T00:06:06.488320Z,2026-10-01T00:06:20.769302Z,2026-10-01T00:06:20.815010Z,14281.0,45.7
ce9110a5-40c3-40f0-a45a-155829513ef2,medium,none,SUCCEEDED,1,ACKED,2026-10-01T00:06:06.492400Z,2026-10-01T00:06:20.893838Z,2026-10-01T00:06:21.159990Z,14401.4,266.2
1306592f-6b74-4783-811f-dd7777620ad9,medium,none,SUCCEEDED,1,ACKED,2026-10-01T00:06:06.496403Z,2026-10-01T00:06:20.972087Z,2026-10-01T00:06:21.236337Z,14475.7,264.3
8bb24c02-ee79-42e4-bcac-9a9553f0efaa,short,none,SUCCEEDED,1,ACKED,2026-10-01T00:06:06.504917Z,2026-10-01T00:06:21.268123Z,2026-10-01T00:06:21.297814Z,14763.2,29.7
49b82e73-9531-4a24-bcd5-96ef81610a4d,short,none,SUCCEEDED,1,ACKED,2026-10-01T00:06:06.492400Z,2026-10-01T00:06:20.908856Z,2026-10-01T00:06:20.939394Z,14416.5,30.5
e34c1940-078d-4eb0-9cad-e96af1513524,short,transient,SUCCEEDED,1,NACKED,2026-10-01T00:06:06.500916Z,2026-10-01T00:06:21.191278Z,2026-10-01T00:06:21.236337Z,14690.4,45.1
e34c1940-078d-4eb0-9cad-e96af1513524,short,transient,SUCCEEDED,2,ACKED,2026-10-01T00:06:21.919337Z,2026-10-01T00:06:46.861537Z,2026-10-01T00:06:46.907294Z,24942.2,45.8
e00cf27e-16b8-4558-b27c-bce3ffed3dda,short,none,SUCCEEDED,1,ACKED,2026-10-01T00:06:06.500916Z,2026-10-01T00:06:21.160740Z,2026-10-01T00:06:21.190276Z,14659.8,29.5
75876d0c-cff3-4f3c-8e26-a87dc43dac08,short,none,SUCCEEDED,1,ACKED,2026-10-01T00:06:06.497403Z,2026-10-01T00:06:21.113452Z,2026-10-01T00:06:21.143481Z,14616.0,30.0
61551e2b-f0bd-4093-899b-6782768fcb8e,medium,none,SUCCEEDED,1,ACKED,2026-10-01T00:06:06.492400Z,2026-10-01T00:06:20.879324Z,2026-10-01T00:06:21.159990Z,14386.9,280.7
c933a94e-1dbe-4981-8864-f522b4a7b560,short,none,SUCCEEDED,1,ACKED,2026-10-01T00:06:06.496403Z,2026-10-01T00:06:20.955919Z,2026-10-01T00:06:20.986623Z,14459.5,30.7
d7ebb870-c6ad-40e4-b4b0-498196e4f61e,short,none,SUCCEEDED,1,ACKED,2026-10-01T00:06:06.500916Z,2026-10-01T00:06:21.160740Z,2026-10-01T00:06:21.190276Z,14659.8,29.5
7e5e3e2b-5311-48ce-8cab-c7e28afe2eeb,short,none,SUCCEEDED,1,ACKED,2026-10-01T00:06:06.507916Z,2026-10-01T00:06:21.467151Z,2026-10-01T00:06:21.513499Z,14959.2,46.3
2a28654c-8feb-42bf-8de8-d7a2a5356acf,short,none,SUCCEEDED,1,ACKED,2026-10-01T00:06:06.496403Z,2026-10-01T00:06:20.940394Z,2026-10-01T00:06:20.970441Z,14444.0,30.0
d7c590e8-b5ef-4355-961e-130e4169f277,short,none,SUCCEEDED,1,ACKED,2026-10-01T00:06:06.504917Z,2026-10-01T00:06:21.237335Z,2026-10-01T00:06:21.297814Z,14732.4,60.5
9d6d6f94-99fe-45d2-97fc-117d35fa909e,medium,none,SUCCEEDED,1,ACKED,2026-10-01T00:06:06.504917Z,2026-10-01T00:06:21.237335Z,2026-10-01T00:06:21.544632Z,14732.4,307.3
43c8c814-c568-4f37-8ff6-0be2240cc5ed,long,none,SUCCEEDED,1,ACKED,2026-10-01T00:06:06.500916Z,2026-10-01T00:06:21.144478Z,2026-10-01T00:06:22.495078Z,14643.6,1350.6
c15a6942-040f-4931-a8f5-7ea86a7839c3,short,none,SUCCEEDED,1,ACKED,2026-10-01T00:06:06.496403Z,2026-10-01T00:06:20.987353Z,2026-10-01T00:06:21.017423Z,14491.0,30.1
b8a929b0-d511-4658-a129-1f2a42f2a185,short,none,SUCCEEDED,1,ACKED,2026-10-01T00:06:06.500916Z,2026-10-01T00:06:21.205978Z,2026-10-01T00:06:21.236337Z,14705.1,30.4
f61c5b2e-3504-4cf4-ac24-5a86aa648ea2,medium,none,SUCCEEDED,1,ACKED,2026-10-01T00:06:06.504917Z,2026-10-01T00:06:21.268123Z,2026-10-01T00:06:21.404615Z,14763.2,136.5
58ac864a-5927-488a-b7e3-1110d8b5850c,short,none,SUCCEEDED,1,ACKED,2026-10-01T00:06:06.512428Z,2026-10-01T00:06:21.545632Z,2026-10-01T00:06:21.576377Z,15033.2,30.7
71b8bf84-3146-40ec-9db2-9de64ef4bd1b,short,none,SUCCEEDED,1,ACKED,2026-10-01T00:06:06.500916Z,2026-10-01T00:06:21.160740Z,2026-10-01T00:06:21.190276Z,14659.8,29.5
82fcaa02-525d-4d00-ad74-3ec6379fd012,short,none,SUCCEEDED,1,ACKED,2026-10-01T00:06:06.507916Z,2026-10-01T00:06:21.420909Z,2026-10-01T00:06:21.466145Z,14913.0,45.2
a2f3ad18-c449-450b-8823-28ccff59ee85,long,none,SUCCEEDED,1,ACKED,2026-10-01T00:06:06.507916Z,2026-10-01T00:06:21.390035Z,2026-10-01T00:06:22.447718Z,14882.1,1057.7
66dccded-c3fd-4dbd-a143-b64047b59e14,medium,none,SUCCEEDED,1,ACKED,2026-10-01T00:06:06.504917Z,2026-10-01T00:06:21.298816Z,2026-10-01T00:06:21.481753Z,14793.9,182.9
927d3738-9524-43d2-a2a7-506db21380e9,short,none,SUCCEEDED,1,ACKED,2026-10-01T00:06:06.500916Z,2026-10-01T00:06:21.191278Z,2026-10-01T00:06:21.220516Z,14690.4,29.2
d21a491b-ab20-4a42-8c7b-305c0683c7b7,short,none,SUCCEEDED,1,ACKED,2026-10-01T00:06:06.504917Z,2026-10-01T00:06:21.237335Z,2026-10-01T00:06:21.267124Z,14732.4,29.8
791c252a-b19b-4e37-99ab-8c50b5cad345,short,none,SUCCEEDED,1,ACKED,2026-10-01T00:06:06.507916Z,2026-10-01T00:06:21.467151Z,2026-10-01T00:06:21.497482Z,14959.2,30.3
3b0047a9-e91d-43e6-ade6-eceed27f06ab,short,none,SUCCEEDED,1,ACKED,2026-10-01T00:06:06.516427Z,2026-10-01T00:06:21.577620Z,2026-10-01T00:06:21.637053Z,15061.2,59.4
d37f458b-4438-4307-b5ed-1da29a9fe732,short,none,SUCCEEDED,1,ACKED,2026-10-01T00:06:06.504917Z,2026-10-01T00:06:21.298816Z,2026-10-01T00:06:21.342694Z,14793.9,43.9
5cd682a5-9281-4f12-a4aa-181d82f49d2b,short,none,SUCCEEDED,1,ACKED,2026-10-01T00:06:06.512428Z,2026-10-01T00:06:21.530320Z,2026-10-01T00:06:21.544632Z,15017.9,14.3
dda4ac40-e269-45a3-a162-deb18d84f0f9,short,none,SUCCEEDED,1,ACKED,2026-10-01T00:06:06.512428Z,2026-10-01T00:06:21.498482Z,2026-10-01T00:06:21.529009Z,14986.1,30.5
d9f93ad6-e154-43df-9ae3-f89b2759b6ec,short,none,SUCCEEDED,1,ACKED,2026-10-01T00:06:06.507916Z,2026-10-01T00:06:21.298816Z,2026-10-01T00:06:21.327764Z,14790.9,28.9
3c19b753-6b61-4731-b8c0-2a6aa6d7ff91,short,none,SUCCEEDED,1,ACKED,2026-10-01T00:06:06.504917Z,2026-10-01T00:06:21.221708Z,2026-10-01T00:06:21.267124Z,14716.8,45.4
f0530c9c-8224-43e7-b00b-5a8a29bb7d6e,medium,none,SUCCEEDED,1,ACKED,2026-10-01T00:06:06.507916Z,2026-10-01T00:06:21.328766Z,2026-10-01T00:06:21.544632Z,14820.9,215.9
029e0fef-8415-44f0-896c-8e70b47de5b7,short,none,SUCCEEDED,1,ACKED,2026-10-01T00:06:06.512428Z,2026-10-01T00:06:21.545632Z,2026-10-01T00:06:21.576377Z,15033.2,30.7
bc64fd31-50dc-4749-afc2-191fdc3bad93,medium,none,SUCCEEDED,1,ACKED,2026-10-01T00:06:06.520450Z,2026-10-01T00:06:21.794604Z,2026-10-01T00:06:21.980720Z,15274.2,186.1
452e99fe-542d-48f7-9d34-3aea0f594ea2,short,none,SUCCEEDED,1,ACKED,2026-10-01T00:06:06.507916Z,2026-10-01T00:06:21.405391Z,2026-10-01T00:06:21.466145Z,14897.5,60.8
a4507723-0eb6-4b01-aa08-1d8c7aa72dc2,medium,none,SUCCEEDED,1,ACKED,2026-10-01T00:06:06.516427Z,2026-10-01T00:06:21.669119Z,2026-10-01T00:06:21.871515Z,15152.7,202.4
45849d75-2387-43a5-9f67-57fc3206edff,short,none,SUCCEEDED,1,ACKED,2026-10-01T00:06:06.516427Z,2026-10-01T00:06:21.592138Z,2026-10-01T00:06:21.637053Z,15075.7,44.9
48085d16-c805-47b9-bb17-3c3bf00666e4,short,none,SUCCEEDED,1,ACKED,2026-10-01T00:06:06.512428Z,2026-10-01T00:06:21.483455Z,2026-10-01T00:06:21.544632Z,14971.0,61.2
5599dfd7-d947-4000-9cb6-6823bfd48f37,short,none,SUCCEEDED,1,ACKED,2026-10-01T00:06:06.507916Z,2026-10-01T00:06:21.344328Z,2026-10-01T00:06:21.389266Z,14836.4,44.9
1e4ae07d-bae6-41ba-8cbc-93f6d6e89eae,short,none,SUCCEEDED,1,ACKED,2026-10-01T00:06:06.512428Z,2026-10-01T00:06:21.545632Z,2026-10-01T00:06:21.591138Z,15033.2,45.5
9f55e2ff-6460-4d44-ab74-f33dd417e7bb,short,none,SUCCEEDED,1,ACKED,2026-10-01T00:06:06.516427Z,2026-10-01T00:06:21.638053Z,2026-10-01T00:06:21.668114Z,15121.6,30.1
cb16c12d-480f-4873-b39d-b7fab48ecfcf,medium,none,SUCCEEDED,1,ACKED,2026-10-01T00:06:06.524460Z,2026-10-01T00:06:22.012847Z,2026-10-01T00:06:22.212208Z,15488.4,199.4
df29e792-a137-4ecb-9a48-4e08e9940c34,medium,none,SUCCEEDED,1,ACKED,2026-10-01T00:06:06.512428Z,2026-10-01T00:06:21.545632Z,2026-10-01T00:06:21.825142Z,15033.2,279.5
0e395121-31d6-4477-9f5a-f18c71e31771,medium,none,SUCCEEDED,1,ACKED,2026-10-01T00:06:06.520450Z,2026-10-01T00:06:21.826142Z,2026-10-01T00:06:22.011573Z,15305.7,185.4
94a2a209-c5d0-4790-b56e-bca593b7f034,short,none,SUCCEEDED,1,ACKED,2026-10-01T00:06:06.520450Z,2026-10-01T00:06:21.715202Z,2026-10-01T00:06:21.761783Z,15194.8,46.6
01a45b83-1406-465f-a867-8e9b7719482c,short,none,SUCCEEDED,1,ACKED,2026-10-01T00:06:06.516427Z,2026-10-01T00:06:21.638053Z,2026-10-01T00:06:21.668114Z,15121.6,30.1
641a6af1-aba1-48af-8eaa-790dfb722f92,medium,none,SUCCEEDED,1,ACKED,2026-10-01T00:06:06.512428Z,2026-10-01T00:06:21.514499Z,2026-10-01T00:06:21.745740Z,15002.1,231.2
95c8da3c-7eb0-41ea-8792-c9d87af2fa6f,short,none,SUCCEEDED,1,ACKED,2026-10-01T00:06:06.516427Z,2026-10-01T00:06:21.623029Z,2026-10-01T00:06:21.637053Z,15106.6,14.0
3ad60cf2-8bcf-4f42-aae4-996cf59eb983,short,none,SUCCEEDED,1,ACKED,2026-10-01T00:06:06.520450Z,2026-10-01T00:06:21.669119Z,2026-10-01T00:06:21.714200Z,15148.7,45.1
1cdd3c84-a7b3-4a35-856b-602284f6c51e,medium,none,SUCCEEDED,1,ACKED,2026-10-01T00:06:06.527456Z,2026-10-01T00:06:22.228725Z,2026-10-01T00:06:22.526852Z,15701.3,298.1
adfc7ec3-02bc-464c-a70f-a69b01461d64,medium,none,SUCCEEDED,1,ACKED,2026-10-01T00:06:06.516427Z,2026-10-01T00:06:21.638053Z,2026-10-01T00:06:21.933575Z,15121.6,295.5
545ea741-32ec-4bb7-98ba-ddf85beef581,long,none,SUCCEEDED,1,ACKED,2026-10-01T00:06:06.524460Z,2026-10-01T00:06:21.934577Z,2026-10-01T00:06:23.169417Z,15410.1,1234.8
085633b7-9d20-4889-bcb9-95c85395481b,short,none,SUCCEEDED,1,ACKED,2026-10-01T00:06:06.524460Z,2026-10-01T00:06:21.888479Z,2026-10-01T00:06:21.933575Z,15364.0,45.1
7028d1dc-e432-4022-9270-cc5088bade0b,medium,none,SUCCEEDED,1,ACKED,2026-10-01T00:06:06.520450Z,2026-10-01T00:06:21.794604Z,2026-10-01T00:06:22.058559Z,15274.2,264.0
f788ecdd-b37d-422e-bf75-03203953b5c3,short,none,SUCCEEDED,1,ACKED,2026-10-01T00:06:06.516427Z,2026-10-01T00:06:21.577620Z,2026-10-01T00:06:21.622030Z,15061.2,44.4
cfb45459-e161-4ef1-a2bc-ca43f9073d00,short,none,SUCCEEDED,1,ACKED,2026-10-01T00:06:06.520450Z,2026-10-01T00:06:21.762375Z,2026-10-01T00:06:21.793597Z,15241.9,31.2
58f8e3e3-a8dc-49eb-8e9b-4c13676700b1,short,none,SUCCEEDED,1,ACKED,2026-10-01T00:06:06.524460Z,2026-10-01T00:06:21.934577Z,2026-10-01T00:06:21.949620Z,15410.1,15.0
0567b9ad-dc7a-4b24-a78a-537497780015,short,none,SUCCEEDED,1,ACKED,2026-10-01T00:06:06.531495Z,2026-10-01T00:06:22.385959Z,2026-10-01T00:06:22.447718Z,15854.5,61.8
211f29da-9b43-4d77-9099-5aecdb9a55a0,short,none,SUCCEEDED,1,ACKED,2026-10-01T00:06:06.520450Z,2026-10-01T00:06:21.872516Z,2026-10-01T00:06:21.887806Z,15352.1,15.3
323e457a-aeae-4c0b-8078-533a31528dcc,short,none,SUCCEEDED,1,ACKED,2026-10-01T00:06:06.528962Z,2026-10-01T00:06:22.309226Z,2026-10-01T00:06:22.354255Z,15780.3,45.0
c78a7c0c-3999-43bb-b801-f6bc653d10fa,short,none,SUCCEEDED,1,ACKED,2026-10-01T00:06:06.527456Z,2026-10-01T00:06:22.089792Z,2026-10-01T00:06:22.150412Z,15562.3,60.6
93209c68-033f-4887-a794-9cf99fe00f37,short,none,SUCCEEDED,1,ACKED,2026-10-01T00:06:06.524460Z,2026-10-01T00:06:21.997037Z,2026-10-01T00:06:22.026980Z,15472.6,29.9
4ce9ec6e-2100-49cc-a7fb-9e8ad123980a,short,none,SUCCEEDED,1,ACKED,2026-10-01T00:06:06.520450Z,2026-10-01T00:06:21.746739Z,2026-10-01T00:06:21.793597Z,15226.3,46.9
18cdcc73-407a-4baa-8a69-60ac6cd92d7a,medium,none,SUCCEEDED,1,ACKED,2026-10-01T00:06:06.524460Z,2026-10-01T00:06:21.981507Z,2026-10-01T00:06:22.166425Z,15457.0,184.9
880358eb-6da2-4c2a-ae6a-c014ec3acf0f,medium,transient,SUCCEEDED,1,NACKED,2026-10-01T00:06:06.527456Z,2026-10-01T00:06:22.167282Z,2026-10-01T00:06:22.447718Z,15639.8,280.4
880358eb-6da2-4c2a-ae6a-c014ec3acf0f,medium,transient,SUCCEEDED,2,ACKED,2026-10-01T00:06:23.434718Z,2026-10-01T00:06:46.970501Z,2026-10-01T00:06:47.249070Z,23535.8,278.6
b7f7088d-7fe9-4494-bcfc-ba419b1897bd,short,none,SUCCEEDED,1,ACKED,2026-10-01T00:06:06.535649Z,2026-10-01T00:06:22.511832Z,2026-10-01T00:06:22.558468Z,15976.2,46.6
8457071a-2c73-48c9-ab9b-0a22aa4ac348,short,transient,SUCCEEDED,1,NACKED,2026-10-01T00:06:06.524460Z,2026-10-01T00:06:22.027983Z,2026-10-01T00:06:22.073508Z,15503.5,45.5
8457071a-2c73-48c9-ab9b-0a22aa4ac348,short,transient,SUCCEEDED,2,ACKED,2026-10-01T00:06:22.825508Z,2026-10-01T00:06:46.861537Z,2026-10-01T00:06:46.907294Z,24036.0,45.8
40fea996-4933-4fad-8c86-d549bf0bf3a0,medium,none,SUCCEEDED,1,ACKED,2026-10-01T00:06:06.533Z,2026-10-01T00:06:22.448718Z,2026-10-01T00:06:22.698549Z,15915.7,249.8
f7785d79-2dfd-413a-8835-ae64bb24b7dd,short,none,SUCCEEDED,1,ACKED,2026-10-01T00:06:06.531495Z,2026-10-01T00:06:22.385959Z,2026-10-01T00:06:22.447718Z,15854.5,61.8
9b160bbd-c880-4019-b8f7-ba2d598d54f6,short,none,SUCCEEDED,1,ACKED,2026-10-01T00:06:06.527456Z,2026-10-01T00:06:22.213213Z,2026-10-01T00:06:22.227725Z,15685.8,14.5
60d60da9-60c2-4017-ac55-3044b89d6888,short,transient,SUCCEEDED,1,NACKED,2026-10-01T00:06:06.524460Z,2026-10-01T00:06:21.950620Z,2026-10-01T00:06:21.996029Z,15426.2,45.4
60d60da9-60c2-4017-ac55-3044b89d6888,short,transient,SUCCEEDED,2,ACKED,2026-10-01T00:06:22.933029Z,2026-10-01T00:06:46.908292Z,2026-10-01T00:06:46.953153Z,23975.3,44.9
8df312d0-5b03-468b-a195-3fd4feec17a1,short,none,SUCCEEDED,1,ACKED,2026-10-01T00:06:06.527456Z,2026-10-01T00:06:22.059559Z,2026-10-01T00:06:22.089062Z,15532.1,29.5
b92f8ba8-1399-4e93-914b-97b138314cc0,short,none,SUCCEEDED,1,ACKED,2026-10-01T00:06:06.531495Z,2026-10-01T00:06:22.448718Z,2026-10-01T00:06:22.495078Z,15917.2,46.4
e1d468f8-a0d6-42fd-9b5d-5f4e860d9f65,medium,none,SUCCEEDED,1,ACKED,2026-10-01T00:06:06.539652Z,2026-10-01T00:06:22.747118Z,2026-10-01T00:06:23.027865Z,16207.5,280.7
8bab6831-616c-4bb2-a7a2-d54478483358,medium,none,SUCCEEDED,1,ACKED,2026-10-01T00:06:06.527456Z,2026-10-01T00:06:22.151411Z,2026-10-01T00:06:22.432332Z,15624.0,280.9
c3b4fa6c-6fd1-4359-841b-7b54160b37b0,short,transient,SUCCEEDED,1,NACKED,2026-10-01T00:06:06.535649Z,2026-10-01T00:06:22.496210Z,2026-10-01T00:06:22.510832Z,15960.6,14.6
c3b4fa6c-6fd1-4359-841b-7b54160b37b0,short,transient,SUCCEEDED,2,ACKED,2026-10-01T00:06:23.269832Z,2026-10-01T00:06:46.908292Z,2026-10-01T00:06:46.922314Z,23638.5,14.0
d959f790-31ec-4d08-85d1-9c6bd2050b06,medium,none,SUCCEEDED,1,ACKED,2026-10-01T00:06:06.535649Z,2026-10-01T00:06:22.496210Z,2026-10-01T00:06:22.746099Z,15960.6,249.9
04968280-b60e-4f08-bf6a-408ca58fdd60,short,none,SUCCEEDED,1,ACKED,2026-10-01T00:06:06.531495Z,2026-10-01T00:06:22.355279Z,2026-10-01T00:06:22.385078Z,15823.8,29.8
7c55d0f3-ed98-4f58-b2f4-4b85200c03eb,medium,none,SUCCEEDED,1,ACKED,2026-10-01T00:06:06.527456Z,2026-10-01T00:06:22.074508Z,2026-10-01T00:06:22.385078Z,15547.1,310.6
7b4393f3-67f8-44ca-bb23-25dbc9054d8b,short,transient,DEAD_LETTER,1,NACKED,2026-10-01T00:06:06.531495Z,2026-10-01T00:06:22.448718Z,2026-10-01T00:06:22.495078Z,15917.2,46.4
7b4393f3-67f8-44ca-bb23-25dbc9054d8b,short,transient,DEAD_LETTER,2,NACKED,2026-10-01T00:06:23.477078Z,2026-10-01T00:06:46.970501Z,2026-10-01T00:06:47.016284Z,23493.4,45.8
7b4393f3-67f8-44ca-bb23-25dbc9054d8b,short,transient,DEAD_LETTER,3,NACKED,2026-10-01T00:06:48.491284Z,2026-10-01T00:06:48.760994Z,2026-10-01T00:06:48.806282Z,269.7,45.3
2f88d3e9-3954-40b9-b120-a7893295d409,short,transient,SUCCEEDED,1,NACKED,2026-10-01T00:06:06.539652Z,2026-10-01T00:06:22.747118Z,2026-10-01T00:06:22.793536Z,16207.5,46.4
2f88d3e9-3954-40b9-b120-a7893295d409,short,transient,SUCCEEDED,2,ACKED,2026-10-01T00:06:23.596536Z,2026-10-01T00:06:47.001191Z,2026-10-01T00:06:47.047173Z,23404.7,46.0
d2f9b20c-6c6b-4aff-96da-78e5735ea2d1,medium,none,SUCCEEDED,1,ACKED,2026-10-01T00:06:06.543165Z,2026-10-01T00:06:22.950108Z,2026-10-01T00:06:23.201705Z,16406.9,251.6
4aa83f61-0218-48e3-bdd8-cf6cd8c65c61,long,transient,SUCCEEDED,1,NACKED,2026-10-01T00:06:06.531495Z,2026-10-01T00:06:22.433332Z,2026-10-01T00:06:23.513645Z,15901.8,1080.3
4aa83f61-0218-48e3-bdd8-cf6cd8c65c61,long,transient,SUCCEEDED,2,ACKED,2026-10-01T00:06:24.066645Z,2026-10-01T00:06:47.063653Z,2026-10-01T00:06:48.134961Z,22997.0,1071.3
a6521076-0746-4a9f-9262-a5bb0a68c816,medium,none,SUCCEEDED,1,ACKED,2026-10-01T00:06:06.539652Z,2026-10-01T00:06:22.715573Z,2026-10-01T00:06:22.823784Z,16175.9,108.2
a4e0ff9f-d1bc-43c7-9918-2aa2e3997930,medium,transient,SUCCEEDED,1,NACKED,2026-10-01T00:06:06.539652Z,2026-10-01T00:06:22.747118Z,2026-10-01T00:06:22.901809Z,16207.5,154.7
a4e0ff9f-d1bc-43c7-9918-2aa2e3997930,medium,transient,SUCCEEDED,2,NACKED,2026-10-01T00:06:23.431809Z,2026-10-01T00:06:46.954154Z,2026-10-01T00:06:47.110213Z,23522.3,156.1
a4e0ff9f-d1bc-43c7-9918-2aa2e3997930,medium,transient,SUCCEEDED,3,ACKED,2026-10-01T00:06:48.563213Z,2026-10-01T00:06:48.807428Z,2026-10-01T00:06:48.962058Z,244.2,154.6
61f47748-8de4-495c-95d2-e2bea7919a9a,medium,none,SUCCEEDED,1,ACKED,2026-10-01T00:06:06.535649Z,2026-10-01T00:06:22.496210Z,2026-10-01T00:06:22.777657Z,15960.6,281.4
58b33897-1c45-4991-b793-2033fd2ad284,short,none,SUCCEEDED,1,ACKED,2026-10-01T00:06:06.534008Z,2026-10-01T00:06:22.448718Z,2026-10-01T00:06:22.495078Z,15914.7,46.4
324f9dc8-7a10-456f-bae4-b41496cf14ec,medium,none,SUCCEEDED,1,ACKED,2026-10-01T00:06:06.535649Z,2026-10-01T00:06:22.528485Z,2026-10-01T00:06:22.746099Z,15992.8,217.6
ef7cb520-d1cf-4cef-bfe9-a3a7c7ce527b,short,transient,SUCCEEDED,1,NACKED,2026-10-01T00:06:06.543165Z,2026-10-01T00:06:22.952107Z,2026-10-01T00:06:22.997002Z,16408.9,44.9
ef7cb520-d1cf-4cef-bfe9-a3a7c7ce527b,short,transient,SUCCEEDED,2,ACKED,2026-10-01T00:06:23.805002Z,2026-10-01T00:06:47.017285Z,2026-10-01T00:06:47.062647Z,23212.3,45.4
97a731c4-29d5-4ecb-9270-bd2133e9bd57,short,none,SUCCEEDED,1,ACKED,2026-10-01T00:06:06.549680Z,2026-10-01T00:06:23.013729Z,2026-10-01T00:06:23.043169Z,16464.0,29.4
0b04e490-d1a4-4346-b68a-f74f7e3bc41b,medium,transient,SUCCEEDED,1,NACKED,2026-10-01T00:06:06.535649Z,2026-10-01T00:06:22.496210Z,2026-10-01T00:06:22.714574Z,15960.6,218.4
0b04e490-d1a4-4346-b68a-f74f7e3bc41b,medium,transient,SUCCEEDED,2,ACKED,2026-10-01T00:06:23.387574Z,2026-10-01T00:06:46.923314Z,2026-10-01T00:06:47.140403Z,23535.7,217.1
ee66b222-820a-43ba-9fa3-7209745660e7,medium,none,SUCCEEDED,1,ACKED,2026-10-01T00:06:06.543165Z,2026-10-01T00:06:22.870034Z,2026-10-01T00:06:23.012729Z,16326.9,142.7
2b2c942c-da24-4173-9125-f043250a5048,short,none,SUCCEEDED,1,ACKED,2026-10-01T00:06:06.543165Z,2026-10-01T00:06:22.903315Z,2026-10-01T00:06:22.949108Z,16360.2,45.8
5d25917b-04fd-4209-be47-09f6e0e9e1dc,short,none,SUCCEEDED,1,ACKED,2026-10-01T00:06:06.539652Z,2026-10-01T00:06:22.794241Z,2026-10-01T00:06:22.838801Z,16254.6,44.6
e88ff8ea-f71c-40c7-ae2f-2747e134ec78,short,none,SUCCEEDED,1,ACKED,2026-10-01T00:06:06.536650Z,2026-10-01T00:06:22.560260Z,2026-10-01T00:06:22.589295Z,16023.6,29.0
b3c9cb14-3498-4af6-89eb-658b2f982bc1,medium,none,SUCCEEDED,1,ACKED,2026-10-01T00:06:06.539652Z,2026-10-01T00:06:22.699550Z,2026-10-01T00:06:22.997002Z,16159.9,297.5
303347b5-def7-4070-b195-560e77a3dc23,medium,none,SUCCEEDED,1,ACKED,2026-10-01T00:06:06.549680Z,2026-10-01T00:06:23.028656Z,2026-10-01T00:06:23.153885Z,16479.0,125.2
59c3cb9c-4323-4cdf-90a4-c076d4a2e238,short,none,SUCCEEDED,1,ACKED,2026-10-01T00:06:06.553190Z,2026-10-01T00:06:23.170420Z,2026-10-01T00:06:23.201705Z,16617.2,31.3
a3d83f35-844e-47cb-961e-5c1274f7ebaf,medium,none,SUCCEEDED,1,ACKED,2026-10-01T00:06:06.539652Z,2026-10-01T00:06:22.590860Z,2026-10-01T00:06:22.746099Z,16051.2,155.2
c74c920f-1407-43b9-8a86-b368c44c84de,short,none,SUCCEEDED,1,ACKED,2026-10-01T00:06:06.549680Z,2026-10-01T00:06:23.044166Z,2026-10-01T00:06:23.091105Z,16494.5,46.9
4527b747-62c9-4da0-be96-673927447a8a,short,none,SUCCEEDED,1,ACKED,2026-10-01T00:06:06.549680Z,2026-10-01T00:06:22.998006Z,2026-10-01T00:06:23.012729Z,16448.3,14.7
b90bde09-5e89-40e1-936d-f5dd7236bec9,short,none,SUCCEEDED,1,ACKED,2026-10-01T00:06:06.543165Z,2026-10-01T00:06:22.886798Z,2026-10-01T00:06:22.949108Z,16343.6,62.3
fa2dfb4c-1aae-434d-ae53-09a0eae696d7,short,none,SUCCEEDED,1,ACKED,2026-10-01T00:06:06.539652Z,2026-10-01T00:06:22.778660Z,2026-10-01T00:06:22.838801Z,16239.0,60.1
b98bdc10-1268-4200-b875-0222c4b4666e,short,none,SUCCEEDED,1,ACKED,2026-10-01T00:06:06.543165Z,2026-10-01T00:06:22.839808Z,2026-10-01T00:06:22.885786Z,16296.6,46.0
db6585a8-cdda-44c9-8cc7-7c6db36fc339,short,none,SUCCEEDED,1,ACKED,2026-10-01T00:06:06.553190Z,2026-10-01T00:06:23.139351Z,2026-10-01T00:06:23.169417Z,16586.2,30.1
4df40aee-a1f8-44d4-9dc7-2ecf9f75b3e0,short,transient,SUCCEEDED,1,NACKED,2026-10-01T00:06:06.557192Z,2026-10-01T00:06:23.374094Z,2026-10-01T00:06:23.419712Z,16816.9,45.6
4df40aee-a1f8-44d4-9dc7-2ecf9f75b3e0,short,transient,SUCCEEDED,2,ACKED,2026-10-01T00:06:24.034712Z,2026-10-01T00:06:47.048174Z,2026-10-01T00:06:47.094653Z,23013.5,46.5
cd90cadf-4fd6-4759-9716-6c077843fa10,medium,none,SUCCEEDED,1,ACKED,2026-10-01T00:06:06.543165Z,2026-10-01T00:06:22.824784Z,2026-10-01T00:06:23.106810Z,16281.6,282.0
6b95f53a-8843-43dc-a37d-fc013a3a99d7,medium,none,SUCCEEDED,1,ACKED,2026-10-01T00:06:06.553190Z,2026-10-01T00:06:23.154389Z,2026-10-01T00:06:23.403694Z,16601.2,249.3
aff49049-d8a0-4fe3-9b6a-98bd70aa3ffb,short,none,SUCCEEDED,1,ACKED,2026-10-01T00:06:06.553190Z,2026-10-01T00:06:23.154389Z,2026-10-01T00:06:23.217545Z,16601.2,63.2
ee6e1e5b-610e-4df2-8508-916aef276884,long,none,SUCCEEDED,1,ACKED,2026-10-01T00:06:06.549680Z,2026-10-01T00:06:23.013729Z,2026-10-01T00:06:24.422797Z,16464.0,1409.1
b425a21a-46a1-4830-93ae-637a450ef10e,short,none,SUCCEEDED,1,ACKED,2026-10-01T00:06:06.543165Z,2026-10-01T00:06:22.839808Z,2026-10-01T00:06:22.870034Z,16296.6,30.2
7c5a3e4a-8306-4a5c-92a2-93821be3978a,short,none,SUCCEEDED,1,ACKED,2026-10-01T00:06:06.549680Z,2026-10-01T00:06:23.091783Z,2026-10-01T00:06:23.122829Z,16542.1,31.0
b5ba97d6-c788-413b-aa71-45f274119117,long,none,SUCCEEDED,1,ACKED,2026-10-01T00:06:06.557192Z,2026-10-01T00:06:23.265586Z,2026-10-01T00:06:24.625747Z,16708.4,1360.2
ca3e7a06-4097-4011-a6f4-869c596462da,medium,none,SUCCEEDED,1,ACKED,2026-10-01T00:06:06.560191Z,2026-10-01T00:06:23.452245Z,2026-10-01T00:06:23.623442Z,16892.1,171.2
5fee1855-3a44-4b32-845b-1144469a1093,short,transient,SUCCEEDED,1,NACKED,2026-10-01T00:06:06.549680Z,2026-10-01T00:06:22.998006Z,2026-10-01T00:06:23.043169Z,16448.3,45.2
5fee1855-3a44-4b32-845b-1144469a1093,short,transient,SUCCEEDED,2,NACKED,2026-10-01T00:06:23.720169Z,2026-10-01T00:06:47.017285Z,2026-10-01T00:06:47.062647Z,23297.1,45.4
5fee1855-3a44-4b32-845b-1144469a1093,short,transient,SUCCEEDED,3,ACKED,2026-10-01T00:06:48.350647Z,2026-10-01T00:06:48.714021Z,2026-10-01T00:06:48.759993Z,363.4,46.0
4850286d-e6b7-4a1c-b1a9-1e8291606e6e,short,none,SUCCEEDED,1,ACKED,2026-10-01T00:06:06.557192Z,2026-10-01T00:06:23.202519Z,2026-10-01T00:06:23.264586Z,16645.3,62.1
91037362-0e54-4d89-96e3-20ac2f290dd1,medium,none,SUCCEEDED,1,ACKED,2026-10-01T00:06:06.557192Z,2026-10-01T00:06:23.234056Z,2026-10-01T00:06:23.373272Z,16676.9,139.2
0958e3c3-d297-437b-b7ec-9797d4239fdc,short,none,SUCCEEDED,1,ACKED,2026-10-01T00:06:06.553190Z,2026-10-01T00:06:23.107811Z,2026-10-01T00:06:23.138353Z,16554.6,30.5
8ab365a0-c140-401e-a0d8-fc4ebe56269e,long,none,SUCCEEDED,1,ACKED,2026-10-01T00:06:06.549680Z,2026-10-01T00:06:23.044166Z,2026-10-01T00:06:24.391961Z,16494.5,1347.8
116ccbfd-caa2-45b7-b28a-046f3ec2324f,medium,none,SUCCEEDED,1,ACKED,2026-10-01T00:06:06.554191Z,2026-10-01T00:06:23.202519Z,2026-10-01T00:06:23.435223Z,16648.3,232.7
46bb9380-d27c-4be2-afd8-66318da09cfe,short,none,SUCCEEDED,1,ACKED,2026-10-01T00:06:06.561696Z,2026-10-01T00:06:23.529963Z,2026-10-01T00:06:23.576744Z,16968.3,46.8
16ef3c2e-e33f-461d-a2bb-734b76932cf9,short,none,SUCCEEDED,1,ACKED,2026-10-01T00:06:06.564701Z,2026-10-01T00:06:23.577745Z,2026-10-01T00:06:23.623442Z,17013.0,45.7
b37aaf21-48c9-409c-8635-2d16ae0a5818,short,none,SUCCEEDED,1,ACKED,2026-10-01T00:06:06.553190Z,2026-10-01T00:06:23.125837Z,2026-10-01T00:06:23.153885Z,16572.6,28.0
1442933b-f03e-4e08-9ff2-ae3e0ed334b7,short,none,SUCCEEDED,1,ACKED,2026-10-01T00:06:06.560191Z,2026-10-01T00:06:23.515643Z,2026-10-01T00:06:23.544992Z,16955.5,29.3
cbdf3236-b4dd-4054-adaf-f9114d887c6a,long,none,SUCCEEDED,1,ACKED,2026-10-01T00:06:06.560191Z,2026-10-01T00:06:23.404692Z,2026-10-01T00:06:25.073341Z,16844.5,1668.6
5d35191a-57cb-4afa-bd39-9c0643d102f5,short,none,SUCCEEDED,1,ACKED,2026-10-01T00:06:06.557192Z,2026-10-01T00:06:23.218521Z,2026-10-01T00:06:23.264586Z,16661.3,46.1
49d03ae8-8749-40dd-b025-4553430e459c,short,none,SUCCEEDED,1,ACKED,2026-10-01T00:06:06.554191Z,2026-10-01T00:06:23.170420Z,2026-10-01T00:06:23.201705Z,16616.2,31.3
1faf7e6b-acd2-481d-9aac-2758f4969895,medium,none,SUCCEEDED,1,ACKED,2026-10-01T00:06:06.557192Z,2026-10-01T00:06:23.296172Z,2026-10-01T00:06:23.607420Z,16739.0,311.2
e31e7359-7a01-49b3-bb95-8485a57b427a,short,none,SUCCEEDED,1,ACKED,2026-10-01T00:06:06.564701Z,2026-10-01T00:06:23.655978Z,2026-10-01T00:06:23.670990Z,17091.3,15.0
cfdacf1c-881c-40bb-8d69-54b2e64f1211,medium,none,SUCCEEDED,1,ACKED,2026-10-01T00:06:06.569702Z,2026-10-01T00:06:23.718033Z,2026-10-01T00:06:23.889379Z,17148.3,171.3
a2eb1a3e-bf8b-4ac6-8362-980cba2b6b63,short,none,SUCCEEDED,1,ACKED,2026-10-01T00:06:06.557192Z,2026-10-01T00:06:23.202519Z,2026-10-01T00:06:23.233054Z,16645.3,30.5
55baa1c6-5a2c-4fd7-9ac8-ce51b249f7eb,medium,none,SUCCEEDED,1,ACKED,2026-10-01T00:06:06.564701Z,2026-10-01T00:06:23.624442Z,2026-10-01T00:06:23.919937Z,17059.7,295.5
d393c5c9-33d1-400f-a2c5-d4fcfeb73bb9,short,none,SUCCEEDED,1,ACKED,2026-10-01T00:06:06.564701Z,2026-10-01T00:06:23.655978Z,2026-10-01T00:06:23.717032Z,17091.3,61.1
7325302b-2393-41c4-84ea-30b076a46287,short,none,SUCCEEDED,1,ACKED,2026-10-01T00:06:06.560191Z,2026-10-01T00:06:23.483799Z,2026-10-01T00:06:23.529158Z,16923.6,45.4
5d85c21b-05c4-4739-a5fa-6fd7eafe525f,short,none,SUCCEEDED,1,ACKED,2026-10-01T00:06:06.557192Z,2026-10-01T00:06:23.265586Z,2026-10-01T00:06:23.295668Z,16708.4,30.1
0e24ca5f-31e5-48ba-8d50-86b5468b055f,short,none,SUCCEEDED,1,ACKED,2026-10-01T00:06:06.560191Z,2026-10-01T00:06:23.420714Z,2026-10-01T00:06:23.451246Z,16860.5,30.5
781b50dd-eead-4070-825e-953354e76c54,medium,none,SUCCEEDED,1,ACKED,2026-10-01T00:06:06.569702Z,2026-10-01T00:06:23.890100Z,2026-10-01T00:06:24.091034Z,17320.4,200.9
03c9abe4-daf0-4f05-8d0c-3d75527469dc,medium,none,SUCCEEDED,1,ACKED,2026-10-01T00:06:06.573214Z,2026-10-01T00:06:23.966977Z,2026-10-01T00:06:24.107624Z,17393.8,140.6
14666fe5-c0fc-4f6e-a97b-5fd9f8438629,short,none,SUCCEEDED,1,ACKED,2026-10-01T00:06:06.561696Z,2026-10-01T00:06:23.545990Z,2026-10-01T00:06:23.576744Z,16984.3,30.8
2ec39792-df21-4acb-8882-110088f73b6e,short,none,SUCCEEDED,1,ACKED,2026-10-01T00:06:06.569702Z,2026-10-01T00:06:23.718033Z,2026-10-01T00:06:23.764614Z,17148.3,46.6
9488e493-a091-4abd-8cfe-04e34617c26b,medium,none,SUCCEEDED,1,ACKED,2026-10-01T00:06:06.569702Z,2026-10-01T00:06:23.718033Z,2026-10-01T00:06:23.904648Z,17148.3,186.6
258ee24f-abff-4c60-bee7-b9403adaf2c8,short,none,SUCCEEDED,1,ACKED,2026-10-01T00:06:06.564701Z,2026-10-01T00:06:23.624442Z,2026-10-01T00:06:23.670990Z,17059.7,46.5
cc111779-e457-449a-94a3-51c8937544ea,short,none,SUCCEEDED,1,ACKED,2026-10-01T00:06:06.560191Z,2026-10-01T00:06:23.436222Z,2026-10-01T00:06:23.482294Z,16876.0,46.1
d320041f-e8cb-460b-bcc2-b6cd3f9fd38b,short,none,SUCCEEDED,1,ACKED,2026-10-01T00:06:06.564701Z,2026-10-01T00:06:23.607420Z,2026-10-01T00:06:23.654980Z,17042.7,47.6
4e1019ef-f029-4630-a7c2-ea11f5b94c3c,short,none,SUCCEEDED,1,ACKED,2026-10-01T00:06:06.573214Z,2026-10-01T00:06:23.998784Z,2026-10-01T00:06:24.029541Z,17425.6,30.8
36a04528-cf15-4c5a-b885-7a403bb47780,short,none,SUCCEEDED,1,ACKED,2026-10-01T00:06:06.576898Z,2026-10-01T00:06:24.092099Z,2026-10-01T00:06:24.139162Z,17515.2,47.1
97081ffa-c877-4c35-8708-043ac2949433,short,none,SUCCEEDED,1,ACKED,2026-10-01T00:06:06.564701Z,2026-10-01T00:06:23.577745Z,2026-10-01T00:06:23.607420Z,17013.0,29.7
ec066f0e-d1ee-4bf8-981e-73996a984112,short,none,SUCCEEDED,1,ACKED,2026-10-01T00:06:06.573214Z,2026-10-01T00:06:23.952282Z,2026-10-01T00:06:23.997677Z,17379.1,45.4
6d8b2bb8-b513-4622-b02f-8c6fa199859a,short,none,SUCCEEDED,1,ACKED,2026-10-01T00:06:06.573214Z,2026-10-01T00:06:23.936757Z,2026-10-01T00:06:23.966306Z,17363.5,29.5
094e5498-954c-4116-af94-609f3d8bb979,short,none,SUCCEEDED,1,ACKED,2026-10-01T00:06:06.569702Z,2026-10-01T00:06:23.671991Z,2026-10-01T00:06:23.717032Z,17102.3,45.0
329bb114-b472-4699-acdb-2848e220f3ac,short,none,SUCCEEDED,1,ACKED,2026-10-01T00:06:06.564701Z,2026-10-01T00:06:23.607420Z,2026-10-01T00:06:23.654980Z,17042.7,47.6
3f0acf64-4414-42b8-9704-3fe6afdc3995,short,none,SUCCEEDED,1,ACKED,2026-10-01T00:06:06.569702Z,2026-10-01T00:06:23.874765Z,2026-10-01T00:06:23.919937Z,17305.1,45.2
98600989-7a0a-477f-8602-ae8385f0a244,medium,none,SUCCEEDED,1,ACKED,2026-10-01T00:06:06.576898Z,2026-10-01T00:06:24.092099Z,2026-10-01T00:06:24.202091Z,17515.2,110.0
cbd5ceb4-246c-4bef-89e9-0df4a7413a2e,short,none,SUCCEEDED,1,ACKED,2026-10-01T00:06:06.580413Z,2026-10-01T00:06:24.202594Z,2026-10-01T00:06:24.233627Z,17622.2,31.0
19521e37-63ef-4961-9e8a-f6fdda878007,short,none,SUCCEEDED,1,ACKED,2026-10-01T00:06:06.569702Z,2026-10-01T00:06:23.671991Z,2026-10-01T00:06:23.717032Z,17102.3,45.0
b5f07b36-e48a-44a2-b4a4-cc6e3363bf32,short,none,SUCCEEDED,1,ACKED,2026-10-01T00:06:06.576898Z,2026-10-01T00:06:24.108629Z,2026-10-01T00:06:24.154677Z,17531.7,46.0
c89ffa0b-b834-4791-a1ea-b14ad7d0e997,short,none,SUCCEEDED,1,ACKED,2026-10-01T00:06:06.576898Z,2026-10-01T00:06:24.140169Z,2026-10-01T00:06:24.154677Z,17563.3,14.5
9a55cc64-6ceb-4878-b003-ba6a20d40ce1,short,none,SUCCEEDED,1,ACKED,2026-10-01T00:06:06.573214Z,2026-10-01T00:06:23.922727Z,2026-10-01T00:06:23.966306Z,17349.5,43.6
d86b2b6c-6b59-460e-92b3-60540d0b7793,medium,none,SUCCEEDED,1,ACKED,2026-10-01T00:06:06.569702Z,2026-10-01T00:06:23.765427Z,2026-10-01T00:06:23.873767Z,17195.7,108.3
5bbf3a00-8016-4538-b27d-5e5552606852,short,none,SUCCEEDED,1,ACKED,2026-10-01T00:06:06.573214Z,2026-10-01T00:06:23.919937Z,2026-10-01T00:06:23.951279Z,17346.7,31.3
2d10eb0a-51ff-4ffa-870a-f752c43c76cc,short,none,SUCCEEDED,1,ACKED,2026-10-01T00:06:06.580413Z,2026-10-01T00:06:24.313813Z,2026-10-01T00:06:24.359853Z,17733.4,46.0
ad33efd5-8943-4d10-9499-0da52e322f75,short,none,SUCCEEDED,1,ACKED,2026-10-01T00:06:06.585436Z,2026-10-01T00:06:24.408189Z,2026-10-01T00:06:24.438312Z,17822.8,30.1
3b138a50-031c-42f3-a3b6-090fc2d09fe9,short,none,SUCCEEDED,1,ACKED,2026-10-01T00:06:06.573214Z,2026-10-01T00:06:23.966977Z,2026-10-01T00:06:24.013321Z,17393.8,46.3
a1c4463d-079a-4713-90ed-d76198144c4e,short,none,SUCCEEDED,1,ACKED,2026-10-01T00:06:06.580413Z,2026-10-01T00:06:24.235136Z,2026-10-01T00:06:24.266150Z,17654.7,31.0
dd85315c-67a4-4bb6-9e39-4ab16657fab2,short,none,SUCCEEDED,1,ACKED,2026-10-01T00:06:06.580413Z,2026-10-01T00:06:24.267154Z,2026-10-01T00:06:24.328824Z,17686.7,61.7
fbb37f34-0790-4a13-88d2-92354936d3ee,short,none,SUCCEEDED,1,ACKED,2026-10-01T00:06:06.576898Z,2026-10-01T00:06:24.030401Z,2026-10-01T00:06:24.091034Z,17453.5,60.6
c40f7a74-729e-4a18-be6a-8ca0fd0e51d2,short,none,SUCCEEDED,1,ACKED,2026-10-01T00:06:06.573214Z,2026-10-01T00:06:23.904648Z,2026-10-01T00:06:23.935753Z,17331.4,31.1
84f8082d-76ab-463a-9648-d4c177fe3240,medium,none,SUCCEEDED,1,ACKED,2026-10-01T00:06:06.576898Z,2026-10-01T00:06:24.045934Z,2026-10-01T00:06:24.344329Z,17469.0,298.4
726ec54d-7312-4ddd-a27d-2ace057905c9,short,transient,SUCCEEDED,1,NACKED,2026-10-01T00:06:06.585436Z,2026-10-01T00:06:24.329828Z,2026-10-01T00:06:24.359853Z,17744.4,30.0
726ec54d-7312-4ddd-a27d-2ace057905c9,short,transient,SUCCEEDED,2,ACKED,2026-10-01T00:06:24.871853Z,2026-10-01T00:06:47.063653Z,2026-10-01T00:06:47.094653Z,22191.8,31.0
ba2df9f2-57ce-4430-a117-7c43da2b1a74,medium,none,SUCCEEDED,1,ACKED,2026-10-01T00:06:06.589451Z,2026-10-01T00:06:24.486380Z,2026-10-01T00:06:24.641766Z,17896.9,155.4
0c229e41-ee7d-4fa9-b8e2-2bd14dc074a4,short,none,SUCCEEDED,1,ACKED,2026-10-01T00:06:06.576898Z,2026-10-01T00:06:24.014327Z,2026-10-01T00:06:24.044923Z,17437.4,30.6
41f1d062-7725-492a-a6bd-a900fd70adf5,short,none,SUCCEEDED,1,ACKED,2026-10-01T00:06:06.585436Z,2026-10-01T00:06:24.408189Z,2026-10-01T00:06:24.454332Z,17822.8,46.1
70d6b2bc-892c-4e6d-9438-2f7054a3c30d,short,none,SUCCEEDED,1,ACKED,2026-10-01T00:06:06.585436Z,2026-10-01T00:06:24.345330Z,2026-10-01T00:06:24.407187Z,17759.9,61.9
93023f28-23fc-4786-afb3-549e2a76e4a8,short,none,SUCCEEDED,1,ACKED,2026-10-01T00:06:06.580413Z,2026-10-01T00:06:24.202594Z,2026-10-01T00:06:24.250141Z,17622.2,47.5
d1991780-8968-4989-ac54-f17f13e6f5d3,short,none,SUCCEEDED,1,ACKED,2026-10-01T00:06:06.576898Z,2026-10-01T00:06:24.155678Z,2026-10-01T00:06:24.202091Z,17578.8,46.4
1300eb85-4320-4c05-b54b-8cc7c11724af,short,none,SUCCEEDED,1,ACKED,2026-10-01T00:06:06.580413Z,2026-10-01T00:06:24.155678Z,2026-10-01T00:06:24.202091Z,17575.3,46.4
923726b8-b871-4aec-af32-f16de060fc9d,short,none,SUCCEEDED,1,ACKED,2026-10-01T00:06:06.589451Z,2026-10-01T00:06:24.455334Z,2026-10-01T00:06:24.485374Z,17865.9,30.0
227865d9-e0bb-4cd8-8151-9093169f060e,medium,none,SUCCEEDED,1,ACKED,2026-10-01T00:06:06.592956Z,2026-10-01T00:06:24.657792Z,2026-10-01T00:06:24.918332Z,18064.8,260.5
29123612-51f4-44f1-a823-07410c429c3f,short,transient,SUCCEEDED,1,NACKED,2026-10-01T00:06:06.580413Z,2026-10-01T00:06:24.250141Z,2026-10-01T00:06:24.312813Z,17669.7,62.7
29123612-51f4-44f1-a823-07410c429c3f,short,transient,SUCCEEDED,2,ACKED,2026-10-01T00:06:25.013813Z,2026-10-01T00:06:47.063653Z,2026-10-01T00:06:47.125247Z,22049.8,61.6
aa8f74de-b257-4b42-aaf8-cb22ed84326f,medium,none,SUCCEEDED,1,ACKED,2026-10-01T00:06:06.589451Z,2026-10-01T00:06:24.486380Z,2026-10-01T00:06:24.656788Z,17896.9,170.4
7fa926bb-ba5c-49c2-8e91-eab165d4791e,short,none,SUCCEEDED,1,ACKED,2026-10-01T00:06:06.589451Z,2026-10-01T00:06:24.611235Z,2026-10-01T00:06:24.641766Z,18021.8,30.5
4ff2c0e6-62e4-466b-b856-2d869edd8fcb,short,none,SUCCEEDED,1,ACKED,2026-10-01T00:06:06.585436Z,2026-10-01T00:06:24.393675Z,2026-10-01T00:06:24.407187Z,17808.2,13.5
acb49621-63fe-4c8d-9d4a-4197df7afe01,medium,none,SUCCEEDED,1,ACKED,2026-10-01T00:06:06.580413Z,2026-10-01T00:06:24.202594Z,2026-10-01T00:06:24.500502Z,17622.2,297.9
ec54345e-f907-4350-8f38-8f6c110d7aca,long,none,SUCCEEDED,1,ACKED,2026-10-01T00:06:06.585436Z,2026-10-01T00:06:24.408189Z,2026-10-01T00:06:25.696834Z,17822.8,1288.6
2a2dbd8e-2d36-4e88-a68d-6edf0d0da34c,short,none,SUCCEEDED,1,ACKED,2026-10-01T00:06:06.592956Z,2026-10-01T00:06:24.626747Z,2026-10-01T00:06:24.656788Z,18033.8,30.0
2d8506e1-54a9-4afd-97a5-f0ebc1f7082b,short,none,SUCCEEDED,1,ACKED,2026-10-01T00:06:06.596963Z,2026-10-01T00:06:24.735632Z,2026-10-01T00:06:24.764593Z,18138.7,29.0
a3f6f181-38a7-419f-b926-a109405813f9,short,none,SUCCEEDED,1,ACKED,2026-10-01T00:06:06.585436Z,2026-10-01T00:06:24.360610Z,2026-10-01T00:06:24.407187Z,17775.2,46.6
44377559-394b-475a-a6e7-34c15310d065,medium,none,SUCCEEDED,1,ACKED,2026-10-01T00:06:06.592956Z,2026-10-01T00:06:24.673315Z,2026-10-01T00:06:24.809583Z,18080.4,136.3
92e90c74-0dce-4a19-b55e-2049dba7b38a,short,none,SUCCEEDED,1,ACKED,2026-10-01T00:06:06.592956Z,2026-10-01T00:06:24.642764Z,2026-10-01T00:06:24.703108Z,18049.8,60.3
2ac90dfb-3bf7-48f9-ad81-d9ee490d44f1,medium,none,SUCCEEDED,1,ACKED,2026-10-01T00:06:06.589451Z,2026-10-01T00:06:24.501150Z,2026-10-01T00:06:24.703108Z,17911.7,202.0
5b51f5ee-663c-432c-8efc-8c3658586697,medium,none,SUCCEEDED,1,ACKED,2026-10-01T00:06:06.585436Z,2026-10-01T00:06:24.360610Z,2026-10-01T00:06:24.610235Z,17775.2,249.6
79096f24-ee7a-4ed3-92c0-c53412f9777b,short,none,SUCCEEDED,1,ACKED,2026-10-01T00:06:06.589451Z,2026-10-01T00:06:24.423800Z,2026-10-01T00:06:24.454332Z,17834.3,30.5
21f51793-e711-4cd7-80c2-28dd424de9ba,medium,none,SUCCEEDED,1,ACKED,2026-10-01T00:06:06.596963Z,2026-10-01T00:06:24.872952Z,2026-10-01T00:06:24.979800Z,18276.0,106.8
9aaf3b7a-62eb-49ad-b10a-d8ab660d2f3b,short,none,SUCCEEDED,1,ACKED,2026-10-01T00:06:06.600965Z,2026-10-01T00:06:24.918332Z,2026-10-01T00:06:24.948429Z,18317.4,30.1
f0de20db-afea-4b21-bc4c-b010831c7186,medium,none,SUCCEEDED,1,ACKED,2026-10-01T00:06:06.589451Z,2026-10-01T00:06:24.439311Z,2026-10-01T00:06:24.703108Z,17849.9,263.8
0453fcc3-6a9b-4104-941f-e8e43fc5859e,long,none,SUCCEEDED,1,ACKED,2026-10-01T00:06:06.596963Z,2026-10-01T00:06:24.795044Z,2026-10-01T00:06:26.041918Z,18198.1,1246.9
1c17a729-c715-42cb-a0ca-01e1d38f086c,short,none,SUCCEEDED,1,ACKED,2026-10-01T00:06:06.596963Z,2026-10-01T00:06:24.842469Z,2026-10-01T00:06:24.871952Z,18245.5,29.5
b9fd39f5-909f-450f-9218-0f1feb259631,medium,none,SUCCEEDED,1,ACKED,2026-10-01T00:06:06.592956Z,2026-10-01T00:06:24.657792Z,2026-10-01T00:06:24.841470Z,18064.8,183.7
a703f606-febb-4c48-8716-e437c4851578,short,none,SUCCEEDED,1,ACKED,2026-10-01T00:06:06.589451Z,2026-10-01T00:06:24.455334Z,2026-10-01T00:06:24.485374Z,17865.9,30.0
96fdbe8e-e37a-40e0-b647-c1ca098e42cb,short,none,SUCCEEDED,1,ACKED,2026-10-01T00:06:06.592956Z,2026-10-01T00:06:24.657792Z,2026-10-01T00:06:24.672296Z,18064.8,14.5
1b86e401-3fcf-4198-93ad-d5fb779be707,short,none,SUCCEEDED,1,ACKED,2026-10-01T00:06:06.600965Z,2026-10-01T00:06:24.966296Z,2026-10-01T00:06:25.010854Z,18365.3,44.6
1d203508-494b-482b-83a2-a1245805725c,short,none,SUCCEEDED,1,ACKED,2026-10-01T00:06:06.605479Z,2026-10-01T00:06:25.058703Z,2026-10-01T00:06:25.120493Z,18453.2,61.8
3598128d-39f8-4842-85aa-9279b79950f8,medium,none,SUCCEEDED,1,ACKED,2026-10-01T00:06:06.592956Z,2026-10-01T00:06:24.703108Z,2026-10-01T00:06:24.964081Z,18110.2,261.0
3c1e2dde-5033-4651-8eaf-3f375b50f563,short,none,SUCCEEDED,1,ACKED,2026-10-01T00:06:06.600965Z,2026-10-01T00:06:24.950061Z,2026-10-01T00:06:25.010854Z,18349.1,60.8
0a5f7a77-367e-4467-943f-c869d35a77f5,long,none,SUCCEEDED,1,ACKED,2026-10-01T00:06:06.600965Z,2026-10-01T00:06:24.995337Z,2026-10-01T00:06:26.120344Z,18394.4,1125.0
a2d428cf-024e-4f83-9fb1-1087a0cdae1a,short,transient,DEAD_LETTER,1,NACKED,2026-10-01T00:06:06.596963Z,2026-10-01T00:06:24.765305Z,2026-10-01T00:06:24.794344Z,18168.3,29.0
a2d428cf-024e-4f83-9fb1-1087a0cdae1a,short,transient,DEAD_LETTER,2,NACKED,2026-10-01T00:06:25.407344Z,2026-10-01T00:06:47.095657Z,2026-10-01T00:06:47.125247Z,21688.3,29.6
a2d428cf-024e-4f83-9fb1-1087a0cdae1a,short,transient,DEAD_LETTER,3,NACKED,2026-10-01T00:06:48.665247Z,2026-10-01T00:06:48.838581Z,2026-10-01T00:06:48.868385Z,173.3,29.8
77951e0d-6bc1-42ad-b488-616f8810ba7e,short,transient,SUCCEEDED,1,NACKED,2026-10-01T00:06:06.592956Z,2026-10-01T00:06:24.642764Z,2026-10-01T00:06:24.656788Z,18049.8,14.0
77951e0d-6bc1-42ad-b488-616f8810ba7e,short,transient,SUCCEEDED,2,ACKED,2026-10-01T00:06:25.618788Z,2026-10-01T00:06:47.095657Z,2026-10-01T00:06:47.110213Z,21476.9,14.6
3a488ab8-e473-4942-b433-b94bf1a7291c,short,none,SUCCEEDED,1,ACKED,2026-10-01T00:06:06.596963Z,2026-10-01T00:06:24.703108Z,2026-10-01T00:06:24.734631Z,18106.1,31.5
484628e1-a282-4196-bbaa-fcd9c3360a2b,short,none,SUCCEEDED,1,ACKED,2026-10-01T00:06:06.605479Z,2026-10-01T00:06:25.105981Z,2026-10-01T00:06:25.152014Z,18500.5,46.0
48f38130-4ba9-4e13-b259-746d113628d3,short,none,SUCCEEDED,1,ACKED,2026-10-01T00:06:06.610479Z,2026-10-01T00:06:25.138505Z,2026-10-01T00:06:25.182798Z,18528.0,44.3
1fcc8a03-b85d-45a9-b4e1-b6fadb89fe1f,medium,none,SUCCEEDED,1,ACKED,2026-10-01T00:06:06.596963Z,2026-10-01T00:06:24.810425Z,2026-10-01T00:06:25.104983Z,18213.5,294.6
286c5f1c-79ac-47e2-871a-6e21abf18b55,medium,none,SUCCEEDED,1,ACKED,2026-10-01T00:06:06.605479Z,2026-10-01T00:06:25.011856Z,2026-10-01T00:06:25.230389Z,18406.4,218.5
87863ab4-63f7-475b-ab93-1950e1e4569e,short,none,SUCCEEDED,1,ACKED,2026-10-01T00:06:06.605479Z,2026-10-01T00:06:25.121492Z,2026-10-01T00:06:25.167553Z,18516.0,46.1
209d7e44-343b-4227-a63f-87def5cf2798,short,transient,SUCCEEDED,1,NACKED,2026-10-01T00:06:06.600965Z,2026-10-01T00:06:24.980804Z,2026-10-01T00:06:24.995337Z,18379.8,14.5
209d7e44-343b-4227-a63f-87def5cf2798,short,transient,SUCCEEDED,2,NACKED,2026-10-01T00:06:25.856337Z,2026-10-01T00:06:47.110213Z,2026-10-01T00:06:47.125247Z,21253.9,15.0
209d7e44-343b-4227-a63f-87def5cf2798,short,transient,SUCCEEDED,3,ACKED,2026-10-01T00:06:48.787247Z,2026-10-01T00:06:48.885418Z,2026-10-01T00:06:48.900018Z,98.2,14.6
03c6f09d-86b5-4851-93a5-9d3a1938801b,medium,none,SUCCEEDED,1,ACKED,2026-10-01T00:06:06.596963Z,2026-10-01T00:06:24.703108Z,2026-10-01T00:06:24.948429Z,18106.1,245.3
175d4016-ab0b-49f4-ab1e-4b30efae02ba,short,none,SUCCEEDED,1,ACKED,2026-10-01T00:06:06.600965Z,2026-10-01T00:06:24.949055Z,2026-10-01T00:06:24.979800Z,18348.1,30.7
66e58400-a235-4f49-8cbe-965c6b380bcb,short,none,SUCCEEDED,1,ACKED,2026-10-01T00:06:06.610479Z,2026-10-01T00:06:25.277852Z,2026-10-01T00:06:25.324265Z,18667.4,46.4
5beca26a-6947-47a1-a927-30ff860d3325,short,transient,SUCCEEDED,1,NACKED,2026-10-01T00:06:06.614994Z,2026-10-01T00:06:25.372153Z,2026-10-01T00:06:25.417691Z,18757.2,45.5
5beca26a-6947-47a1-a927-30ff860d3325,short,transient,SUCCEEDED,2,ACKED,2026-10-01T00:06:26.231691Z,2026-10-01T00:06:47.126251Z,2026-10-01T00:06:47.171739Z,20894.6,45.5
569ae06c-780e-4849-8301-c6d712a7829c,short,none,SUCCEEDED,1,ACKED,2026-10-01T00:06:06.600965Z,2026-10-01T00:06:24.980804Z,2026-10-01T00:06:25.010854Z,18379.8,30.1
c0fcab83-e2ff-4566-a911-d45f4ef70f43,medium,none,SUCCEEDED,1,ACKED,2026-10-01T00:06:06.610479Z,2026-10-01T00:06:25.277852Z,2026-10-01T00:06:25.509827Z,18667.4,232.0
ec574600-f0f4-4cb4-b216-96ac377f54dc,medium,none,SUCCEEDED,1,ACKED,2026-10-01T00:06:06.610479Z,2026-10-01T00:06:25.183798Z,2026-10-01T00:06:25.324265Z,18573.3,140.5
c052b6c1-d8c4-4ce6-9a2c-772ca25fce70,short,none,SUCCEEDED,1,ACKED,2026-10-01T00:06:06.605479Z,2026-10-01T00:06:25.073844Z,2026-10-01T00:06:25.089174Z,18468.4,15.3
b2c80dc6-76f9-4556-97ff-3a71fe7ad6bd,medium,none,SUCCEEDED,1,ACKED,2026-10-01T00:06:06.600965Z,2026-10-01T00:06:25.011856Z,2026-10-01T00:06:25.120493Z,18410.9,108.6
ed84dce7-f076-4aa7-bc4f-1c40c0781eb1,medium,none,SUCCEEDED,1,ACKED,2026-10-01T00:06:06.605479Z,2026-10-01T00:06:25.121492Z,2026-10-01T00:06:25.276850Z,18516.0,155.4
8aa4254a-9fc7-4f7a-b98c-9964a7d0f737,short,none,SUCCEEDED,1,ACKED,2026-10-01T00:06:06.614994Z,2026-10-01T00:06:25.387675Z,2026-10-01T00:06:25.402220Z,18772.7,14.5
7deceb14-12ef-4609-b301-0e3e935d09f3,short,none,SUCCEEDED,1,ACKED,2026-10-01T00:06:06.617996Z,2026-10-01T00:06:25.465722Z,2026-10-01T00:06:25.494995Z,18847.7,29.3
867cff54-5cf4-42e4-bc54-f3a7bfbe47ee,short,none,SUCCEEDED,1,ACKED,2026-10-01T00:06:06.605479Z,2026-10-01T00:06:25.089174Z,2026-10-01T00:06:25.136501Z,18483.7,47.3
c36364a3-9f9f-4f19-a18f-0c8156dd590f,medium,none,SUCCEEDED,1,ACKED,2026-10-01T00:06:06.614994Z,2026-10-01T00:06:25.277852Z,2026-10-01T00:06:25.509827Z,18662.9,232.0
f5e05eba-9059-4fce-83e0-53a612e30a5a,medium,none,SUCCEEDED,1,ACKED,2026-10-01T00:06:06.614994Z,2026-10-01T00:06:25.402220Z,2026-10-01T00:06:25.509827Z,18787.2,107.6
d2e74ac5-16be-4085-8010-d6bd8a647356,short,none,SUCCEEDED,1,ACKED,2026-10-01T00:06:06.610479Z,2026-10-01T00:06:25.231388Z,2026-10-01T00:06:25.276850Z,18620.9,45.5
2326a426-1956-4a36-9e69-bfa890f068a1,short,permanent,FAILED,1,NACKED,2026-10-01T00:06:06.605479Z,2026-10-01T00:06:25.011856Z,2026-10-01T00:06:25.057700Z,18406.4,45.8
a9f46466-6874-4437-b60e-ea6c9b0a0342,medium,none,SUCCEEDED,1,ACKED,2026-10-01T00:06:06.610479Z,2026-10-01T00:06:25.153015Z,2026-10-01T00:06:25.371300Z,18542.5,218.3
131fc63d-40e2-4767-b184-848c5f1e72a1,short,none,SUCCEEDED,1,ACKED,2026-10-01T00:06:06.617996Z,2026-10-01T00:06:25.510832Z,2026-10-01T00:06:25.541462Z,18892.8,30.6
0af0a41d-ff17-4a25-bd65-0bf3ad43ea87,short,none,SUCCEEDED,1,ACKED,2026-10-01T00:06:06.622497Z,2026-10-01T00:06:25.558491Z,2026-10-01T00:06:25.619510Z,18936.0,61.0
dc92471f-f454-4471-a99e-bd1799b1607b,short,none,SUCCEEDED,1,ACKED,2026-10-01T00:06:06.610479Z,2026-10-01T00:06:25.168280Z,2026-10-01T00:06:25.230389Z,18557.8,62.1
4783f2fb-253c-417e-9b7c-227a4946b2cb,short,none,SUCCEEDED,1,ACKED,2026-10-01T00:06:06.617996Z,2026-10-01T00:06:25.542467Z,2026-10-01T00:06:25.557492Z,18924.5,15.0
33dec829-470c-47c4-b60f-a6cb98f09754,short,none,SUCCEEDED,1,ACKED,2026-10-01T00:06:06.617996Z,2026-10-01T00:06:25.542467Z,2026-10-01T00:06:25.588374Z,18924.5,45.9
3eda784a-0d0b-4cdf-be7a-ae04c0a502cb,short,none,SUCCEEDED,1,ACKED,2026-10-01T00:06:06.614994Z,2026-10-01T00:06:25.418688Z,2026-10-01T00:06:25.464724Z,18803.7,46.0
6395ab08-3112-4277-9816-1c702927a13a,short,none,SUCCEEDED,1,ACKED,2026-10-01T00:06:06.610479Z,2026-10-01T00:06:25.231388Z,2026-10-01T00:06:25.276850Z,18620.9,45.5
94fcf05f-cad9-458d-b49a-841a875dfbb4,medium,transient,SUCCEEDED,1,NACKED,2026-10-01T00:06:06.614994Z,2026-10-01T00:06:25.325266Z,2026-10-01T00:06:25.557492Z,18710.3,232.2
94fcf05f-cad9-458d-b49a-841a875dfbb4,medium,transient,SUCCEEDED,2,ACKED,2026-10-01T00:06:26.342492Z,2026-10-01T00:06:47.126251Z,2026-10-01T00:06:47.357259Z,20783.8,231.0
ec5c2f2a-3948-42ca-ad9c-a832f5ad750f,short,transient,SUCCEEDED,1,NACKED,2026-10-01T00:06:06.622497Z,2026-10-01T00:06:25.651036Z,2026-10-01T00:06:25.681571Z,19028.5,30.5
ec5c2f2a-3948-42ca-ad9c-a832f5ad750f,short,transient,SUCCEEDED,2,ACKED,2026-10-01T00:06:26.515571Z,2026-10-01T00:06:47.126251Z,2026-10-01T00:06:47.155939Z,20610.7,29.7
819e4489-fca0-4400-95fa-b93d96860b0a,short,none,SUCCEEDED,1,ACKED,2026-10-01T00:06:06.628015Z,2026-10-01T00:06:25.713136Z,2026-10-01T00:06:25.743721Z,19085.1,30.6
cf2f0fe5-ca3a-4c40-aac5-d85aac89b68c,short,none,SUCCEEDED,1,ACKED,2026-10-01T00:06:06.614994Z,2026-10-01T00:06:25.356797Z,2026-10-01T00:06:25.386675Z,18741.8,29.9
8c3356d7-8231-4bee-a909-3cebbde35d90,short,none,SUCCEEDED,1,ACKED,2026-10-01T00:06:06.622497Z,2026-10-01T00:06:25.635014Z,2026-10-01T00:06:25.696834Z,19012.5,61.8
dab5fffd-fcdc-45b7-aeb5-60e2d5567b22,short,none,SUCCEEDED,1,ACKED,2026-10-01T00:06:06.622497Z,2026-10-01T00:06:25.620511Z,2026-10-01T00:06:25.635014Z,18998.0,14.5
4ade2fea-7a9c-437e-ae36-2893307800b3,short,none,SUCCEEDED,1,ACKED,2026-10-01T00:06:06.617996Z,2026-10-01T00:06:25.510832Z,2026-10-01T00:06:25.541462Z,18892.8,30.6
1ec6f64e-ccb4-4f21-b496-f8f0273e8c37,short,transient,SUCCEEDED,1,NACKED,2026-10-01T00:06:06.614994Z,2026-10-01T00:06:25.325266Z,2026-10-01T00:06:25.355799Z,18710.3,30.5
1ec6f64e-ccb4-4f21-b496-f8f0273e8c37,short,transient,SUCCEEDED,2,NACKED,2026-10-01T00:06:25.906799Z,2026-10-01T00:06:47.110213Z,2026-10-01T00:06:47.140403Z,21203.4,30.2
1ec6f64e-ccb4-4f21-b496-f8f0273e8c37,short,transient,SUCCEEDED,3,ACKED,2026-10-01T00:06:49.100403Z,2026-10-01T00:06:49.104890Z,2026-10-01T00:06:49.134344Z,4.5,29.5
a219bd88-9d8e-4f61-b66f-6bb6bd8b7f46,medium,none,SUCCEEDED,1,ACKED,2026-10-01T00:06:06.617996Z,2026-10-01T00:06:25.511830Z,2026-10-01T00:06:25.696834Z,18893.8,185.0
5f6fdfc3-551f-43fd-8195-f63d0c3207f5,medium,none,SUCCEEDED,1,ACKED,2026-10-01T00:06:06.628015Z,2026-10-01T00:06:25.697586Z,2026-10-01T00:06:25.948326Z,19069.6,250.7
5e08c540-0e6b-49d8-9276-11ddf693b0e3,short,none,SUCCEEDED,1,ACKED,2026-10-01T00:06:06.632011Z,2026-10-01T00:06:25.854743Z,2026-10-01T00:06:25.869766Z,19222.7,15.0
c890045a-3af2-4a26-b2c5-40a5370c6c52,medium,transient,DEAD_LETTER,1,NACKED,2026-10-01T00:06:06.617996Z,2026-10-01T00:06:25.558491Z,2026-10-01T00:06:25.774829Z,18940.5,216.3
c890045a-3af2-4a26-b2c5-40a5370c6c52,medium,transient,DEAD_LETTER,2,NACKED,2026-10-01T00:06:26.617829Z,2026-10-01T00:06:47.141406Z,2026-10-01T00:06:47.357259Z,20523.6,215.9
c890045a-3af2-4a26-b2c5-40a5370c6c52,medium,transient,DEAD_LETTER,3,NACKED,2026-10-01T00:06:49.054259Z,2026-10-01T00:06:49.103886Z,2026-10-01T00:06:49.307225Z,49.6,203.3
68813c35-a2f8-401d-be7b-3affdc5d3d60,short,none,SUCCEEDED,1,ACKED,2026-10-01T00:06:06.628015Z,2026-10-01T00:06:25.744720Z,2026-10-01T00:06:25.774829Z,19116.7,30.1
b7b5c974-dda9-4078-aedc-54862aaca08e,short,none,SUCCEEDED,1,ACKED,2026-10-01T00:06:06.628015Z,2026-10-01T00:06:25.743721Z,2026-10-01T00:06:25.790117Z,19115.7,46.4
fd7134b8-f93f-460e-9992-2c9d3f9dec5e,short,none,SUCCEEDED,1,ACKED,2026-10-01T00:06:06.622497Z,2026-10-01T00:06:25.620511Z,2026-10-01T00:06:25.650037Z,18998.0,29.5
cb019119-9bf6-48cf-a8a9-fab5759c4831,medium,none,SUCCEEDED,1,ACKED,2026-10-01T00:06:06.617996Z,2026-10-01T00:06:25.495997Z,2026-10-01T00:06:25.619510Z,18878.0,123.5
9ae3211c-769e-481a-a321-5c4168499ed6,medium,transient,SUCCEEDED,1,NACKED,2026-10-01T00:06:06.622497Z,2026-10-01T00:06:25.589373Z,2026-10-01T00:06:25.806186Z,18966.9,216.8
9ae3211c-769e-481a-a321-5c4168499ed6,medium,transient,SUCCEEDED,2,ACKED,2026-10-01T00:06:26.585186Z,2026-10-01T00:06:47.140403Z,2026-10-01T00:06:47.357259Z,20555.2,216.9
8098e84c-73a2-441f-9b58-48b3b15b19bd,short,none,SUCCEEDED,1,ACKED,2026-10-01T00:06:06.632011Z,2026-10-01T00:06:25.807185Z,2026-10-01T00:06:25.853744Z,19175.2,46.6
b25b76b1-cb08-4f57-947b-6eb684efc1b5,short,none,SUCCEEDED,1,ACKED,2026-10-01T00:06:06.635860Z,2026-10-01T00:06:26.027885Z,2026-10-01T00:06:26.058430Z,19392.0,30.5
104c80d2-d4cc-42b0-ae80-5269f1869aa4,short,none,SUCCEEDED,1,ACKED,2026-10-01T00:06:06.622497Z,2026-10-01T00:06:25.697586Z,2026-10-01T00:06:25.743721Z,19075.1,46.1
62f18869-5f5f-4586-8252-46f54d9a4fe3,short,none,SUCCEEDED,1,ACKED,2026-10-01T00:06:06.632011Z,2026-10-01T00:06:25.822701Z,2026-10-01T00:06:25.885778Z,19190.7,63.1
345b2c49-6d15-47f3-9589-078f367e7f96,short,none,SUCCEEDED,1,ACKED,2026-10-01T00:06:06.632011Z,2026-10-01T00:06:25.886777Z,2026-10-01T00:06:25.932709Z,19254.8,45.9
5e6b46cf-2124-4cee-9df2-872a0940864a,short,none,SUCCEEDED,1,ACKED,2026-10-01T00:06:06.628015Z,2026-10-01T00:06:25.744720Z,2026-10-01T00:06:25.774829Z,19116.7,30.1
f9b56da5-e7b0-44c0-8e0e-34e3ad1f32ad,short,none,SUCCEEDED,1,ACKED,2026-10-01T00:06:06.622497Z,2026-10-01T00:06:25.683313Z,2026-10-01T00:06:25.712138Z,19060.8,28.8
0f31f1a4-a408-4681-94e1-99450feb9a3d,short,none,SUCCEEDED,1,ACKED,2026-10-01T00:06:06.628015Z,2026-10-01T00:06:25.775601Z,2026-10-01T00:06:25.806186Z,19147.6,30.6
7bd1b6f2-2456-40f1-96ea-b6f1f4f8e4a8,short,none,SUCCEEDED,1,ACKED,2026-10-01T00:06:06.635860Z,2026-10-01T00:06:25.933315Z,2026-10-01T00:06:25.948326Z,19297.5,15.0
7c4ac43a-3ee0-4999-909e-9a37d5014c02,short,none,SUCCEEDED,1,ACKED,2026-10-01T00:06:06.640374Z,2026-10-01T00:06:26.105808Z,2026-10-01T00:06:26.135855Z,19465.4,30.0
6aeedefb-4110-42df-aa58-96c02f37e089,short,none,SUCCEEDED,1,ACKED,2026-10-01T00:06:06.628015Z,2026-10-01T00:06:25.697586Z,2026-10-01T00:06:25.743721Z,19069.6,46.1
08a6eed1-5903-4d89-85cd-351007433e97,medium,none,SUCCEEDED,1,ACKED,2026-10-01T00:06:06.635860Z,2026-10-01T00:06:25.949328Z,2026-10-01T00:06:26.166897Z,19313.5,217.6
d910cfda-5cf1-407e-aebb-5e2e2d9efc23,medium,none,SUCCEEDED,1,ACKED,2026-10-01T00:06:06.635860Z,2026-10-01T00:06:25.964978Z,2026-10-01T00:06:26.276578Z,19329.1,311.6
cd60b81c-2f54-44d7-a98a-05aadb890471,medium,none,SUCCEEDED,1,ACKED,2026-10-01T00:06:06.632011Z,2026-10-01T00:06:25.807185Z,2026-10-01T00:06:26.058430Z,19175.2,251.2
85256488-7e24-44bc-bb34-60096a011ffb,long,none,SUCCEEDED,1,ACKED,2026-10-01T00:06:06.628015Z,2026-10-01T00:06:25.775601Z,2026-10-01T00:06:26.919431Z,19147.6,1143.8
dbe3a87e-e872-4b00-a826-fda0c8ef90f2,short,none,SUCCEEDED,1,ACKED,2026-10-01T00:06:06.632011Z,2026-10-01T00:06:25.790117Z,2026-10-01T00:06:25.821700Z,19158.1,31.6
2abdcd48-740c-4e10-b569-8e6299ce93ef,short,transient,SUCCEEDED,1,NACKED,2026-10-01T00:06:06.640374Z,2026-10-01T00:06:26.121343Z,2026-10-01T00:06:26.182568Z,19481.0,61.2
2abdcd48-740c-4e10-b569-8e6299ce93ef,short,transient,SUCCEEDED,2,NACKED,2026-10-01T00:06:27.134568Z,2026-10-01T00:06:47.188025Z,2026-10-01T00:06:47.249070Z,20053.5,61.0
2abdcd48-740c-4e10-b569-8e6299ce93ef,short,transient,SUCCEEDED,3,ACKED,2026-10-01T00:06:48.452070Z,2026-10-01T00:06:48.745491Z,2026-10-01T00:06:48.806282Z,293.4,60.8
fc4294c0-d714-4cb6-8f50-8c110e9b0576,short,none,SUCCEEDED,1,ACKED,2026-10-01T00:06:06.644373Z,2026-10-01T00:06:26.136855Z,2026-10-01T00:06:26.198594Z,19492.5,61.7
65125d94-3137-4d82-aabf-a27036f6632e,short,none,SUCCEEDED,1,ACKED,2026-10-01T00:06:06.632011Z,2026-10-01T00:06:25.872265Z,2026-10-01T00:06:25.916773Z,19240.3,44.5
9f78b835-1e59-4f64-9315-8fc308868b8f,short,none,SUCCEEDED,1,ACKED,2026-10-01T00:06:06.640374Z,2026-10-01T00:06:26.105808Z,2026-10-01T00:06:26.135855Z,19465.4,30.0
524eeacf-e4c1-472f-91c8-50ca656f7b61,short,none,SUCCEEDED,1,ACKED,2026-10-01T00:06:06.640374Z,2026-10-01T00:06:26.059436Z,2026-10-01T00:06:26.120344Z,19419.1,60.9
e7cd923b-b0c8-4b2f-b026-bf8ac0e9503e,short,none,SUCCEEDED,1,ACKED,2026-10-01T00:06:06.635860Z,2026-10-01T00:06:25.917776Z,2026-10-01T00:06:25.979494Z,19281.9,61.7
16a3b78b-0f97-4ba6-915f-2eb8a114c48e,medium,none,SUCCEEDED,1,ACKED,2026-10-01T00:06:06.632011Z,2026-10-01T00:06:25.775601Z,2026-10-01T00:06:26.073965Z,19143.6,298.4
c70e289b-a3d1-47f9-b844-a08863713914,short,none,SUCCEEDED,1,ACKED,2026-10-01T00:06:06.635860Z,2026-10-01T00:06:26.042918Z,2026-10-01T00:06:26.073965Z,19407.1,31.0
f4ad62bf-dba7-4086-be67-ddb510b83c60,short,none,SUCCEEDED,1,ACKED,2026-10-01T00:06:06.644373Z,2026-10-01T00:06:26.200094Z,2026-10-01T00:06:26.245899Z,19555.7,45.8
6953feab-6ba7-4ca6-87e9-6980f6eabad2,short,none,SUCCEEDED,1,ACKED,2026-10-01T00:06:06.647888Z,2026-10-01T00:06:26.277576Z,2026-10-01T00:06:26.323805Z,19629.7,46.2
caba4af0-d446-4fc7-b77f-7e2cd9f532b2,short,none,SUCCEEDED,1,ACKED,2026-10-01T00:06:06.635860Z,2026-10-01T00:06:25.980494Z,2026-10-01T00:06:26.026626Z,19344.6,46.1
8b7de2a7-03cd-4f79-b029-ef2b3b4863f2,short,none,SUCCEEDED,1,ACKED,2026-10-01T00:06:06.644373Z,2026-10-01T00:06:26.121343Z,2026-10-01T00:06:26.151878Z,19477.0,30.5
8ca09dc4-76e1-47b4-8e05-f661ec49d46f,medium,none,SUCCEEDED,1,ACKED,2026-10-01T00:06:06.644373Z,2026-10-01T00:06:26.183570Z,2026-10-01T00:06:26.386897Z,19539.2,203.3
29864a2b-976b-4309-87c6-3e6d7818b000,short,none,SUCCEEDED,1,ACKED,2026-10-01T00:06:06.640374Z,2026-10-01T00:06:26.059436Z,2026-10-01T00:06:26.104809Z,19419.1,45.4
33f83e74-959f-4da0-be68-c78d6c34511f,short,none,SUCCEEDED,1,ACKED,2026-10-01T00:06:06.635860Z,2026-10-01T00:06:25.949328Z,2026-10-01T00:06:25.964307Z,19313.5,15.0
4a20265d-f328-4e97-86e1-6da4d6f2413d,short,none,SUCCEEDED,1,ACKED,2026-10-01T00:06:06.640374Z,2026-10-01T00:06:26.074738Z,2026-10-01T00:06:26.120344Z,19434.4,45.6
6ef06134-0896-43c8-a66e-704d7c6b9b66,short,none,SUCCEEDED,1,ACKED,2026-10-01T00:06:06.647888Z,2026-10-01T00:06:26.262430Z,2026-10-01T00:06:26.308236Z,19614.5,45.8
bc53183c-d454-4654-b688-a8eacd643d5e,short,none,SUCCEEDED,1,ACKED,2026-10-01T00:06:06.651886Z,2026-10-01T00:06:26.324807Z,2026-10-01T00:06:26.370810Z,19672.9,46.0
4eda6559-e306-4ef8-a021-21c1cb175ef0,short,none,SUCCEEDED,1,ACKED,2026-10-01T00:06:06.640374Z,2026-10-01T00:06:26.074738Z,2026-10-01T00:06:26.104809Z,19434.4,30.1
e5134010-cd2b-4ada-b27a-fa4d1f7441f6,short,none,SUCCEEDED,1,ACKED,2026-10-01T00:06:06.647888Z,2026-10-01T00:06:26.246902Z,2026-10-01T00:06:26.308236Z,19599.0,61.3
a3b57213-b6fb-4d99-8fb3-6d48a89b0b5c,short,none,SUCCEEDED,1,ACKED,2026-10-01T00:06:06.647888Z,2026-10-01T00:06:26.199592Z,2026-10-01T00:06:26.261190Z,19551.7,61.6
5c54764d-7d65-426d-bc1a-225f9dd3da38,short,none,SUCCEEDED,1,ACKED,2026-10-01T00:06:06.644373Z,2026-10-01T00:06:26.183570Z,2026-10-01T00:06:26.230222Z,19539.2,46.7
65e44ccf-68f5-498b-b10f-4dda4f0d5093,medium,none,SUCCEEDED,1,ACKED,2026-10-01T00:06:06.640374Z,2026-10-01T00:06:26.121343Z,2026-10-01T00:06:26.308236Z,19481.0,186.9
d02302ab-b944-47eb-a0c7-b2fad3df99da,short,none,SUCCEEDED,1,ACKED,2026-10-01T00:06:06.644373Z,2026-10-01T00:06:26.136855Z,2026-10-01T00:06:26.182568Z,19492.5,45.7
a3bddfd3-913d-4f8e-9de7-504c19e13a60,short,none,SUCCEEDED,1,ACKED,2026-10-01T00:06:06.651886Z,2026-10-01T00:06:26.309233Z,2026-10-01T00:06:26.339771Z,19657.3,30.5
bc659c44-98f6-4d0c-925e-ec1863bf5bc5,medium,none,SUCCEEDED,1,ACKED,2026-10-01T00:06:06.655886Z,2026-10-01T00:06:26.356281Z,2026-10-01T00:06:26.653483Z,19700.4,297.2
282fee30-cc53-49f9-b539-5e36a913f036,short,none,SUCCEEDED,1,ACKED,2026-10-01T00:06:06.644373Z,2026-10-01T00:06:26.152878Z,2026-10-01T00:06:26.198594Z,19508.5,45.7
5c38bd67-d6ad-4056-bd70-1b249ee4d9a3,short,none,SUCCEEDED,1,ACKED,2026-10-01T00:06:06.651886Z,2026-10-01T00:06:26.292174Z,2026-10-01T00:06:26.308236Z,19640.3,16.1
acbde0de-7bf0-44ad-b284-2d37e730b951,short,none,SUCCEEDED,1,ACKED,2026-10-01T00:06:06.651886Z,2026-10-01T00:06:26.309233Z,2026-10-01T00:06:26.370810Z,19657.3,61.6
4d260a71-0eb5-4254-bf19-3aba89f96cbb,short,none,SUCCEEDED,1,ACKED,2026-10-01T00:06:06.647888Z,2026-10-01T00:06:26.246902Z,2026-10-01T00:06:26.292174Z,19599.0,45.3
b9df047e-a64e-4c54-94aa-e4d55c5d3906,short,none,SUCCEEDED,1,ACKED,2026-10-01T00:06:06.644373Z,2026-10-01T00:06:26.167546Z,2026-10-01T00:06:26.198594Z,19523.2,31.0
231c3ce6-44ad-4977-a033-71b3367afd28,short,none,SUCCEEDED,1,ACKED,2026-10-01T00:06:06.647888Z,2026-10-01T00:06:26.230887Z,2026-10-01T00:06:26.261190Z,19583.0,30.3
b7fa6b43-08fd-4c64-9e7c-f650e6d06440,short,none,SUCCEEDED,1,ACKED,2026-10-01T00:06:06.655886Z,2026-10-01T00:06:26.371380Z,2026-10-01T00:06:26.419081Z,19715.5,47.7
caa2bc07-51fa-4f6c-8872-24b0bce2962a,short,none,SUCCEEDED,1,ACKED,2026-10-01T00:06:06.659399Z,2026-10-01T00:06:26.467361Z,2026-10-01T00:06:26.481883Z,19808.0,14.5
82b53e9c-672c-411b-800b-e295750cdd54,short,none,SUCCEEDED,1,ACKED,2026-10-01T00:06:06.647888Z,2026-10-01T00:06:26.199592Z,2026-10-01T00:06:26.245899Z,19551.7,46.3
5ee06bf5-a4f9-427c-9b5f-c962e11a3a85,short,none,SUCCEEDED,1,ACKED,2026-10-01T00:06:06.655886Z,2026-10-01T00:06:26.340770Z,2026-10-01T00:06:26.370810Z,19684.9,30.0
85dd7807-1634-4892-8678-0b7fbcd5f662,short,none,SUCCEEDED,1,ACKED,2026-10-01T00:06:06.655886Z,2026-10-01T00:06:26.371380Z,2026-10-01T00:06:26.419081Z,19715.5,47.7
dea5085f-9c4e-4f50-a993-b061e15c4e87,short,none,SUCCEEDED,1,ACKED,2026-10-01T00:06:06.651886Z,2026-10-01T00:06:26.309233Z,2026-10-01T00:06:26.339771Z,19657.3,30.5
0c2aaf52-b2ab-41c0-97bb-272d7ec9f9da,short,none,SUCCEEDED,1,ACKED,2026-10-01T00:06:06.647888Z,2026-10-01T00:06:26.262430Z,2026-10-01T00:06:26.276578Z,19614.5,14.1
4bbb551f-9be9-4bad-afc6-9ce986f2eef3,short,transient,SUCCEEDED,1,NACKED,2026-10-01T00:06:06.651886Z,2026-10-01T00:06:26.309233Z,2026-10-01T00:06:26.355281Z,19657.3,46.0
4bbb551f-9be9-4bad-afc6-9ce986f2eef3,short,transient,SUCCEEDED,2,ACKED,2026-10-01T00:06:26.983281Z,2026-10-01T00:06:47.156938Z,2026-10-01T00:06:47.218020Z,20173.7,61.1
bf9416e4-ecaa-4464-a326-62569dcb246d,short,none,SUCCEEDED,1,ACKED,2026-10-01T00:06:06.659399Z,2026-10-01T00:06:26.451337Z,2026-10-01T00:06:26.481883Z,19791.9,30.5
b3ca3cdb-c231-4d8c-b58b-39bd161406a2,short,none,SUCCEEDED,1,ACKED,2026-10-01T00:06:06.663398Z,2026-10-01T00:06:26.528997Z,2026-10-01T00:06:26.560552Z,19865.6,31.6
3a7edcab-92de-472a-aa87-dd6f66917690,medium,none,SUCCEEDED,1,ACKED,2026-10-01T00:06:06.651886Z,2026-10-01T00:06:26.340770Z,2026-10-01T00:06:26.466363Z,19688.9,125.6
87eb255a-ded2-49a5-bef3-2df1792497a8,short,none,SUCCEEDED,1,ACKED,2026-10-01T00:06:06.659399Z,2026-10-01T00:06:26.467361Z,2026-10-01T00:06:26.481883Z,19808.0,14.5
4f5fa4f1-fec6-425d-85d6-69a9a4cdbab2,short,none,SUCCEEDED,1,ACKED,2026-10-01T00:06:06.659399Z,2026-10-01T00:06:26.467361Z,2026-10-01T00:06:26.497937Z,19808.0,30.6
bdb10d30-8320-4084-a640-163516fe6c25,short,none,SUCCEEDED,1,ACKED,2026-10-01T00:06:06.655886Z,2026-10-01T00:06:26.371380Z,2026-10-01T00:06:26.402978Z,19715.5,31.6
1076b28a-f4e5-4d58-9464-aafb71fd6cc2,short,none,SUCCEEDED,1,ACKED,2026-10-01T00:06:06.651886Z,2026-10-01T00:06:26.277576Z,2026-10-01T00:06:26.339771Z,19625.7,62.2
8bc720c7-7e29-4fe9-8e35-5bf8c695f6f9,short,none,SUCCEEDED,1,ACKED,2026-10-01T00:06:06.655886Z,2026-10-01T00:06:26.387896Z,2026-10-01T00:06:26.450339Z,19732.0,62.4
c499f154-18b5-43a1-a236-9fec012d281d,short,none,SUCCEEDED,1,ACKED,2026-10-01T00:06:06.663398Z,2026-10-01T00:06:26.498936Z,2026-10-01T00:06:26.528390Z,19835.5,29.5
8e632d46-295d-4d6d-8859-738a1b5d3964,short,none,SUCCEEDED,1,ACKED,2026-10-01T00:06:06.666904Z,2026-10-01T00:06:26.561551Z,2026-10-01T00:06:26.623128Z,19894.6,61.6
33e94dc1-e680-4c51-b512-e6ce8a57178b,medium,none,SUCCEEDED,1,ACKED,2026-10-01T00:06:06.655886Z,2026-10-01T00:06:26.340770Z,2026-10-01T00:06:26.545010Z,19684.9,204.2
4714936e-82ab-406a-86bd-48ced19e16e9,medium,transient,SUCCEEDED,1,NACKED,2026-10-01T00:06:06.663398Z,2026-10-01T00:06:26.482884Z,2026-10-01T00:06:26.638311Z,19819.5,155.4
4714936e-82ab-406a-86bd-48ced19e16e9,medium,transient,SUCCEEDED,2,NACKED,2026-10-01T00:06:27.592311Z,2026-10-01T00:06:47.250068Z,2026-10-01T00:06:47.404371Z,19657.8,154.3
4714936e-82ab-406a-86bd-48ced19e16e9,medium,transient,SUCCEEDED,3,ACKED,2026-10-01T00:06:48.839371Z,2026-10-01T00:06:48.885418Z,2026-10-01T00:06:49.040193Z,46.0,154.8
bf2a0bd0-7a69-4f5f-9035-20087b2a6d35,short,none,SUCCEEDED,1,ACKED,2026-10-01T00:06:06.663398Z,2026-10-01T00:06:26.482884Z,2026-10-01T00:06:26.528390Z,19819.5,45.5
921de809-5199-4852-a4b4-ea416fd8fee0,short,transient,SUCCEEDED,1,NACKED,2026-10-01T00:06:06.659399Z,2026-10-01T00:06:26.467361Z,2026-10-01T00:06:26.481883Z,19808.0,14.5
921de809-5199-4852-a4b4-ea416fd8fee0,short,transient,SUCCEEDED,2,ACKED,2026-10-01T00:06:27.079883Z,2026-10-01T00:06:47.172719Z,2026-10-01T00:06:47.187024Z,20092.8,14.3
49921a75-0882-49d3-98a6-21415f547fe0,short,none,SUCCEEDED,1,ACKED,2026-10-01T00:06:06.655886Z,2026-10-01T00:06:26.402978Z,2026-10-01T00:06:26.450339Z,19747.1,47.4
8b97d5b3-4f7c-40a6-a039-df1cd9ee9796,short,none,SUCCEEDED,1,ACKED,2026-10-01T00:06:06.659399Z,2026-10-01T00:06:26.451337Z,2026-10-01T00:06:26.466363Z,19791.9,15.0
69aeb59f-33d3-4472-a918-4f9a037a43dc,short,none,SUCCEEDED,1,ACKED,2026-10-01T00:06:06.666904Z,2026-10-01T00:06:26.546015Z,2026-10-01T00:06:26.591798Z,19879.1,45.8
766a2a64-d156-4b50-adfe-c4a412358244,medium,none,SUCCEEDED,1,ACKED,2026-10-01T00:06:06.670909Z,2026-10-01T00:06:26.639260Z,2026-10-01T00:06:26.778962Z,19968.4,139.7
d7d5457d-b189-49d5-8d22-94881d58b6b0,short,none,SUCCEEDED,1,ACKED,2026-10-01T00:06:06.659399Z,2026-10-01T00:06:26.420081Z,2026-10-01T00:06:26.466363Z,19760.7,46.3
97ae0e37-18c6-4df8-acf2-21cc24a87d30,short,none,SUCCEEDED,1,ACKED,2026-10-01T00:06:06.666904Z,2026-10-01T00:06:26.624128Z,2026-10-01T00:06:26.668996Z,19957.2,44.9
81abccbb-2e19-4aa9-9256-92105af06bd9,long,none,SUCCEEDED,1,ACKED,2026-10-01T00:06:06.666904Z,2026-10-01T00:06:26.592802Z,2026-10-01T00:06:27.790479Z,19925.9,1197.7
a7dacd0c-bdae-42d3-aeca-842a4ca8a5dd,short,none,SUCCEEDED,1,ACKED,2026-10-01T00:06:06.663398Z,2026-10-01T00:06:26.528997Z,2026-10-01T00:06:26.560552Z,19865.6,31.6
5fa28a73-c7a5-4153-a0ff-940c98e2aa16,short,transient,SUCCEEDED,1,NACKED,2026-10-01T00:06:06.659399Z,2026-10-01T00:06:26.420081Z,2026-10-01T00:06:26.466363Z,19760.7,46.3
5fa28a73-c7a5-4153-a0ff-940c98e2aa16,short,transient,SUCCEEDED,2,ACKED,2026-10-01T00:06:27.381363Z,2026-10-01T00:06:47.219019Z,2026-10-01T00:06:47.264506Z,19837.7,45.5
0034549f-5c33-4531-85f3-14c8ec37dbd4,short,none,SUCCEEDED,1,ACKED,2026-10-01T00:06:06.663398Z,2026-10-01T00:06:26.528997Z,2026-10-01T00:06:26.560552Z,19865.6,31.6
389d7de3-3f8a-4056-a6f6-ddb24706f392,medium,none,SUCCEEDED,1,ACKED,2026-10-01T00:06:06.670909Z,2026-10-01T00:06:26.639260Z,2026-10-01T00:06:26.950459Z,19968.4,311.2
ee32d6ca-04c7-4bf2-8519-adbb03567141,short,none,SUCCEEDED,1,ACKED,2026-10-01T00:06:06.674910Z,2026-10-01T00:06:26.811053Z,2026-10-01T00:06:26.856474Z,20136.1,45.4
e96d1680-79f5-4902-a2d2-fe33d7a8deba,short,none,SUCCEEDED,1,ACKED,2026-10-01T00:06:06.663398Z,2026-10-01T00:06:26.482884Z,2026-10-01T00:06:26.528390Z,19819.5,45.5
c682ee91-bc7d-4ac2-bb6a-8b049838e13d,short,none,SUCCEEDED,1,ACKED,2026-10-01T00:06:06.670909Z,2026-10-01T00:06:26.654484Z,2026-10-01T00:06:26.715074Z,19983.6,60.6
47851baf-ba93-40a4-b404-a39422688d8f,medium,none,SUCCEEDED,1,ACKED,2026-10-01T00:06:06.670909Z,2026-10-01T00:06:26.716080Z,2026-10-01T00:06:26.872231Z,20045.2,156.2
69f5a9e7-7510-4c73-9f08-a5f58f681bda,short,none,SUCCEEDED,1,ACKED,2026-10-01T00:06:06.666904Z,2026-10-01T00:06:26.561551Z,2026-10-01T00:06:26.591798Z,19894.6,30.2
28ccaed7-7346-41c2-b972-1f701ddfcbf4,medium,transient,SUCCEEDED,1,NACKED,2026-10-01T00:06:06.663398Z,2026-10-01T00:06:26.482884Z,2026-10-01T00:06:26.684143Z,19819.5,201.3
28ccaed7-7346-41c2-b972-1f701ddfcbf4,medium,transient,SUCCEEDED,2,ACKED,2026-10-01T00:06:27.671143Z,2026-10-01T00:06:47.265507Z,2026-10-01T00:06:47.465781Z,19594.4,200.3
05ae32bd-b357-4948-8f4a-5db81247749e,short,none,SUCCEEDED,1,ACKED,2026-10-01T00:06:06.666904Z,2026-10-01T00:06:26.592802Z,2026-10-01T00:06:26.623128Z,19925.9,30.3
bf7c1067-ea59-4436-895e-1036f07873fb,short,none,SUCCEEDED,1,ACKED,2026-10-01T00:06:06.674910Z,2026-10-01T00:06:26.826561Z,2026-10-01T00:06:26.872231Z,20151.7,45.7
0a26156f-55a5-41b7-aff5-2f82310017be,short,none,SUCCEEDED,1,ACKED,2026-10-01T00:06:06.678592Z,2026-10-01T00:06:26.919934Z,2026-10-01T00:06:26.950459Z,20241.3,30.5
f366946c-c806-48b6-b38e-4993f2d82ecf,medium,none,SUCCEEDED,1,ACKED,2026-10-01T00:06:06.666904Z,2026-10-01T00:06:26.592802Z,2026-10-01T00:06:26.778962Z,19925.9,186.2
7b41013a-b9b6-467a-b4b8-5459ecc23bd7,short,none,SUCCEEDED,1,ACKED,2026-10-01T00:06:06.674910Z,2026-10-01T00:06:26.826561Z,2026-10-01T00:06:26.872231Z,20151.7,45.7
c213c0a2-3959-4716-8476-81b0ce400efb,short,none,SUCCEEDED,1,ACKED,2026-10-01T00:06:06.674910Z,2026-10-01T00:06:26.716080Z,2026-10-01T00:06:26.763377Z,20041.2,47.3
72441473-9934-4163-a7ca-a0e2a4a718d6,short,none,SUCCEEDED,1,ACKED,2026-10-01T00:06:06.670909Z,2026-10-01T00:06:26.684779Z,2026-10-01T00:06:26.730781Z,20013.9,46.0
cffb486e-1bd6-43b5-a793-cfa3ba00dec2,short,transient,SUCCEEDED,1,NACKED,2026-10-01T00:06:06.666904Z,2026-10-01T00:06:26.561551Z,2026-10-01T00:06:26.591798Z,19894.6,30.2
cffb486e-1bd6-43b5-a793-cfa3ba00dec2,short,transient,SUCCEEDED,2,ACKED,2026-10-01T00:06:27.522798Z,2026-10-01T00:06:47.250068Z,2026-10-01T00:06:47.279468Z,19727.3,29.4
29da573d-e0cb-4d58-b74f-62c3ecb7de86,short,none,SUCCEEDED,1,ACKED,2026-10-01T00:06:06.670909Z,2026-10-01T00:06:26.684779Z,2026-10-01T00:06:26.715074Z,20013.9,30.3
2c933222-1314-46b3-8b86-b1feff691a28,short,none,SUCCEEDED,1,ACKED,2026-10-01T00:06:06.678592Z,2026-10-01T00:06:26.873385Z,2026-10-01T00:06:26.919431Z,20194.8,46.0
6d61daff-9195-4ded-85ff-d2d8f3d07595,short,none,SUCCEEDED,1,ACKED,2026-10-01T00:06:06.682517Z,2026-10-01T00:06:26.919934Z,2026-10-01T00:06:26.950459Z,20237.4,30.5
8fbafca6-f08c-4728-a723-d8b862115983,short,none,SUCCEEDED,1,ACKED,2026-10-01T00:06:06.670909Z,2026-10-01T00:06:26.669996Z,2026-10-01T00:06:26.684143Z,19999.1,14.1
9acfdc86-8368-4bd3-9a6b-689d80d1b9fe,short,none,SUCCEEDED,1,ACKED,2026-10-01T00:06:06.678592Z,2026-10-01T00:06:26.919934Z,2026-10-01T00:06:26.950459Z,20241.3,30.5
471d407d-b249-449a-9e69-93e2e9a70d2a,short,none,SUCCEEDED,1,ACKED,2026-10-01T00:06:06.678592Z,2026-10-01T00:06:26.857207Z,2026-10-01T00:06:26.918994Z,20178.6,61.8
d5320129-1b7d-41f0-9b6a-c3ade4a90db7,short,none,SUCCEEDED,1,ACKED,2026-10-01T00:06:06.674910Z,2026-10-01T00:06:26.764382Z,2026-10-01T00:06:26.810046Z,20089.5,45.7
7b0255f0-7b85-4494-95bc-ecbb596eef80,short,none,SUCCEEDED,1,ACKED,2026-10-01T00:06:06.670909Z,2026-10-01T00:06:26.624128Z,2026-10-01T00:06:26.638311Z,19953.2,14.2
5c091dd5-569c-4d2c-8999-c71d9cf325e7,medium,none,SUCCEEDED,1,ACKED,2026-10-01T00:06:06.674910Z,2026-10-01T00:06:26.731781Z,2026-10-01T00:06:26.872231Z,20056.9,140.5
160a700b-b8fb-42ad-bf34-4ac7157137cb,short,permanent,FAILED,1,NACKED,2026-10-01T00:06:06.682517Z,2026-10-01T00:06:27.013838Z,2026-10-01T00:06:27.060310Z,20331.3,46.5
8c4e33ec-19c6-45c1-8c38-d087b3e2658c,medium,none,SUCCEEDED,1,ACKED,2026-10-01T00:06:06.687022Z,2026-10-01T00:06:26.951458Z,2026-10-01T00:06:27.106577Z,20264.4,155.1
4cae32ec-492f-4b82-baa3-6353d7d3c5a7,short,none,SUCCEEDED,1,ACKED,2026-10-01T00:06:06.674910Z,2026-10-01T00:06:26.779574Z,2026-10-01T00:06:26.825563Z,20104.7,46.0
7d3447c5-6626-4b56-b1f8-691f37add18d,short,none,SUCCEEDED,1,ACKED,2026-10-01T00:06:06.682517Z,2026-10-01T00:06:26.951458Z,2026-10-01T00:06:27.012837Z,20268.9,61.4
eb9d26b7-e30f-49f6-8183-74eea40de4dd,medium,none,SUCCEEDED,1,ACKED,2026-10-01T00:06:06.682517Z,2026-10-01T00:06:27.029087Z,2026-10-01T00:06:27.154391Z,20346.6,125.3
5dd6d735-193c-447c-ac5e-d998be7ad82e,medium,none,SUCCEEDED,1,ACKED,2026-10-01T00:06:06.678592Z,2026-10-01T00:06:26.873385Z,2026-10-01T00:06:27.060310Z,20194.8,186.9
9de8029b-b0e2-42d5-a441-f52d485f08f0,short,none,SUCCEEDED,1,ACKED,2026-10-01T00:06:06.674910Z,2026-10-01T00:06:26.779574Z,2026-10-01T00:06:26.825563Z,20104.7,46.0
6f339e5c-35f8-427b-bad2-7da593f1b5ff,short,none,SUCCEEDED,1,ACKED,2026-10-01T00:06:06.678592Z,2026-10-01T00:06:26.903972Z,2026-10-01T00:06:26.950459Z,20225.4,46.5
f8c687bc-b40c-4389-a0c0-72a585ba2762,medium,none,SUCCEEDED,1,ACKED,2026-10-01T00:06:06.693655Z,2026-10-01T00:06:27.139387Z,2026-10-01T00:06:27.401682Z,20445.7,262.3
d3b74dea-c8a6-42b2-8308-f570d4955756,short,none,SUCCEEDED,1,ACKED,2026-10-01T00:06:06.691024Z,2026-10-01T00:06:27.061315Z,2026-10-01T00:06:27.090965Z,20370.3,29.7
32bfe21f-fdf7-4d65-8b9a-eed877bbddd7,medium,none,SUCCEEDED,1,ACKED,2026-10-01T00:06:06.678592Z,2026-10-01T00:06:26.873385Z,2026-10-01T00:06:27.028081Z,20194.8,154.7
aefb2a19-6e30-4ebd-a077-d4397c53cbff,short,none,SUCCEEDED,1,ACKED,2026-10-01T00:06:06.687022Z,2026-10-01T00:06:26.951458Z,2026-10-01T00:06:26.965954Z,20264.4,14.5
1465ab97-8840-4310-a6fc-5d9e6876864f,short,none,SUCCEEDED,1,ACKED,2026-10-01T00:06:06.693655Z,2026-10-01T00:06:27.107578Z,2026-10-01T00:06:27.138387Z,20413.9,30.8
7fa40f61-e6ee-465c-9656-1899483538e7,short,none,SUCCEEDED,1,ACKED,2026-10-01T00:06:06.682517Z,2026-10-01T00:06:26.967467Z,2026-10-01T00:06:27.012837Z,20285.0,45.4
fc27bba6-1e4d-4b23-8998-ed6216cb5724,short,none,SUCCEEDED,1,ACKED,2026-10-01T00:06:06.678592Z,2026-10-01T00:06:26.873385Z,2026-10-01T00:06:26.902968Z,20194.8,29.6
f7a13a33-603e-4d3c-bae6-0e66caa80505,short,none,SUCCEEDED,1,ACKED,2026-10-01T00:06:06.682517Z,2026-10-01T00:06:27.013838Z,2026-10-01T00:06:27.075522Z,20331.3,61.7
f845145b-588c-421a-90cd-c7348ff37c4c,medium,none,SUCCEEDED,1,ACKED,2026-10-01T00:06:06.697162Z,2026-10-01T00:06:27.217430Z,2026-10-01T00:06:27.433057Z,20520.3,215.6
7a197465-08cf-4c84-97da-afc767b5fca9,short,none,SUCCEEDED,1,ACKED,2026-10-01T00:06:06.693655Z,2026-10-01T00:06:27.139387Z,2026-10-01T00:06:27.186004Z,20445.7,46.6
7b000333-9dd8-44ae-a095-b99bfc5df392,long,none,SUCCEEDED,1,ACKED,2026-10-01T00:06:06.682517Z,2026-10-01T00:06:26.951458Z,2026-10-01T00:06:28.820766Z,20268.9,1869.3
1cf36a30-9f71-40b1-bb4e-ab092141fa84,short,none,SUCCEEDED,1,ACKED,2026-10-01T00:06:06.691024Z,2026-10-01T00:06:27.061315Z,2026-10-01T00:06:27.122868Z,20370.3,61.6
0f46260d-eed8-4900-8b89-7b9f801ea21c,short,none,SUCCEEDED,1,ACKED,2026-10-01T00:06:06.697162Z,2026-10-01T00:06:27.187010Z,2026-10-01T00:06:27.201552Z,20489.8,14.5
0b9f8eac-91c1-4017-b260-90a3ef6db1fb,short,none,SUCCEEDED,1,ACKED,2026-10-01T00:06:06.693655Z,2026-10-01T00:06:27.123873Z,2026-10-01T00:06:27.170428Z,20430.2,46.6
4587a64a-95e2-435c-b33a-bfd5172aff4a,long,none,SUCCEEDED,1,ACKED,2026-10-01T00:06:06.682517Z,2026-10-01T00:06:26.951458Z,2026-10-01T00:06:28.789695Z,20268.9,1838.2
59ff71e2-f77d-46a2-b663-634ad73b2d2a,short,none,SUCCEEDED,1,ACKED,2026-10-01T00:06:06.693655Z,2026-10-01T00:06:27.076238Z,2026-10-01T00:06:27.122868Z,20382.6,46.6
e82a913e-73a8-4aba-b4f7-e6181e53a30c,short,none,SUCCEEDED,1,ACKED,2026-10-01T00:06:06.700171Z,2026-10-01T00:06:27.401682Z,2026-10-01T00:06:27.449066Z,20701.5,47.4
1bf9cc36-aef5-4476-9e57-56774d2673ea,short,none,SUCCEEDED,1,ACKED,2026-10-01T00:06:06.697162Z,2026-10-01T00:06:27.202551Z,2026-10-01T00:06:27.232912Z,20505.4,30.4
f5675956-1e7d-4ade-be99-5334b272ecbe,short,none,SUCCEEDED,1,ACKED,2026-10-01T00:06:06.693655Z,2026-10-01T00:06:27.123873Z,2026-10-01T00:06:27.154391Z,20430.2,30.5
f9db490f-6ee5-4416-b179-ccd49c51b81a,long,none,SUCCEEDED,1,ACKED,2026-10-01T00:06:06.694654Z,2026-10-01T00:06:27.155395Z,2026-10-01T00:06:28.820766Z,20460.7,1665.4
a238ade5-1220-4427-9401-4745bccb36de,short,none,SUCCEEDED,1,ACKED,2026-10-01T00:06:06.700171Z,2026-10-01T00:06:27.434058Z,2026-10-01T00:06:27.464572Z,20733.9,30.5
2e6a7802-2600-47c6-838b-9424a8d52944,short,transient,SUCCEEDED,1,NACKED,2026-10-01T00:06:06.697162Z,2026-10-01T00:06:27.187010Z,2026-10-01T00:06:27.216841Z,20489.8,29.8
2e6a7802-2600-47c6-838b-9424a8d52944,short,transient,SUCCEEDED,2,NACKED,2026-10-01T00:06:28.075841Z,2026-10-01T00:06:47.311497Z,2026-10-01T00:06:47.341239Z,19235.7,29.7
2e6a7802-2600-47c6-838b-9424a8d52944,short,transient,SUCCEEDED,3,ACKED,2026-10-01T00:06:48.636239Z,2026-10-01T00:06:48.823239Z,2026-10-01T00:06:48.853118Z,187.0,29.9
875899db-45e3-4afb-8d03-169060184933,short,none,SUCCEEDED,1,ACKED,2026-10-01T00:06:06.693655Z,2026-10-01T00:06:27.091964Z,2026-10-01T00:06:27.138387Z,20398.3,46.4
ab3fce5d-6bb5-4edb-9886-299ceafa843c,medium,none,SUCCEEDED,1,ACKED,2026-10-01T00:06:06.697162Z,2026-10-01T00:06:27.233913Z,2026-10-01T00:06:27.449066Z,20536.8,215.2
474918c7-947e-4a84-8388-a80c9a91cfd7,short,none,SUCCEEDED,1,ACKED,2026-10-01T00:06:06.703169Z,2026-10-01T00:06:27.480577Z,2026-10-01T00:06:27.509946Z,20777.4,29.4
9d0b79a5-c264-42c9-908c-66de0e2db0eb,short,none,SUCCEEDED,1,ACKED,2026-10-01T00:06:06.700171Z,2026-10-01T00:06:27.325669Z,2026-10-01T00:06:27.370831Z,20625.5,45.2
427320d3-0467-4b5c-bc19-e41908a985ce,short,none,SUCCEEDED,1,ACKED,2026-10-01T00:06:06.697162Z,2026-10-01T00:06:27.171087Z,2026-10-01T00:06:27.232912Z,20473.9,61.8
ffe39bd1-3e78-45b7-8243-4da4a0e7ccb8,short,none,SUCCEEDED,1,ACKED,2026-10-01T00:06:06.699170Z,2026-10-01T00:06:27.233913Z,2026-10-01T00:06:27.293580Z,20534.7,59.7
2642885e-8f69-4555-90f4-9c0efc4d328d,long,none,SUCCEEDED,1,ACKED,2026-10-01T00:06:06.703169Z,2026-10-01T00:06:27.480577Z,2026-10-01T00:06:29.227685Z,20777.4,1747.1
b976b200-5576-4fc7-90a8-415713728ec5,short,none,SUCCEEDED,1,ACKED,2026-10-01T00:06:06.700171Z,2026-10-01T00:06:27.294090Z,2026-10-01T00:06:27.324669Z,20593.9,30.6
60003cac-6542-4bf8-9d20-897da982823b,short,transient,SUCCEEDED,1,NACKED,2026-10-01T00:06:06.697162Z,2026-10-01T00:06:27.156396Z,2026-10-01T00:06:27.187010Z,20459.2,30.6
60003cac-6542-4bf8-9d20-897da982823b,short,transient,SUCCEEDED,2,ACKED,2026-10-01T00:06:27.913010Z,2026-10-01T00:06:47.280468Z,2026-10-01T00:06:47.310493Z,19367.5,30.0
319e5764-c255-4ef4-b565-31cc0909fb5c,short,none,SUCCEEDED,1,ACKED,2026-10-01T00:06:06.700171Z,2026-10-01T00:06:27.401682Z,2026-10-01T00:06:27.449066Z,20701.5,47.4
d4a231c3-f5f5-404a-bf93-e4433b1f4206,short,none,SUCCEEDED,1,ACKED,2026-10-01T00:06:06.707676Z,2026-10-01T00:06:27.588276Z,2026-10-01T00:06:27.634804Z,20880.6,46.5
b487b02f-27d2-4e7f-8272-0c40378e594c,medium,none,SUCCEEDED,1,ACKED,2026-10-01T00:06:06.703169Z,2026-10-01T00:06:27.480577Z,2026-10-01T00:06:27.666027Z,20777.4,185.5
82636a76-de89-4a28-873b-fd0e0a649fdc,short,none,SUCCEEDED,1,ACKED,2026-10-01T00:06:06.700171Z,2026-10-01T00:06:27.371333Z,2026-10-01T00:06:27.401682Z,20671.2,30.3
8d43eeb5-d576-4627-9092-8c88f1397676,short,none,SUCCEEDED,1,ACKED,2026-10-01T00:06:06.703169Z,2026-10-01T00:06:27.465572Z,2026-10-01T00:06:27.479318Z,20762.4,13.7
99e109ce-e19c-4d34-9545-69a4583845cd,medium,none,SUCCEEDED,1,ACKED,2026-10-01T00:06:06.707676Z,2026-10-01T00:06:27.635453Z,2026-10-01T00:06:27.790479Z,20927.8,155.0
91ce5c74-508d-4047-a8ba-e600b4d2c07d,short,none,SUCCEEDED,1,ACKED,2026-10-01T00:06:06.703169Z,2026-10-01T00:06:27.450067Z,2026-10-01T00:06:27.494783Z,20746.9,44.7
7351800b-ccef-48a7-ba2d-d46c05e38320,short,none,SUCCEEDED,1,ACKED,2026-10-01T00:06:06.700171Z,2026-10-01T00:06:27.450067Z,2026-10-01T00:06:27.479318Z,20749.9,29.3
8658bb84-5345-431d-87eb-8ae269181a61,short,none,SUCCEEDED,1,ACKED,2026-10-01T00:06:06.703169Z,2026-10-01T00:06:27.510947Z,2026-10-01T00:06:27.540989Z,20807.8,30.0
ed6a6381-bde6-4c73-bb33-784270f0d8ba,short,none,SUCCEEDED,1,ACKED,2026-10-01T00:06:06.711681Z,2026-10-01T00:06:27.871126Z,2026-10-01T00:06:27.915865Z,21159.4,44.7
c34846c9-4341-4066-a166-2e2e196a28b9,short,transient,SUCCEEDED,1,NACKED,2026-10-01T00:06:06.707676Z,2026-10-01T00:06:27.760276Z,2026-10-01T00:06:27.790479Z,21052.6,30.2
c34846c9-4341-4066-a166-2e2e196a28b9,short,transient,SUCCEEDED,2,ACKED,2026-10-01T00:06:28.338479Z,2026-10-01T00:06:47.358257Z,2026-10-01T00:06:47.388900Z,19019.8,30.6
2ae4ae40-5786-4c88-852f-cc2d40e8c1f5,short,none,SUCCEEDED,1,ACKED,2026-10-01T00:06:06.703169Z,2026-10-01T00:06:27.495288Z,2026-10-01T00:06:27.509946Z,20792.1,14.7
f2ea52ee-6387-4f5a-80af-d94584b0f32f,medium,none,SUCCEEDED,1,ACKED,2026-10-01T00:06:06.707676Z,2026-10-01T00:06:27.510947Z,2026-10-01T00:06:27.806163Z,20803.3,295.2
ab503b64-8d93-4e93-a6d3-14b6a989c599,medium,none,SUCCEEDED,1,ACKED,2026-10-01T00:06:06.711681Z,2026-10-01T00:06:27.791477Z,2026-10-01T00:06:27.962018Z,21079.8,170.5
363d369e-fb1f-42ae-853a-dac362479b1d,short,none,SUCCEEDED,1,ACKED,2026-10-01T00:06:06.707676Z,2026-10-01T00:06:27.666717Z,2026-10-01T00:06:27.696360Z,20959.0,29.6
ee6ca488-85b7-4c68-b2da-e0e65b06f258,short,none,SUCCEEDED,1,ACKED,2026-10-01T00:06:06.703169Z,2026-10-01T00:06:27.450067Z,2026-10-01T00:06:27.479318Z,20746.9,29.3
16e16503-a859-4a65-a8ac-c0ec8c0e34ee,short,transient,SUCCEEDED,1,NACKED,2026-10-01T00:06:06.707676Z,2026-10-01T00:06:27.697549Z,2026-10-01T00:06:27.728181Z,20989.9,30.6
16e16503-a859-4a65-a8ac-c0ec8c0e34ee,short,transient,SUCCEEDED,2,NACKED,2026-10-01T00:06:28.245181Z,2026-10-01T00:06:47.341744Z,2026-10-01T00:06:47.373148Z,19096.6,31.4
16e16503-a859-4a65-a8ac-c0ec8c0e34ee,short,transient,SUCCEEDED,3,ACKED,2026-10-01T00:06:48.734148Z,2026-10-01T00:06:48.853877Z,2026-10-01T00:06:48.884419Z,119.7,30.5
e8d00df5-1a93-4f00-861a-379e4588aeef,medium,none,SUCCEEDED,1,ACKED,2026-10-01T00:06:06.714682Z,2026-10-01T00:06:27.902058Z,2026-10-01T00:06:28.150417Z,21187.4,248.4
d38dbacb-1530-4d07-ae35-4720a511d0be,short,none,SUCCEEDED,1,ACKED,2026-10-01T00:06:06.711681Z,2026-10-01T00:06:27.791477Z,2026-10-01T00:06:27.822692Z,21079.8,31.2
f41c5424-3f7e-4893-986c-7a882c5afae7,short,none,SUCCEEDED,1,ACKED,2026-10-01T00:06:06.707676Z,2026-10-01T00:06:27.729180Z,2026-10-01T00:06:27.759274Z,21021.5,30.1
9a317704-c190-44e7-ba66-4318be584b65,short,none,SUCCEEDED,1,ACKED,2026-10-01T00:06:06.711681Z,2026-10-01T00:06:27.807163Z,2026-10-01T00:06:27.854234Z,21095.5,47.1
2d97c177-6e85-4532-9a5f-c00a7982f8e4,short,transient,SUCCEEDED,1,NACKED,2026-10-01T00:06:06.714682Z,2026-10-01T00:06:28.120088Z,2026-10-01T00:06:28.181950Z,21405.4,61.9
2d97c177-6e85-4532-9a5f-c00a7982f8e4,short,transient,SUCCEEDED,2,ACKED,2026-10-01T00:06:29.010950Z,2026-10-01T00:06:47.358257Z,2026-10-01T00:06:47.419491Z,18347.3,61.2
ade534ac-fa8a-4095-9843-a0e1ad4efdd5,medium,none,SUCCEEDED,1,ACKED,2026-10-01T00:06:06.711681Z,2026-10-01T00:06:27.807163Z,2026-10-01T00:06:28.008312Z,21095.5,201.1
bb45646a-0ab6-4eee-a380-97fc958627e0,short,none,SUCCEEDED,1,ACKED,2026-10-01T00:06:06.707676Z,2026-10-01T00:06:27.541496Z,2026-10-01T00:06:27.587275Z,20833.8,45.8
0210aaaa-7ce9-45ce-a4ab-e4f3a243fffd,short,none,SUCCEEDED,1,ACKED,2026-10-01T00:06:06.711681Z,2026-10-01T00:06:27.791477Z,2026-10-01T00:06:27.806163Z,21079.8,14.7
06044900-bb15-432f-916c-0ab25b510488,short,none,SUCCEEDED,1,ACKED,2026-10-01T00:06:06.718189Z,2026-10-01T00:06:28.275287Z,2026-10-01T00:06:28.321094Z,21557.1,45.8
88ea5d99-dee0-4ece-98ec-6452f9f9e8ad,medium,none,SUCCEEDED,1,ACKED,2026-10-01T00:06:06.714682Z,2026-10-01T00:06:27.963022Z,2026-10-01T00:06:28.087229Z,21248.3,124.2
bf2c6604-a7f7-4678-8492-ae1d5b3b04bd,short,none,SUCCEEDED,1,ACKED,2026-10-01T00:06:06.711681Z,2026-10-01T00:06:27.855744Z,2026-10-01T00:06:27.901053Z,21144.1,45.3
748609ac-b7a7-4098-ab75-15e2d63a5fa2,medium,none,SUCCEEDED,1,ACKED,2026-10-01T00:06:06.714682Z,2026-10-01T00:06:28.008312Z,2026-10-01T00:06:28.305535Z,21293.6,297.2
ae323065-d63d-4e01-b7aa-21e77510082c,short,none,SUCCEEDED,1,ACKED,2026-10-01T00:06:06.718189Z,2026-10-01T00:06:28.213616Z,2026-10-01T00:06:28.244053Z,21495.4,30.4
bff69e13-c7ae-44e7-a652-3f96a25fe4f5,short,none,SUCCEEDED,1,ACKED,2026-10-01T00:06:06.714682Z,2026-10-01T00:06:28.088229Z,2026-10-01T00:06:28.119092Z,21373.5,30.9
c49ecf4e-455c-4920-8cc5-c21c5ba6cc16,short,none,SUCCEEDED,1,ACKED,2026-10-01T00:06:06.711681Z,2026-10-01T00:06:27.823699Z,2026-10-01T00:06:27.870254Z,21112.0,46.6
ded793e8-8dbb-4cbc-bc94-fd0b977fbc9c,short,none,SUCCEEDED,1,ACKED,2026-10-01T00:06:06.714682Z,2026-10-01T00:06:28.151416Z,2026-10-01T00:06:28.197089Z,21436.7,45.7
452b2d77-6878-450e-8716-a72521640e7b,medium,none,SUCCEEDED,1,ACKED,2026-10-01T00:06:06.722704Z,2026-10-01T00:06:28.353926Z,2026-10-01T00:06:28.524458Z,21631.2,170.5
be025928-f251-4920-b60d-023b63067c55,short,none,SUCCEEDED,1,ACKED,2026-10-01T00:06:06.718189Z,2026-10-01T00:06:28.275287Z,2026-10-01T00:06:28.337126Z,21557.1,61.8
91ed98d4-2071-4388-9f3f-0420c637c627,short,none,SUCCEEDED,1,ACKED,2026-10-01T00:06:06.714682Z,2026-10-01T00:06:28.182572Z,2026-10-01T00:06:28.212613Z,21467.9,30.0
b5a6282f-20ca-45ce-9ea3-11879a61495c,short,transient,SUCCEEDED,1,NACKED,2026-10-01T00:06:06.718189Z,2026-10-01T00:06:28.198087Z,2026-10-01T00:06:28.244053Z,21479.9,46.0
b5a6282f-20ca-45ce-9ea3-11879a61495c,short,transient,SUCCEEDED,2,NACKED,2026-10-01T00:06:29.237053Z,2026-10-01T00:06:47.358257Z,2026-10-01T00:06:47.404371Z,18121.2,46.1
b5a6282f-20ca-45ce-9ea3-11879a61495c,short,transient,SUCCEEDED,3,ACKED,2026-10-01T00:06:48.888371Z,2026-10-01T00:06:48.994312Z,2026-10-01T00:06:49.040193Z,105.9,45.9
263e61f5-87bb-4a0d-b4fd-d391ab34ce25,medium,none,SUCCEEDED,1,ACKED,2026-10-01T00:06:06.722704Z,2026-10-01T00:06:28.322099Z,2026-10-01T00:06:28.445455Z,21599.4,123.4
28a8297d-7899-4a73-882b-a2c12ca13a20,medium,none,SUCCEEDED,1,ACKED,2026-10-01T00:06:06.718189Z,2026-10-01T00:06:28.245055Z,2026-10-01T00:06:28.399071Z,21526.9,154.0
0a797d43-9c45-40b8-aaa8-6199b1163f6d,medium,none,SUCCEEDED,1,ACKED,2026-10-01T00:06:06.714682Z,2026-10-01T00:06:27.916871Z,2026-10-01T00:06:28.212613Z,21202.2,295.7
adeafddf-7ed0-432b-9aeb-02f45f9c93ee,short,none,SUCCEEDED,1,ACKED,2026-10-01T00:06:06.718189Z,2026-10-01T00:06:28.229143Z,2026-10-01T00:06:28.274784Z,21511.0,45.6
ab6024de-b090-4af4-a472-96fe470d3b03,short,none,SUCCEEDED,1,ACKED,2026-10-01T00:06:06.725703Z,2026-10-01T00:06:28.478297Z,2026-10-01T00:06:28.508357Z,21752.6,30.1
97fec15f-c2ed-453d-8a24-2f60c52da05f,short,none,SUCCEEDED,1,ACKED,2026-10-01T00:06:06.722704Z,2026-10-01T00:06:28.306539Z,2026-10-01T00:06:28.352928Z,21583.8,46.4
ae2e5e0a-e524-411c-95f2-1fff590d1551,short,none,SUCCEEDED,1,ACKED,2026-10-01T00:06:06.718189Z,2026-10-01T00:06:28.213616Z,2026-10-01T00:06:28.228143Z,21495.4,14.5
be9af68d-a235-423f-9db0-4e151da9f96c,long,none,SUCCEEDED,1,ACKED,2026-10-01T00:06:06.722704Z,2026-10-01T00:06:28.446456Z,2026-10-01T00:06:29.615153Z,21723.8,1168.7
dbba933d-60ce-4213-a9ca-7b49e6e2a68f,short,none,SUCCEEDED,1,ACKED,2026-10-01T00:06:06.725703Z,2026-10-01T00:06:28.540634Z,2026-10-01T00:06:28.587178Z,21814.9,46.5
bd367918-cff0-4d40-ad69-c9442711544b,short,none,SUCCEEDED,1,ACKED,2026-10-01T00:06:06.722704Z,2026-10-01T00:06:28.400075Z,2026-10-01T00:06:28.445455Z,21677.4,45.4
5c9edf82-77d7-428b-beed-0f7b502b7be5,short,none,SUCCEEDED,1,ACKED,2026-10-01T00:06:06.718189Z,2026-10-01T00:06:28.245055Z,2026-10-01T00:06:28.274784Z,21526.9,29.7
021689f6-237f-4f99-871b-d3c8bbb77345,short,none,SUCCEEDED,1,ACKED,2026-10-01T00:06:06.722704Z,2026-10-01T00:06:28.415089Z,2026-10-01T00:06:28.477297Z,21692.4,62.2
639447c4-80f9-43ab-9fc4-1d5e8ed4292b,short,none,SUCCEEDED,1,ACKED,2026-10-01T00:06:06.730217Z,2026-10-01T00:06:28.587683Z,2026-10-01T00:06:28.602214Z,21857.5,14.5
0f6ddc5d-8825-488b-b274-fb2394943bdf,short,none,SUCCEEDED,1,ACKED,2026-10-01T00:06:06.725703Z,2026-10-01T00:06:28.446456Z,2026-10-01T00:06:28.477297Z,21720.8,30.8
95960f7b-0656-444c-92e3-577acff23a8d,short,none,SUCCEEDED,1,ACKED,2026-10-01T00:06:06.722704Z,2026-10-01T00:06:28.338348Z,2026-10-01T00:06:28.367942Z,21615.6,29.6
687c26ea-631c-40a5-a03e-b0e1f52c0195,short,none,SUCCEEDED,1,ACKED,2026-10-01T00:06:06.725703Z,2026-10-01T00:06:28.540634Z,2026-10-01T00:06:28.571063Z,21814.9,30.4
e7d24c79-d995-44cd-9103-f8844b398a32,medium,none,SUCCEEDED,1,ACKED,2026-10-01T00:06:06.730217Z,2026-10-01T00:06:28.651275Z,2026-10-01T00:06:28.836279Z,21921.1,185.0
092b84b6-8188-40c0-a15f-4168cb12b4ee,short,none,SUCCEEDED,1,ACKED,2026-10-01T00:06:06.725703Z,2026-10-01T00:06:28.478297Z,2026-10-01T00:06:28.508357Z,21752.6,30.1
cbda5e32-e266-4dca-adb4-ed62a8cb5e2d,short,none,SUCCEEDED,1,ACKED,2026-10-01T00:06:06.722704Z,2026-10-01T00:06:28.368946Z,2026-10-01T00:06:28.415089Z,21646.2,46.1
65bbe2b2-9c9d-4885-bc09-5b8f240252f1,short,none,SUCCEEDED,1,ACKED,2026-10-01T00:06:06.725703Z,2026-10-01T00:06:28.525119Z,2026-10-01T00:06:28.539632Z,21799.4,14.5
7bcf93e0-fc6c-47fd-8388-e256ef0e5f9a,medium,none,SUCCEEDED,1,ACKED,2026-10-01T00:06:06.733276Z,2026-10-01T00:06:28.821765Z,2026-10-01T00:06:29.006862Z,22088.5,185.1
642a44e1-8386-4306-a21d-7c5bc88885ff,medium,none,SUCCEEDED,1,ACKED,2026-10-01T00:06:06.730217Z,2026-10-01T00:06:28.635250Z,2026-10-01T00:06:28.805237Z,21905.0,170.0
43325231-d495-4f74-bf4f-95df4abf436e,short,none,SUCCEEDED,1,ACKED,2026-10-01T00:06:06.725703Z,2026-10-01T00:06:28.509358Z,2026-10-01T00:06:28.539632Z,21783.7,30.3
0c99ce9b-feff-4cda-a8cc-ba4cb98f5f7e,short,none,SUCCEEDED,1,ACKED,2026-10-01T00:06:06.730217Z,2026-10-01T00:06:28.571683Z,2026-10-01T00:06:28.634257Z,21841.5,62.6
ca4667b6-02fc-4534-94e3-fcc2d0fe1703,short,transient,SUCCEEDED,1,NACKED,2026-10-01T00:06:06.733276Z,2026-10-01T00:06:28.837279Z,2026-10-01T00:06:28.882730Z,22104.0,45.5
ca4667b6-02fc-4534-94e3-fcc2d0fe1703,short,transient,SUCCEEDED,2,NACKED,2026-10-01T00:06:29.622730Z,2026-10-01T00:06:47.420494Z,2026-10-01T00:06:47.465781Z,17797.8,45.3
ca4667b6-02fc-4534-94e3-fcc2d0fe1703,short,transient,SUCCEEDED,3,ACKED,2026-10-01T00:06:49.307781Z,2026-10-01T00:06:49.323825Z,2026-10-01T00:06:49.369575Z,16.0,45.8
84eb668b-2d05-4cd2-b9bf-127c80f38e9f,short,none,SUCCEEDED,1,ACKED,2026-10-01T00:06:06.730217Z,2026-10-01T00:06:28.806236Z,2026-10-01T00:06:28.851798Z,22076.0,45.6
84763bb1-2032-455f-be75-ccb5e0062b87,medium,none,SUCCEEDED,1,ACKED,2026-10-01T00:06:06.725703Z,2026-10-01T00:06:28.509358Z,2026-10-01T00:06:28.758472Z,21783.7,249.1
edd790d5-0757-4921-919e-6d78fef08c3b,short,none,SUCCEEDED,1,ACKED,2026-10-01T00:06:06.730217Z,2026-10-01T00:06:28.760472Z,2026-10-01T00:06:28.820766Z,22030.3,60.3
da233bde-486e-4f26-be71-264c00adfab6,short,none,SUCCEEDED,1,ACKED,2026-10-01T00:06:06.737893Z,2026-10-01T00:06:28.914410Z,2026-10-01T00:06:28.975702Z,22176.5,61.3
fabfbb3b-5102-4a31-9e9b-b93e1388f48c,short,none,SUCCEEDED,1,ACKED,2026-10-01T00:06:06.733276Z,2026-10-01T00:06:28.852593Z,2026-10-01T00:06:28.898230Z,22119.3,45.6
28f691a2-7651-4a7c-a90b-0981cb9bfb5d,short,none,SUCCEEDED,1,ACKED,2026-10-01T00:06:06.730217Z,2026-10-01T00:06:28.603220Z,2026-10-01T00:06:28.650269Z,21873.0,47.0
3d0356f2-380f-4e48-bf86-25c5026088d2,short,transient,SUCCEEDED,1,NACKED,2026-10-01T00:06:06.733276Z,2026-10-01T00:06:28.883730Z,2026-10-01T00:06:28.944468Z,22150.5,60.7
3d0356f2-380f-4e48-bf86-25c5026088d2,short,transient,SUCCEEDED,2,NACKED,2026-10-01T00:06:29.600468Z,2026-10-01T00:06:47.404974Z,2026-10-01T00:06:47.465781Z,17804.5,60.8
3d0356f2-380f-4e48-bf86-25c5026088d2,short,transient,SUCCEEDED,3,ACKED,2026-10-01T00:06:49.201781Z,2026-10-01T00:06:49.214698Z,2026-10-01T00:06:49.275577Z,12.9,60.9
01dd3f6f-c24d-4d0e-b18d-51546b0f81ae,short,transient,SUCCEEDED,1,NACKED,2026-10-01T00:06:06.737893Z,2026-10-01T00:06:28.883730Z,2026-10-01T00:06:28.913412Z,22145.8,29.7
01dd3f6f-c24d-4d0e-b18d-51546b0f81ae,short,transient,SUCCEEDED,2,ACKED,2026-10-01T00:06:29.622412Z,2026-10-01T00:06:47.405981Z,2026-10-01T00:06:47.435054Z,17783.6,29.1
1193311c-c43e-4620-b6db-b0e03c439ded,short,none,SUCCEEDED,1,ACKED,2026-10-01T00:06:06.733276Z,2026-10-01T00:06:28.821765Z,2026-10-01T00:06:28.882730Z,22088.5,61.0
36d9026a-f921-4b9c-bd28-1af06a2c5922,short,none,SUCCEEDED,1,ACKED,2026-10-01T00:06:06.730217Z,2026-10-01T00:06:28.790695Z,2026-10-01T00:06:28.836279Z,22060.5,45.6
0e2a1f37-bcab-4b98-971d-0c3bde84d990,short,none,SUCCEEDED,1,ACKED,2026-10-01T00:06:06.733276Z,2026-10-01T00:06:28.868105Z,2026-10-01T00:06:28.928932Z,22134.8,60.8
9cdbf2dd-4f44-4030-8920-31c297be5343,short,none,SUCCEEDED,1,ACKED,2026-10-01T00:06:06.741978Z,2026-10-01T00:06:28.992320Z,2026-10-01T00:06:29.053695Z,22250.3,61.4
707c343b-9941-4d2c-8380-70e3c9de4da4,short,none,SUCCEEDED,1,ACKED,2026-10-01T00:06:06.737893Z,2026-10-01T00:06:28.976329Z,2026-10-01T00:06:29.006862Z,22238.4,30.5
ef233bba-92ec-47bb-be3a-cc90fc3a509e,short,transient,SUCCEEDED,1,NACKED,2026-10-01T00:06:06.733276Z,2026-10-01T00:06:28.821765Z,2026-10-01T00:06:28.867107Z,22088.5,45.3
ef233bba-92ec-47bb-be3a-cc90fc3a509e,short,transient,SUCCEEDED,2,NACKED,2026-10-01T00:06:29.463107Z,2026-10-01T00:06:47.373838Z,2026-10-01T00:06:47.419491Z,17910.7,45.7
ef233bba-92ec-47bb-be3a-cc90fc3a509e,short,transient,SUCCEEDED,3,ACKED,2026-10-01T00:06:48.884491Z,2026-10-01T00:06:48.994312Z,2026-10-01T00:06:49.040193Z,109.8,45.9
14ec205f-f32f-4bf4-a403-8132f4f2fcd6,short,none,SUCCEEDED,1,ACKED,2026-10-01T00:06:06.737893Z,2026-10-01T00:06:28.930438Z,2026-10-01T00:06:28.975702Z,22192.5,45.3
8d228859-7d8a-473b-87e5-1b5f14d62b88,short,none,SUCCEEDED,1,ACKED,2026-10-01T00:06:06.741978Z,2026-10-01T00:06:29.039174Z,2026-10-01T00:06:29.069710Z,22297.2,30.5
3be8f4ad-6a34-46a6-b1e2-0d4156ad8015,short,none,SUCCEEDED,1,ACKED,2026-10-01T00:06:06.737893Z,2026-10-01T00:06:28.945466Z,2026-10-01T00:06:28.991320Z,22207.6,45.9
9a4c0a58-8726-48f2-80ea-4f47c7ccc424,short,transient,SUCCEEDED,1,NACKED,2026-10-01T00:06:06.733276Z,2026-10-01T00:06:28.837279Z,2026-10-01T00:06:28.882730Z,22104.0,45.5
9a4c0a58-8726-48f2-80ea-4f47c7ccc424,short,transient,SUCCEEDED,2,ACKED,2026-10-01T00:06:29.465730Z,2026-10-01T00:06:47.389902Z,2026-10-01T00:06:47.435054Z,17924.2,45.2
803e0a27-c506-4784-b3e0-575d0c11b3bd,long,none,SUCCEEDED,1,ACKED,2026-10-01T00:06:06.737893Z,2026-10-01T00:06:28.883730Z,2026-10-01T00:06:30.223553Z,22145.8,1339.8
3742f875-284f-49e0-9bcb-a6d197265a11,short,none,SUCCEEDED,1,ACKED,2026-10-01T00:06:06.744975Z,2026-10-01T00:06:29.212655Z,2026-10-01T00:06:29.243195Z,22467.7,30.5
68c15aa0-b46e-4349-9e27-f6e953ba279c,short,none,SUCCEEDED,1,ACKED,2026-10-01T00:06:06.741978Z,2026-10-01T00:06:28.977336Z,2026-10-01T00:06:29.038421Z,22235.4,61.1
d86c91cd-de70-45e1-85b9-def55ffd20ae,medium,none,SUCCEEDED,1,ACKED,2026-10-01T00:06:06.737893Z,2026-10-01T00:06:28.945466Z,2026-10-01T00:06:29.102037Z,22207.6,156.6
46dfa7e6-88ee-42fc-b0c0-5c3d5d3cc8f1,medium,none,SUCCEEDED,1,ACKED,2026-10-01T00:06:06.741978Z,2026-10-01T00:06:29.007860Z,2026-10-01T00:06:29.132413Z,22265.9,124.6
dcbee6a9-03f4-49cf-8db4-67862ca19f46,long,none,SUCCEEDED,1,ACKED,2026-10-01T00:06:06.744975Z,2026-10-01T00:06:29.148925Z,2026-10-01T00:06:30.959914Z,22404.0,1811.0
7065b7c5-4b32-4c5f-8ab3-62198bad62c6,short,none,SUCCEEDED,1,ACKED,2026-10-01T00:06:06.741978Z,2026-10-01T00:06:29.039174Z,2026-10-01T00:06:29.101039Z,22297.2,61.9
df872860-6ad7-40e7-87f2-735fbb4964d5,short,none,SUCCEEDED,1,ACKED,2026-10-01T00:06:06.737893Z,2026-10-01T00:06:28.899232Z,2026-10-01T00:06:28.944468Z,22161.3,45.2
c7e96f44-6735-46b0-9ab3-74a0b4b3b79c,short,none,SUCCEEDED,1,ACKED,2026-10-01T00:06:06.741978Z,2026-10-01T00:06:29.007860Z,2026-10-01T00:06:29.038421Z,22265.9,30.6
459e55fc-4e96-4ded-9ab2-83f50fb12cec,medium,none,SUCCEEDED,1,ACKED,2026-10-01T00:06:06.747974Z,2026-10-01T00:06:29.320838Z,2026-10-01T00:06:29.506947Z,22572.9,186.1
686c7e1b-0338-4f94-a724-4b9ec74d880f,medium,none,SUCCEEDED,1,ACKED,2026-10-01T00:06:06.744975Z,2026-10-01T00:06:29.102540Z,2026-10-01T00:06:29.397313Z,22357.6,294.8
ec247b0f-77f5-463c-aa5a-1b9494f8dfc4,medium,none,SUCCEEDED,1,ACKED,2026-10-01T00:06:06.741978Z,2026-10-01T00:06:29.070710Z,2026-10-01T00:06:29.195636Z,22328.7,124.9
386dd2da-2cf0-461d-9148-dfe8d90f0e27,short,none,SUCCEEDED,1,ACKED,2026-10-01T00:06:06.744975Z,2026-10-01T00:06:29.196636Z,2026-10-01T00:06:29.259215Z,22451.7,62.6
d57cc550-8276-4020-93eb-3f18cdb6e628,short,none,SUCCEEDED,1,ACKED,2026-10-01T00:06:06.747974Z,2026-10-01T00:06:29.244195Z,2026-10-01T00:06:29.290251Z,22496.2,46.1
3141e130-0868-4523-8e86-7e5c7727956f,short,none,SUCCEEDED,1,ACKED,2026-10-01T00:06:06.744975Z,2026-10-01T00:06:29.133412Z,2026-10-01T00:06:29.163953Z,22388.4,30.5
7b87aaaa-fd4f-43cb-b7db-46e545fdf4ac,medium,transient,SUCCEEDED,1,NACKED,2026-10-01T00:06:06.741978Z,2026-10-01T00:06:29.054695Z,2026-10-01T00:06:29.211655Z,22312.7,157.0
7b87aaaa-fd4f-43cb-b7db-46e545fdf4ac,medium,transient,SUCCEEDED,2,NACKED,2026-10-01T00:06:29.933655Z,2026-10-01T00:06:47.420494Z,2026-10-01T00:06:47.574418Z,17486.8,153.9
7b87aaaa-fd4f-43cb-b7db-46e545fdf4ac,medium,transient,SUCCEEDED,3,ACKED,2026-10-01T00:06:49.120418Z,2026-10-01T00:06:49.214698Z,2026-10-01T00:06:49.369575Z,94.3,154.9
0ab3fa40-65f6-4ce1-8487-6a785beb7650,short,transient,SUCCEEDED,1,NACKED,2026-10-01T00:06:06.745976Z,2026-10-01T00:06:29.228684Z,2026-10-01T00:06:29.274717Z,22482.7,46.0
0ab3fa40-65f6-4ce1-8487-6a785beb7650,short,transient,SUCCEEDED,2,ACKED,2026-10-01T00:06:30.217717Z,2026-10-01T00:06:47.436058Z,2026-10-01T00:06:47.481620Z,17218.3,45.6
f5edf072-16b0-4465-8745-f4e7f1ac005d,short,none,SUCCEEDED,1,ACKED,2026-10-01T00:06:06.752486Z,2026-10-01T00:06:29.429873Z,2026-10-01T00:06:29.459914Z,22677.4,30.0
5f362c88-37c1-4c3f-851b-2978a539bfbd,short,none,SUCCEEDED,1,ACKED,2026-10-01T00:06:06.747974Z,2026-10-01T00:06:29.398310Z,2026-10-01T00:06:29.428873Z,22650.3,30.6
22757eca-3c2d-4bb9-ad21-32a3a8bad5ae,long,none,SUCCEEDED,1,ACKED,2026-10-01T00:06:06.744975Z,2026-10-01T00:06:29.164952Z,2026-10-01T00:06:31.115523Z,22420.0,1950.6
8fa340f5-15e3-4189-b60f-9f108b3a468b,short,none,SUCCEEDED,1,ACKED,2026-10-01T00:06:06.747974Z,2026-10-01T00:06:29.336966Z,2026-10-01T00:06:29.366527Z,22589.0,29.6
0ec35397-cd41-4207-8535-7efd0b86a404,medium,none,SUCCEEDED,1,ACKED,2026-10-01T00:06:06.752486Z,2026-10-01T00:06:29.492431Z,2026-10-01T00:06:29.755517Z,22739.9,263.1
85ed1a8c-d953-4236-87e4-952bf36b4a5c,medium,none,SUCCEEDED,1,ACKED,2026-10-01T00:06:06.747974Z,2026-10-01T00:06:29.367527Z,2026-10-01T00:06:29.661188Z,22619.6,293.7
384eb6e8-b97e-4246-b3d3-ccbb6f312290,short,none,SUCCEEDED,1,ACKED,2026-10-01T00:06:06.744975Z,2026-10-01T00:06:29.102540Z,2026-10-01T00:06:29.147925Z,22357.6,45.4
1e9f0fcd-60b9-4196-ab65-883c590a4ed2,short,transient,SUCCEEDED,1,NACKED,2026-10-01T00:06:06.747974Z,2026-10-01T00:06:29.291250Z,2026-10-01T00:06:29.335965Z,22543.3,44.7
1e9f0fcd-60b9-4196-ab65-883c590a4ed2,short,transient,SUCCEEDED,2,ACKED,2026-10-01T00:06:30.041965Z,2026-10-01T00:06:47.436058Z,2026-10-01T00:06:47.481620Z,17394.1,45.6
ca4f4e6c-0b69-4970-a497-06bc089b1db5,short,none,SUCCEEDED,1,ACKED,2026-10-01T00:06:06.756002Z,2026-10-01T00:06:29.616150Z,2026-10-01T00:06:29.661188Z,22860.1,45.0
c731aba7-36f4-4260-9dea-f6ba7f09a28e,short,none,SUCCEEDED,1,ACKED,2026-10-01T00:06:06.758002Z,2026-10-01T00:06:29.692969Z,2026-10-01T00:06:29.707915Z,22935.0,14.9
d2f9fd0d-1f7b-4bdf-b59a-17653cec6647,medium,permanent,FAILED,1,NACKED,2026-10-01T00:06:06.747974Z,2026-10-01T00:06:29.260209Z,2026-10-01T00:06:29.459914Z,22512.2,199.7
b8b0dac4-1e9c-4187-b73d-bcf1bc73c1c4,medium,none,SUCCEEDED,1,ACKED,2026-10-01T00:06:06.752486Z,2026-10-01T00:06:29.492431Z,2026-10-01T00:06:29.645668Z,22739.9,153.2
c7073454-d7e6-43c8-a4a4-7be0278d83c6,short,none,SUCCEEDED,1,ACKED,2026-10-01T00:06:06.756002Z,2026-10-01T00:06:29.646673Z,2026-10-01T00:06:29.676711Z,22890.7,30.0
5e0e5e8d-539c-46c1-afd0-0551db640172,short,none,SUCCEEDED,1,ACKED,2026-10-01T00:06:06.752486Z,2026-10-01T00:06:29.508088Z,2026-10-01T00:06:29.553403Z,22755.6,45.3
13a35092-7814-400b-b1be-821240eb33ba,short,none,SUCCEEDED,1,ACKED,2026-10-01T00:06:06.747974Z,2026-10-01T00:06:29.275716Z,2026-10-01T00:06:29.320838Z,22527.7,45.1
5e2c2260-8b6f-42fe-8d4b-d4223f3b4bd8,short,none,SUCCEEDED,1,ACKED,2026-10-01T00:06:06.752486Z,2026-10-01T00:06:29.460914Z,2026-10-01T00:06:29.491432Z,22708.4,30.5
d5e3e4ca-9492-4ea5-86c8-419c026cc15c,short,none,SUCCEEDED,1,ACKED,2026-10-01T00:06:06.759002Z,2026-10-01T00:06:29.773230Z,2026-10-01T00:06:29.802237Z,23014.2,29.0
ee3db04f-fb79-4929-920d-4e1b519bfe03,short,none,SUCCEEDED,1,ACKED,2026-10-01T00:06:06.762109Z,2026-10-01T00:06:30.053162Z,2026-10-01T00:06:30.067201Z,23291.1,14.0
e80c8a4b-2a37-466c-aea3-a1dc1eb5f3d9,short,permanent,FAILED,1,NACKED,2026-10-01T00:06:06.752486Z,2026-10-01T00:06:29.554403Z,2026-10-01T00:06:29.615153Z,22801.9,60.8
c09dff26-0011-4ab0-9b87-314711df2b15,medium,transient,SUCCEEDED,1,NACKED,2026-10-01T00:06:06.756002Z,2026-10-01T00:06:29.646673Z,2026-10-01T00:06:29.771594Z,22890.7,124.9
c09dff26-0011-4ab0-9b87-314711df2b15,medium,transient,SUCCEEDED,2,ACKED,2026-10-01T00:06:30.324594Z,2026-10-01T00:06:47.466587Z,2026-10-01T00:06:47.605707Z,17142.0,139.1
6527dd90-cf91-4438-81e2-33356116496f,medium,none,SUCCEEDED,1,ACKED,2026-10-01T00:06:06.760001Z,2026-10-01T00:06:29.867559Z,2026-10-01T00:06:30.067201Z,23107.6,199.6
3f9a2426-98ae-4665-b066-44b94193a048,medium,none,SUCCEEDED,1,ACKED,2026-10-01T00:06:06.756002Z,2026-10-01T00:06:29.677855Z,2026-10-01T00:06:29.882073Z,22921.9,204.2
7907e4b7-7675-4ee1-8057-74ede3c151fc,short,none,SUCCEEDED,1,ACKED,2026-10-01T00:06:06.752486Z,2026-10-01T00:06:29.460914Z,2026-10-01T00:06:29.491432Z,22708.4,30.5
5599dd99-8f3a-4229-ac78-d6b4eeffb5bb,short,none,SUCCEEDED,1,ACKED,2026-10-01T00:06:06.756002Z,2026-10-01T00:06:29.662191Z,2026-10-01T00:06:29.692371Z,22906.2,30.2
00719061-a7fa-491e-870b-ea99393a4379,short,none,SUCCEEDED,1,ACKED,2026-10-01T00:06:06.762109Z,2026-10-01T00:06:29.976765Z,2026-10-01T00:06:30.006803Z,23214.7,30.0
ab55cd83-8569-4370-b155-ca4a8c0d439f,medium,transient,SUCCEEDED,1,NACKED,2026-10-01T00:06:06.765108Z,2026-10-01T00:06:30.179013Z,2026-10-01T00:06:30.395990Z,23413.9,217.0
ab55cd83-8569-4370-b155-ca4a8c0d439f,medium,transient,SUCCEEDED,2,ACKED,2026-10-01T00:06:31.082990Z,2026-10-01T00:06:47.466587Z,2026-10-01T00:06:47.682723Z,16383.6,216.1
f360fbef-4321-45c6-bad3-de5b32682220,long,none,SUCCEEDED,1,ACKED,2026-10-01T00:06:06.756002Z,2026-10-01T00:06:29.662191Z,2026-10-01T00:06:30.725222Z,22906.2,1063.0
eae8d31d-3697-4c9f-8645-0913da2f5a61,short,none,SUCCEEDED,1,ACKED,2026-10-01T00:06:06.759002Z,2026-10-01T00:06:29.756517Z,2026-10-01T00:06:29.786733Z,22997.5,30.2
ab6512ea-3d06-4302-9411-e45c3d2ae581,short,none,SUCCEEDED,1,ACKED,2026-10-01T00:06:06.763110Z,2026-10-01T00:06:30.114913Z,2026-10-01T00:06:30.145443Z,23351.8,30.5
902c2fec-c55f-4287-a14e-9aea31dad80a,short,none,SUCCEEDED,1,ACKED,2026-10-01T00:06:06.759002Z,2026-10-01T00:06:29.835477Z,2026-10-01T00:06:29.866552Z,23076.5,31.1
787d3ee1-a327-48d2-8861-4b5a9a5b1585,short,none,SUCCEEDED,1,ACKED,2026-10-01T00:06:06.756002Z,2026-10-01T00:06:29.616150Z,2026-10-01T00:06:29.645668Z,22860.1,29.5
3cb39f01-0e86-4e72-a163-70d71e87f973,long,none,SUCCEEDED,1,ACKED,2026-10-01T00:06:06.759002Z,2026-10-01T00:06:29.787733Z,2026-10-01T00:06:31.255997Z,23028.7,1468.3
c64da1a8-fd90-4ce0-8fde-af5f13d3925e,short,none,SUCCEEDED,1,ACKED,2026-10-01T00:06:06.765108Z,2026-10-01T00:06:30.225558Z,2026-10-01T00:06:30.254026Z,23460.5,28.5
523482c9-c8f2-4b89-b463-af650e421491,short,none,SUCCEEDED,1,ACKED,2026-10-01T00:06:06.768110Z,2026-10-01T00:06:30.569942Z,2026-10-01T00:06:30.616231Z,23801.8,46.3
db76a6a0-c666-4946-ba20-5f9f3d017582,short,none,SUCCEEDED,1,ACKED,2026-10-01T00:06:06.759002Z,2026-10-01T00:06:29.803239Z,2026-10-01T00:06:29.834471Z,23044.2,31.2
92ef2961-2ad6-49c1-b784-1886f4b080a3,short,none,SUCCEEDED,1,ACKED,2026-10-01T00:06:06.762109Z,2026-10-01T00:06:30.067922Z,2026-10-01T00:06:30.113915Z,23305.8,46.0
ee04531c-76bf-4b8e-9fe4-570c7206c806,short,none,SUCCEEDED,1,ACKED,2026-10-01T00:06:06.767109Z,2026-10-01T00:06:30.396990Z,2026-10-01T00:06:30.459599Z,23629.9,62.6
7c4b2e4c-bc38-425c-9c80-e9d8b247be5d,medium,none,SUCCEEDED,1,ACKED,2026-10-01T00:06:06.762109Z,2026-10-01T00:06:30.067922Z,2026-10-01T00:06:30.332885Z,23305.8,265.0
e578fc43-7df3-4efb-94ce-03e32d1b4d5b,long,none,SUCCEEDED,1,ACKED,2026-10-01T00:06:06.759002Z,2026-10-01T00:06:29.708419Z,2026-10-01T00:06:30.773365Z,22949.4,1064.9
89d0b270-7e07-4cb8-842b-8274a2204d10,short,none,SUCCEEDED,1,ACKED,2026-10-01T00:06:06.762109Z,2026-10-01T00:06:29.883074Z,2026-10-01T00:06:29.929292Z,23121.0,46.2
a9b33a7a-9fe3-461f-b729-e239b867b29f,medium,none,SUCCEEDED,1,ACKED,2026-10-01T00:06:06.768110Z,2026-10-01T00:06:30.617229Z,2026-10-01T00:06:30.866473Z,23849.1,249.2
8c368d88-4d88-41c7-b3e7-3ff3072aaf58,medium,none,SUCCEEDED,1,ACKED,2026-10-01T00:06:06.772130Z,2026-10-01T00:06:30.873476Z,2026-10-01T00:06:31.146945Z,24101.3,273.5
12fba3c8-f634-4928-a8fd-c63828cee4de,short,none,SUCCEEDED,1,ACKED,2026-10-01T00:06:06.762109Z,2026-10-01T00:06:30.007806Z,2026-10-01T00:06:30.052160Z,23245.7,44.4
e11c1100-6748-4797-9580-03866b18ee78,medium,none,SUCCEEDED,1,ACKED,2026-10-01T00:06:06.766110Z,2026-10-01T00:06:30.349922Z,2026-10-01T00:06:30.537280Z,23583.8,187.4
aac6c2cf-3ba9-473e-997c-574a9a9b49ef,long,none,SUCCEEDED,1,ACKED,2026-10-01T00:06:06.772130Z,2026-10-01T00:06:30.839660Z,2026-10-01T00:06:32.722093Z,24067.5,1882.4
b526f000-b348-42d2-8f5b-f200ffd867b0,short,none,SUCCEEDED,1,ACKED,2026-10-01T00:06:06.765108Z,2026-10-01T00:06:30.146445Z,2026-10-01T00:06:30.177302Z,23381.3,30.9
f9aafba3-dc3b-4f19-9836-bfa327fad718,short,none,SUCCEEDED,1,ACKED,2026-10-01T00:06:06.762109Z,2026-10-01T00:06:29.929913Z,2026-10-01T00:06:29.975980Z,23167.8,46.1
39e11e8c-269d-4b5f-bd82-533866d1f4ec,medium,none,SUCCEEDED,1,ACKED,2026-10-01T00:06:06.765108Z,2026-10-01T00:06:30.333883Z,2026-10-01T00:06:30.443571Z,23568.8,109.7
08999ce9-7b48-4720-b3c8-b65772924733,medium,none,SUCCEEDED,1,ACKED,2026-10-01T00:06:06.771130Z,2026-10-01T00:06:30.789623Z,2026-10-01T00:06:31.037031Z,24018.5,247.4
fc4dd170-7b40-4f09-ae93-933066fb472b,medium,none,SUCCEEDED,1,ACKED,2026-10-01T00:06:06.776204Z,2026-10-01T00:06:31.163459Z,2026-10-01T00:06:31.304391Z,24387.3,140.9
65674b8d-b6ed-4381-8098-e5b67d5da7eb,short,none,SUCCEEDED,1,ACKED,2026-10-01T00:06:06.765108Z,2026-10-01T00:06:30.302249Z,2026-10-01T00:06:30.348911Z,23537.1,46.7
5be3959f-57fb-4d60-9ec5-ab0998c38f9b,short,none,SUCCEEDED,1,ACKED,2026-10-01T00:06:06.769109Z,2026-10-01T00:06:30.725222Z,2026-10-01T00:06:30.788617Z,23956.1,63.4
4661133f-ba76-4afe-b27a-85bcea1611c5,short,none,SUCCEEDED,1,ACKED,2026-10-01T00:06:06.774640Z,2026-10-01T00:06:31.147945Z,2026-10-01T00:06:31.193504Z,24373.3,45.6
4ad7cbd8-c84a-4a0a-8bc0-caff24c65d2f,short,none,SUCCEEDED,1,ACKED,2026-10-01T00:06:06.768110Z,2026-10-01T00:06:30.537902Z,2026-10-01T00:06:30.568937Z,23769.8,31.0
3bc25ed6-f30d-4a0d-a634-83a8a1f40058,short,none,SUCCEEDED,1,ACKED,2026-10-01T00:06:06.765108Z,2026-10-01T00:06:30.255534Z,2026-10-01T00:06:30.301245Z,23490.4,45.7
99353b1d-f05b-4324-b84c-0cc6dd383149,long,none,SUCCEEDED,1,ACKED,2026-10-01T00:06:06.768110Z,2026-10-01T00:06:30.459599Z,2026-10-01T00:06:31.692774Z,23691.5,1233.2
64c48e82-ced0-42f2-9da9-b5c2ef7993de,medium,none,SUCCEEDED,1,ACKED,2026-10-01T00:06:06.774640Z,2026-10-01T00:06:31.068860Z,2026-10-01T00:06:31.240284Z,24294.2,171.4
0cc146b5-391e-4445-a201-68772a7aefc8,short,none,SUCCEEDED,1,ACKED,2026-10-01T00:06:06.778723Z,2026-10-01T00:06:31.271789Z,2026-10-01T00:06:31.319915Z,24493.1,48.1
bc7e8648-b909-45bc-be38-7aab8339e1cc,medium,none,SUCCEEDED,1,ACKED,2026-10-01T00:06:06.768110Z,2026-10-01T00:06:30.444086Z,2026-10-01T00:06:30.694548Z,23676.0,250.5
3f133482-6535-4f52-bee3-4e81b40aef1e,long,none,SUCCEEDED,1,ACKED,2026-10-01T00:06:06.773132Z,2026-10-01T00:06:30.963430Z,2026-10-01T00:06:32.878993Z,24190.3,1915.6
21167a61-6e9a-4779-83f8-6411ed9b7cc9,short,none,SUCCEEDED,1,ACKED,2026-10-01T00:06:06.777214Z,2026-10-01T00:06:31.225714Z,2026-10-01T00:06:31.271285Z,24448.5,45.6
2cb1438d-fbd4-4ec4-9e2d-a000f9d0ec8d,medium,none,SUCCEEDED,1,ACKED,2026-10-01T00:06:06.771130Z,2026-10-01T00:06:30.774111Z,2026-10-01T00:06:31.021761Z,24003.0,247.7
de502daf-92bf-42ab-aab4-65f66428b8df,short,transient,DEAD_LETTER,1,NACKED,2026-10-01T00:06:06.768110Z,2026-10-01T00:06:30.695613Z,2026-10-01T00:06:30.741329Z,23927.5,45.7
de502daf-92bf-42ab-aab4-65f66428b8df,short,transient,DEAD_LETTER,2,NACKED,2026-10-01T00:06:31.550329Z,2026-10-01T00:06:47.466587Z,2026-10-01T00:06:47.512082Z,15916.3,45.5
de502daf-92bf-42ab-aab4-65f66428b8df,short,transient,DEAD_LETTER,3,NACKED,2026-10-01T00:06:48.813082Z,2026-10-01T00:06:48.885418Z,2026-10-01T00:06:48.930955Z,72.3,45.5
f5089094-7116-4534-b10e-6ed792a70b6d,short,none,SUCCEEDED,1,ACKED,2026-10-01T00:06:06.771130Z,2026-10-01T00:06:30.774111Z,2026-10-01T00:06:30.804510Z,24003.0,30.4
ff4d831c-0a0b-4359-960e-9bfb62f8365e,short,none,SUCCEEDED,1,ACKED,2026-10-01T00:06:06.777214Z,2026-10-01T00:06:31.194502Z,2026-10-01T00:06:31.224716Z,24417.3,30.2
4ecbc05a-f67f-4eba-9af9-a12bd37da206,short,transient,DEAD_LETTER,1,NACKED,2026-10-01T00:06:06.782252Z,2026-10-01T00:06:31.398636Z,2026-10-01T00:06:31.429271Z,24616.4,30.6
4ecbc05a-f67f-4eba-9af9-a12bd37da206,short,transient,DEAD_LETTER,2,NACKED,2026-10-01T00:06:31.948271Z,2026-10-01T00:06:47.513072Z,2026-10-01T00:06:47.543367Z,15564.8,30.3
4ecbc05a-f67f-4eba-9af9-a12bd37da206,short,transient,DEAD_LETTER,3,NACKED,2026-10-01T00:06:49.150367Z,2026-10-01T00:06:49.214698Z,2026-10-01T00:06:49.245068Z,64.3,30.4
bc55553b-a516-4efe-880c-1abbde0e5a4a,short,none,SUCCEEDED,1,ACKED,2026-10-01T00:06:06.771130Z,2026-10-01T00:06:30.742329Z,2026-10-01T00:06:30.773365Z,23971.2,31.0
33b50cb6-ad65-400b-8b89-a56a9a54b1d4,short,none,SUCCEEDED,1,ACKED,2026-10-01T00:06:06.776204Z,2026-10-01T00:06:31.147945Z,2026-10-01T00:06:31.193504Z,24371.7,45.6
50b80eab-370a-4054-a847-2c0af628e2fb,short,none,SUCCEEDED,1,ACKED,2026-10-01T00:06:06.782252Z,2026-10-01T00:06:31.337009Z,2026-10-01T00:06:31.351519Z,24554.8,14.5
1eb2ee42-413b-4e8b-b4b4-da3ea3f211b6,short,none,SUCCEEDED,1,ACKED,2026-10-01T00:06:06.774640Z,2026-10-01T00:06:31.024754Z,2026-10-01T00:06:31.067854Z,24250.1,43.1
ecb91a34-376d-4df3-9555-d6a8d30d9a12,short,none,SUCCEEDED,1,ACKED,2026-10-01T00:06:06.771130Z,2026-10-01T00:06:30.809020Z,2026-10-01T00:06:30.835658Z,24037.9,26.6
a8d1604c-6486-4645-9fa1-901e2afea15f,short,none,SUCCEEDED,1,ACKED,2026-10-01T00:06:06.774640Z,2026-10-01T00:06:31.100462Z,2026-10-01T00:06:31.146945Z,24325.8,46.5
7f21dbd2-cf04-4044-97f4-176c353b4b98,short,none,SUCCEEDED,1,ACKED,2026-10-01T00:06:06.782252Z,2026-10-01T00:06:31.320914Z,2026-10-01T00:06:31.367033Z,24538.7,46.1
e96d06c3-85a1-4d55-bf55-0a8821e911a4,short,none,SUCCEEDED,1,ACKED,2026-10-01T00:06:06.785754Z,2026-10-01T00:06:31.490056Z,2026-10-01T00:06:31.536914Z,24704.3,46.9
f245fcdb-de65-49a8-8e74-d954dc7c434d,short,transient,SUCCEEDED,1,NACKED,2026-10-01T00:06:06.774640Z,2026-10-01T00:06:31.042330Z,2026-10-01T00:06:31.099460Z,24267.7,57.1
f245fcdb-de65-49a8-8e74-d954dc7c434d,short,transient,SUCCEEDED,2,ACKED,2026-10-01T00:06:31.648460Z,2026-10-01T00:06:47.482619Z,2026-10-01T00:06:47.543367Z,15834.2,60.7
5af5341b-8633-4383-a200-1496a2e2e86f,medium,none,SUCCEEDED,1,ACKED,2026-10-01T00:06:06.778723Z,2026-10-01T00:06:31.271789Z,2026-10-01T00:06:31.505589Z,24493.1,233.8
ca701954-b650-4bbc-bbb5-031da3e253f5,short,none,SUCCEEDED,1,ACKED,2026-10-01T00:06:06.785754Z,2026-10-01T00:06:31.430276Z,2026-10-01T00:06:31.475046Z,24644.5,44.8
544df469-7e74-4df0-aa9e-f8332d403539,short,transient,SUCCEEDED,1,NACKED,2026-10-01T00:06:06.778723Z,2026-10-01T00:06:31.305400Z,2026-10-01T00:06:31.336009Z,24526.7,30.6
544df469-7e74-4df0-aa9e-f8332d403539,short,transient,SUCCEEDED,2,ACKED,2026-10-01T00:06:32.206009Z,2026-10-01T00:06:47.513072Z,2026-10-01T00:06:47.543367Z,15307.1,30.3
0cae2506-38be-4835-a655-f7d4f46963da,short,transient,SUCCEEDED,1,NACKED,2026-10-01T00:06:06.774640Z,2026-10-01T00:06:31.119522Z,2026-10-01T00:06:31.162458Z,24344.9,42.9
0cae2506-38be-4835-a655-f7d4f46963da,short,transient,SUCCEEDED,2,ACKED,2026-10-01T00:06:31.746458Z,2026-10-01T00:06:47.482619Z,2026-10-01T00:06:47.512082Z,15736.2,29.5
6174c518-cbf4-4a66-b728-d2bc4cc77b83,medium,none,SUCCEEDED,1,ACKED,2026-10-01T00:06:06.777214Z,2026-10-01T00:06:31.194502Z,2026-10-01T00:06:31.351519Z,24417.3,157.0
fd029c51-a7c5-4138-aea3-b6941e333175,medium,none,SUCCEEDED,1,ACKED,2026-10-01T00:06:06.785754Z,2026-10-01T00:06:31.506589Z,2026-10-01T00:06:31.630382Z,24720.8,123.8
dd37e487-a6b4-41ed-b59e-4db35b5ba584,short,none,SUCCEEDED,1,ACKED,2026-10-01T00:06:06.790722Z,2026-10-01T00:06:31.521165Z,2026-10-01T00:06:31.568141Z,24730.4,47.0
d6e7808b-4b58-4c2c-9b5e-afbfed4ac6be,short,none,SUCCEEDED,1,ACKED,2026-10-01T00:06:06.777214Z,2026-10-01T00:06:31.240789Z,2026-10-01T00:06:31.271285Z,24463.6,30.5
e3061c53-efce-4179-abfd-49d22821b87c,short,none,SUCCEEDED,1,ACKED,2026-10-01T00:06:06.782252Z,2026-10-01T00:06:31.352518Z,2026-10-01T00:06:31.398636Z,24570.3,46.1
11f38ac5-41da-49a3-8607-21cfa9d593f7,medium,transient,SUCCEEDED,1,NACKED,2026-10-01T00:06:06.790722Z,2026-10-01T00:06:31.630382Z,2026-10-01T00:06:31.863649Z,24839.7,233.3
11f38ac5-41da-49a3-8607-21cfa9d593f7,medium,transient,SUCCEEDED,2,NACKED,2026-10-01T00:06:32.577649Z,2026-10-01T00:06:47.544365Z,2026-10-01T00:06:47.791674Z,14966.7,247.3
11f38ac5-41da-49a3-8607-21cfa9d593f7,medium,transient,SUCCEEDED,3,ACKED,2026-10-01T00:06:49.309674Z,2026-10-01T00:06:49.323825Z,2026-10-01T00:06:49.570963Z,14.2,247.1
54262c97-382e-4953-bee1-ef17eadeb860,short,none,SUCCEEDED,1,ACKED,2026-10-01T00:06:06.782252Z,2026-10-01T00:06:31.399637Z,2026-10-01T00:06:31.444782Z,24617.4,45.1
ecc4dd6f-09a3-4aea-b88e-dc26a085d4c0,medium,permanent,FAILED,1,NACKED,2026-10-01T00:06:06.777214Z,2026-10-01T00:06:31.256998Z,2026-10-01T00:06:31.429271Z,24479.8,172.3
baf256ca-f0a4-4bd8-87fc-c07de2f0716f,medium,none,SUCCEEDED,1,ACKED,2026-10-01T00:06:06.782252Z,2026-10-01T00:06:31.368036Z,2026-10-01T00:06:31.599855Z,24585.8,231.8
c4b582ab-73c0-4f70-abfc-9a1777ff7dfd,short,none,SUCCEEDED,1,ACKED,2026-10-01T00:06:06.790722Z,2026-10-01T00:06:31.693543Z,2026-10-01T00:06:31.724108Z,24902.8,30.6
ede6ed8c-ecdb-451d-bfc7-f66c91b216f1,short,none,SUCCEEDED,1,ACKED,2026-10-01T00:06:06.794237Z,2026-10-01T00:06:31.771525Z,2026-10-01T00:06:31.816786Z,24977.3,45.3
6af4444b-ab4c-4c98-82ff-27d0f0435ac5,short,none,SUCCEEDED,1,ACKED,2026-10-01T00:06:06.782252Z,2026-10-01T00:06:31.352518Z,2026-10-01T00:06:31.398636Z,24570.3,46.1
e7f92a18-8193-4c6b-a202-a2bd3442986d,long,none,SUCCEEDED,1,ACKED,2026-10-01T00:06:06.785754Z,2026-10-01T00:06:31.506589Z,2026-10-01T00:06:32.816614Z,24720.8,1310.0
bb84a48e-0836-43db-ae7c-e6d3706f2b35,short,none,SUCCEEDED,1,ACKED,2026-10-01T00:06:06.794237Z,2026-10-01T00:06:31.817291Z,2026-10-01T00:06:31.832572Z,25023.1,15.3
ffe5f653-dcb7-440e-b5a6-549d1408c981,short,none,SUCCEEDED,1,ACKED,2026-10-01T00:06:06.785754Z,2026-10-01T00:06:31.475046Z,2026-10-01T00:06:31.490056Z,24689.3,15.0
62614520-4a32-4b6a-889b-8f7bf022674a,short,none,SUCCEEDED,1,ACKED,2026-10-01T00:06:06.783248Z,2026-10-01T00:06:31.430276Z,2026-10-01T00:06:31.475046Z,24647.0,44.8
01e04c39-f316-43f2-bcf9-8e216245488e,short,none,SUCCEEDED,1,ACKED,2026-10-01T00:06:06.785754Z,2026-10-01T00:06:31.490056Z,2026-10-01T00:06:31.505589Z,24704.3,15.5
f0bb46da-317f-4a47-a18f-d9ff95f27c0a,medium,none,SUCCEEDED,1,ACKED,2026-10-01T00:06:06.794237Z,2026-10-01T00:06:31.802753Z,2026-10-01T00:06:32.020841Z,25008.5,218.1
78ff33d0-5173-4629-98f2-2d2ca94284ba,short,none,SUCCEEDED,1,ACKED,2026-10-01T00:06:06.797238Z,2026-10-01T00:06:31.896671Z,2026-10-01T00:06:31.943049Z,25099.4,46.4
58140ccd-9a55-4b7e-8242-6589660676df,short,none,SUCCEEDED,1,ACKED,2026-10-01T00:06:06.785754Z,2026-10-01T00:06:31.475046Z,2026-10-01T00:06:31.521165Z,24689.3,46.1
a51b3398-bd60-498c-82fa-ae081a8b86ec,short,none,SUCCEEDED,1,ACKED,2026-10-01T00:06:06.794237Z,2026-10-01T00:06:31.756501Z,2026-10-01T00:06:31.801750Z,24962.3,45.2
b585b64d-c9e2-4530-a0d3-41ed0ba05ce8,long,none,SUCCEEDED,1,ACKED,2026-10-01T00:06:06.797238Z,2026-10-01T00:06:31.896671Z,2026-10-01T00:06:33.175595Z,25099.4,1278.9
4a0ea97f-99b8-4cd4-8c51-95cf985075f9,medium,none,SUCCEEDED,1,ACKED,2026-10-01T00:06:06.790722Z,2026-10-01T00:06:31.600856Z,2026-10-01T00:06:31.816786Z,24810.1,215.9
fc776c0d-75c2-4f04-9994-b53aa73353d4,short,none,SUCCEEDED,1,ACKED,2026-10-01T00:06:06.786261Z,2026-10-01T00:06:31.444782Z,2026-10-01T00:06:31.490056Z,24658.5,45.3
72d59581-2e80-435c-957f-d17c3d1ddebf,medium,none,SUCCEEDED,1,ACKED,2026-10-01T00:06:06.790722Z,2026-10-01T00:06:31.569141Z,2026-10-01T00:06:31.692774Z,24778.4,123.6
00fe0e84-0352-47ce-a4ac-812bf6ec7e59,short,none,SUCCEEDED,1,ACKED,2026-10-01T00:06:06.797238Z,2026-10-01T00:06:31.864649Z,2026-10-01T00:06:31.927124Z,25067.4,62.5
a7dd1ce0-ac4b-4e51-a30e-423f1f4b6e93,short,none,SUCCEEDED,1,ACKED,2026-10-01T00:06:06.801237Z,2026-10-01T00:06:31.928124Z,2026-10-01T00:06:31.959109Z,25126.9,31.0
225153cf-5ec2-4fd6-babc-09190165cb74,medium,none,SUCCEEDED,1,ACKED,2026-10-01T00:06:06.790722Z,2026-10-01T00:06:31.568141Z,2026-10-01T00:06:31.816786Z,24777.4,248.6
30100d40-aa12-4b0c-b41b-462607f303f0,short,none,SUCCEEDED,1,ACKED,2026-10-01T00:06:06.797238Z,2026-10-01T00:06:31.833574Z,2026-10-01T00:06:31.895671Z,25036.3,62.1
47759a67-5227-4605-9464-a0ce266fc27f,medium,none,SUCCEEDED,1,ACKED,2026-10-01T00:06:06.801237Z,2026-10-01T00:06:31.960101Z,2026-10-01T00:06:32.099667Z,25158.9,139.6
db5f6417-0b60-45da-8491-f98b21886715,short,none,SUCCEEDED,1,ACKED,2026-10-01T00:06:06.794237Z,2026-10-01T00:06:31.817291Z,2026-10-01T00:06:31.863649Z,25023.1,46.4
4638cc58-2c2c-4cba-a7f8-644c96fb117d,short,transient,SUCCEEDED,1,NACKED,2026-10-01T00:06:06.790722Z,2026-10-01T00:06:31.537906Z,2026-10-01T00:06:31.568141Z,24747.2,30.2
4638cc58-2c2c-4cba-a7f8-644c96fb117d,short,transient,SUCCEEDED,2,ACKED,2026-10-01T00:06:32.370141Z,2026-10-01T00:06:47.544365Z,2026-10-01T00:06:47.574418Z,15174.2,30.1
6e96fd9a-0477-4b32-b6c8-47936cbf6bc9,short,none,SUCCEEDED,1,ACKED,2026-10-01T00:06:06.794237Z,2026-10-01T00:06:31.724944Z,2026-10-01T00:06:31.770526Z,24930.7,45.6
9ca47eb5-33e8-43fa-a6db-27f0803e4581,short,none,SUCCEEDED,1,ACKED,2026-10-01T00:06:06.801237Z,2026-10-01T00:06:31.975936Z,2026-10-01T00:06:32.005465Z,25174.7,29.5
0816d628-44db-4d90-86bf-317f8d106cb6,medium,transient,SUCCEEDED,1,NACKED,2026-10-01T00:06:06.805588Z,2026-10-01T00:06:32.148301Z,2026-10-01T00:06:32.319392Z,25342.7,171.1
0816d628-44db-4d90-86bf-317f8d106cb6,medium,transient,SUCCEEDED,2,ACKED,2026-10-01T00:06:32.909392Z,2026-10-01T00:06:47.544365Z,2026-10-01T00:06:47.729168Z,14635.0,184.8
b01c7fae-e2ca-476a-b752-c820dfdfdb42,short,none,SUCCEEDED,1,ACKED,2026-10-01T00:06:06.794237Z,2026-10-01T00:06:31.697546Z,2026-10-01T00:06:31.739478Z,24903.3,41.9
1e1f216a-81cf-4500-bf8a-03377c6e9301,medium,none,SUCCEEDED,1,ACKED,2026-10-01T00:06:06.801237Z,2026-10-01T00:06:32.052434Z,2026-10-01T00:06:32.303291Z,25251.2,250.9
41f7a1a8-2cab-46eb-8d9a-dc97ab76f2eb,short,none,SUCCEEDED,1,ACKED,2026-10-01T00:06:06.805588Z,2026-10-01T00:06:32.225755Z,2026-10-01T00:06:32.256347Z,25420.2,30.6
8f68afff-a01d-4b96-bea1-7196502117bf,short,none,SUCCEEDED,1,ACKED,2026-10-01T00:06:06.797238Z,2026-10-01T00:06:31.817291Z,2026-10-01T00:06:31.863649Z,25020.1,46.4
dc876929-6693-412c-b603-9751058aa0bf,short,none,SUCCEEDED,1,ACKED,2026-10-01T00:06:06.794237Z,2026-10-01T00:06:31.739478Z,2026-10-01T00:06:31.755502Z,24945.2,16.0
9ceefda5-81e5-48f3-bb4a-17a92bd4a70d,short,none,SUCCEEDED,1,ACKED,2026-10-01T00:06:06.797238Z,2026-10-01T00:06:31.911565Z,2026-10-01T00:06:31.943049Z,25114.3,31.5
9fa5dc5a-d2a6-4e0b-952b-be9b7d09eeca,medium,none,SUCCEEDED,1,ACKED,2026-10-01T00:06:06.805588Z,2026-10-01T00:06:32.148301Z,2026-10-01T00:06:32.351132Z,25342.7,202.8
8975fe41-daa3-4347-be78-37087edf0bf0,short,permanent,FAILED,1,NACKED,2026-10-01T00:06:06.808587Z,2026-10-01T00:06:32.398247Z,2026-10-01T00:06:32.444449Z,25589.7,46.2
75659e42-268f-4ea4-8778-ae0fe64da9f5,short,none,SUCCEEDED,1,ACKED,2026-10-01T00:06:06.797238Z,2026-10-01T00:06:31.864649Z,2026-10-01T00:06:31.895671Z,25067.4,31.0
3946994d-739f-451f-b2d9-791952883851,short,none,SUCCEEDED,1,ACKED,2026-10-01T00:06:06.805588Z,2026-10-01T00:06:32.115966Z,2026-10-01T00:06:32.147302Z,25310.4,31.3
46b3c285-f793-4f04-89f8-c0cc90d81e71,medium,none,SUCCEEDED,1,ACKED,2026-10-01T00:06:06.808587Z,2026-10-01T00:06:32.382619Z,2026-10-01T00:06:32.645207Z,25574.0,262.6
e6543dde-e71a-4609-9dcb-c31f1173dd73,short,none,SUCCEEDED,1,ACKED,2026-10-01T00:06:06.801237Z,2026-10-01T00:06:32.006469Z,2026-10-01T00:06:32.052434Z,25205.2,46.0
8f713855-1b0d-4ba4-a35c-9e3e4e53110a,short,none,SUCCEEDED,1,ACKED,2026-10-01T00:06:06.797238Z,2026-10-01T00:06:31.864649Z,2026-10-01T00:06:31.911565Z,25067.4,46.9
90f6dd64-7bdc-464f-8aac-2d150920db0b,short,none,SUCCEEDED,1,ACKED,2026-10-01T00:06:06.801237Z,2026-10-01T00:06:32.021644Z,2026-10-01T00:06:32.052434Z,25220.4,30.8
9750b331-ce85-4ae1-9919-9560f3f8247b,short,none,SUCCEEDED,1,ACKED,2026-10-01T00:06:06.808587Z,2026-10-01T00:06:32.351778Z,2026-10-01T00:06:32.382041Z,25543.2,30.3
709d6f73-114b-449d-8b1e-ae5fc0573c2d,short,none,SUCCEEDED,1,ACKED,2026-10-01T00:06:06.813100Z,2026-10-01T00:06:32.645920Z,2026-10-01T00:06:32.676205Z,25832.8,30.3
6c1450da-2c15-469b-8112-f7ad5523f47e,short,none,SUCCEEDED,1,ACKED,2026-10-01T00:06:06.801237Z,2026-10-01T00:06:31.944062Z,2026-10-01T00:06:31.975217Z,25142.8,31.2
a708f4b6-8dcf-4fc7-9cf9-ca94c2bc634a,medium,none,SUCCEEDED,1,ACKED,2026-10-01T00:06:06.808587Z,2026-10-01T00:06:32.256347Z,2026-10-01T00:06:32.428342Z,25447.8,172.0
d7ed8835-51a7-41dd-a97d-d4e90fef4d3c,short,none,SUCCEEDED,1,ACKED,2026-10-01T00:06:06.813100Z,2026-10-01T00:06:32.445449Z,2026-10-01T00:06:32.474960Z,25632.3,29.5
c6ac91f1-43b0-40ee-8bcf-3d44e8031d9d,short,none,SUCCEEDED,1,ACKED,2026-10-01T00:06:06.805588Z,2026-10-01T00:06:32.052434Z,2026-10-01T00:06:32.115966Z,25246.8,63.5
e20c2449-2e41-4546-8605-0c1d26e62dcb,medium,transient,SUCCEEDED,1,NACKED,2026-10-01T00:06:06.801237Z,2026-10-01T00:06:31.945061Z,2026-10-01T00:06:32.147302Z,25143.8,202.2
e20c2449-2e41-4546-8605-0c1d26e62dcb,medium,transient,SUCCEEDED,2,NACKED,2026-10-01T00:06:33.018302Z,2026-10-01T00:06:47.575420Z,2026-10-01T00:06:47.775958Z,14557.1,200.5
e20c2449-2e41-4546-8605-0c1d26e62dcb,medium,transient,SUCCEEDED,3,ACKED,2026-10-01T00:06:49.508958Z,2026-10-01T00:06:49.540401Z,2026-10-01T00:06:49.741064Z,31.4,200.7
d443eeab-40cc-489e-9d77-c163f836672e,short,none,SUCCEEDED,1,ACKED,2026-10-01T00:06:06.805588Z,2026-10-01T00:06:32.178919Z,2026-10-01T00:06:32.224755Z,25373.3,45.8
63f2dde5-aa1a-4627-adf6-72e52321476b,medium,none,SUCCEEDED,1,ACKED,2026-10-01T00:06:06.813100Z,2026-10-01T00:06:32.491034Z,2026-10-01T00:06:32.660645Z,25677.9,169.6
a929109e-7460-4694-86ed-6c24dec90b9a,short,none,SUCCEEDED,1,ACKED,2026-10-01T00:06:06.816608Z,2026-10-01T00:06:32.737768Z,2026-10-01T00:06:32.801093Z,25921.2,63.3
e601228c-bae7-477b-8cee-712624abb5bd,short,none,SUCCEEDED,1,ACKED,2026-10-01T00:06:06.805588Z,2026-10-01T00:06:32.100667Z,2026-10-01T00:06:32.147302Z,25295.1,46.6
30d059d6-556e-45c4-a3fb-309eaff01ebb,medium,none,SUCCEEDED,1,ACKED,2026-10-01T00:06:06.813100Z,2026-10-01T00:06:32.475586Z,2026-10-01T00:06:32.614172Z,25662.5,138.6
e5eb9c81-dd08-4fa5-aba6-230349a63862,short,none,SUCCEEDED,1,ACKED,2026-10-01T00:06:06.816608Z,2026-10-01T00:06:32.660645Z,2026-10-01T00:06:32.706780Z,25844.0,46.1
fd0850fc-be8f-495b-9c40-c7e94a31b8c9,short,none,SUCCEEDED,1,ACKED,2026-10-01T00:06:06.808587Z,2026-10-01T00:06:32.351778Z,2026-10-01T00:06:32.397246Z,25543.2,45.5
9e37add1-045b-4f07-ae00-bfcc2526cf89,short,none,SUCCEEDED,1,ACKED,2026-10-01T00:06:06.805588Z,2026-10-01T00:06:32.148301Z,2026-10-01T00:06:32.178321Z,25342.7,30.0
ebff8c78-6267-4f44-8e02-66493f79a73b,short,none,SUCCEEDED,1,ACKED,2026-10-01T00:06:06.808587Z,2026-10-01T00:06:32.304292Z,2026-10-01T00:06:32.319392Z,25495.7,15.1
75fdb168-ca90-4d56-af61-a34443a95e77,medium,none,SUCCEEDED,1,ACKED,2026-10-01T00:06:06.816608Z,2026-10-01T00:06:32.723087Z,2026-10-01T00:06:32.878993Z,25906.5,155.9
6fb9b813-a11a-4d91-b7ce-696ac01ddeef,short,none,SUCCEEDED,1,ACKED,2026-10-01T00:06:06.819614Z,2026-10-01T00:06:32.879995Z,2026-10-01T00:06:32.926357Z,26060.4,46.4
dd963b6c-7120-4ce7-a528-949c3dda1dd1,medium,transient,SUCCEEDED,1,NACKED,2026-10-01T00:06:06.808587Z,2026-10-01T00:06:32.319896Z,2026-10-01T00:06:32.444449Z,25511.3,124.6
dd963b6c-7120-4ce7-a528-949c3dda1dd1,medium,transient,SUCCEEDED,2,ACKED,2026-10-01T00:06:33.115449Z,2026-10-01T00:06:47.575420Z,2026-10-01T00:06:47.713581Z,14460.0,138.2
0fad3d0d-9f08-46f2-a701-c0ceb81b9fe8,long,none,SUCCEEDED,1,ACKED,2026-10-01T00:06:06.816608Z,2026-10-01T00:06:32.753281Z,2026-10-01T00:06:34.426838Z,25936.7,1673.6
db07cb8f-fdbb-4b1b-bf64-87978c4b980a,medium,none,SUCCEEDED,1,ACKED,2026-10-01T00:06:06.819614Z,2026-10-01T00:06:32.911011Z,2026-10-01T00:06:33.128303Z,26091.4,217.3
a9ac42c8-0ab1-49c2-aca7-8d839c9f0d9d,medium,none,SUCCEEDED,1,ACKED,2026-10-01T00:06:06.813100Z,2026-10-01T00:06:32.614172Z,2026-10-01T00:06:32.737768Z,25801.1,123.6
355e5bc8-1326-4fbb-9bd6-d6dd7ad4f8e9,short,none,SUCCEEDED,1,ACKED,2026-10-01T00:06:06.808587Z,2026-10-01T00:06:32.319896Z,2026-10-01T00:06:32.351132Z,25511.3,31.2
44d2b5eb-1f78-40a4-9ff7-0dda99d3566a,long,none,SUCCEEDED,1,ACKED,2026-10-01T00:06:06.813100Z,2026-10-01T00:06:32.445449Z,2026-10-01T00:06:33.674910Z,25632.3,1229.5
8b2e076c-061a-4f60-ab9d-51b9bdd67838,long,none,SUCCEEDED,1,ACKED,2026-10-01T00:06:06.819614Z,2026-10-01T00:06:32.927352Z,2026-10-01T00:06:34.270831Z,26107.7,1343.5
b1233555-1d39-45f1-b75c-8ccf67aaae58,medium,none,SUCCEEDED,1,ACKED,2026-10-01T00:06:06.823129Z,2026-10-01T00:06:33.144083Z,2026-10-01T00:06:33.378147Z,26321.0,234.1
a91f7b4b-36bc-4ff2-9d11-a93f93ce5161,short,none,SUCCEEDED,1,ACKED,2026-10-01T00:06:06.813100Z,2026-10-01T00:06:32.429342Z,2026-10-01T00:06:32.459956Z,25616.2,30.6
f9f64e69-ef54-4edc-b67b-7a57ede7b8da,short,none,SUCCEEDED,1,ACKED,2026-10-01T00:06:06.819614Z,2026-10-01T00:06:32.816614Z,2026-10-01T00:06:32.863517Z,25997.0,46.9
1f9a5ed0-df89-4a11-a23d-3ad599d19181,short,none,SUCCEEDED,1,ACKED,2026-10-01T00:06:06.823129Z,2026-10-01T00:06:33.128303Z,2026-10-01T00:06:33.175595Z,26305.2,47.3
5255dd11-ede2-4168-9102-464d6955a59f,medium,none,SUCCEEDED,1,ACKED,2026-10-01T00:06:06.816608Z,2026-10-01T00:06:32.802089Z,2026-10-01T00:06:33.081629Z,25985.5,279.5
8d46c5f1-4532-4f70-a9c7-5a93183e0273,short,none,SUCCEEDED,1,ACKED,2026-10-01T00:06:06.813100Z,2026-10-01T00:06:32.460979Z,2026-10-01T00:06:32.490034Z,25647.9,29.1
d4413294-d589-4ea3-9c5f-e6f2175a03f2,short,none,SUCCEEDED,1,ACKED,2026-10-01T00:06:06.816608Z,2026-10-01T00:06:32.706780Z,2026-10-01T00:06:32.753281Z,25890.2,46.5
fa9e38e4-3715-4924-8764-f8df680bb4c7,long,none,SUCCEEDED,1,ACKED,2026-10-01T00:06:06.823129Z,2026-10-01T00:06:33.175595Z,2026-10-01T00:06:34.255332Z,26352.5,1079.7
ac35878c-d741-4cb3-8852-f3084c2172b1,medium,none,SUCCEEDED,1,ACKED,2026-10-01T00:06:06.827128Z,2026-10-01T00:06:33.206195Z,2026-10-01T00:06:33.378147Z,26379.1,172.0
6aa388cf-c498-43a1-907b-c16021646651,short,none,SUCCEEDED,1,ACKED,2026-10-01T00:06:06.816608Z,2026-10-01T00:06:32.677012Z,2026-10-01T00:06:32.722093Z,25860.4,45.1
5a7feea2-53da-49bb-a79c-6535bf083abc,short,transient,SUCCEEDED,1,NACKED,2026-10-01T00:06:06.823129Z,2026-10-01T00:06:33.144083Z,2026-10-01T00:06:33.175595Z,26321.0,31.5
5a7feea2-53da-49bb-a79c-6535bf083abc,short,transient,SUCCEEDED,2,ACKED,2026-10-01T00:06:33.931595Z,2026-10-01T00:06:47.652848Z,2026-10-01T00:06:47.682723Z,13721.3,29.9
2bb3ff32-21bf-4a71-87a0-380c7ae5fc90,short,none,SUCCEEDED,1,ACKED,2026-10-01T00:06:06.827128Z,2026-10-01T00:06:33.362610Z,2026-10-01T00:06:33.378147Z,26535.5,15.5
3cba672f-42f3-429b-bcbf-843fab4e8ca9,medium,none,SUCCEEDED,1,ACKED,2026-10-01T00:06:06.819614Z,2026-10-01T00:06:32.878993Z,2026-10-01T00:06:33.051458Z,26059.4,172.5
a3b90b9a-6ddf-47f9-bd57-a72034b66a6a,medium,none,SUCCEEDED,1,ACKED,2026-10-01T00:06:06.816608Z,2026-10-01T00:06:32.724187Z,2026-10-01T00:06:32.894977Z,25907.6,170.8
25567c40-fc01-426c-84aa-07ad900b4c4c,short,transient,SUCCEEDED,1,NACKED,2026-10-01T00:06:06.819614Z,2026-10-01T00:06:32.863517Z,2026-10-01T00:06:32.911011Z,26043.9,47.5
25567c40-fc01-426c-84aa-07ad900b4c4c,short,transient,SUCCEEDED,2,ACKED,2026-10-01T00:06:33.604011Z,2026-10-01T00:06:47.606390Z,2026-10-01T00:06:47.651845Z,14002.4,45.5
bf321208-a9fe-45c2-925d-cf5daa2f78a8,short,none,SUCCEEDED,1,ACKED,2026-10-01T00:06:06.827128Z,2026-10-01T00:06:33.378739Z,2026-10-01T00:06:33.409439Z,26551.6,30.7
a41a9756-9ea3-42f8-8301-2721ed43e2c1,short,none,SUCCEEDED,1,ACKED,2026-10-01T00:06:06.830127Z,2026-10-01T00:06:33.410431Z,2026-10-01T00:06:33.440613Z,26580.3,30.2
53eba372-aa31-4411-9b18-a3a1e93bca0e,short,none,SUCCEEDED,1,ACKED,2026-10-01T00:06:06.819614Z,2026-10-01T00:06:32.894977Z,2026-10-01T00:06:32.911011Z,26075.4,16.0
2366e39f-40b0-49de-88b7-7c10ec336ac0,short,none,SUCCEEDED,1,ACKED,2026-10-01T00:06:06.827128Z,2026-10-01T00:06:33.378739Z,2026-10-01T00:06:33.440613Z,26551.6,61.9
3dbeb110-9fbf-443f-a1cf-48c30e174488,short,none,SUCCEEDED,1,ACKED,2026-10-01T00:06:06.830127Z,2026-10-01T00:06:33.441606Z,2026-10-01T00:06:33.471762Z,26611.5,30.2
b5fe84a4-dd7e-472a-8da9-f6db6b039d1d,short,none,SUCCEEDED,1,ACKED,2026-10-01T00:06:06.823129Z,2026-10-01T00:06:33.175595Z,2026-10-01T00:06:33.206195Z,26352.5,30.6
04b6de91-82b0-45ef-849d-4bf15d780f20,medium,none,SUCCEEDED,1,ACKED,2026-10-01T00:06:06.819614Z,2026-10-01T00:06:32.911011Z,2026-10-01T00:06:33.144083Z,26091.4,233.1
c359ea9a-3751-4252-868c-56f92a82559c,short,none,SUCCEEDED,1,ACKED,2026-10-01T00:06:06.823129Z,2026-10-01T00:06:33.051458Z,2026-10-01T00:06:33.081629Z,26228.3,30.2
4732ca9c-9349-46e9-82f0-a113fd657ba5,short,none,SUCCEEDED,1,ACKED,2026-10-01T00:06:06.830127Z,2026-10-01T00:06:33.472756Z,2026-10-01T00:06:33.503291Z,26642.6,30.5
3f96126b-7418-429f-89d2-4d1758a4e707,medium,none,SUCCEEDED,1,ACKED,2026-10-01T00:06:06.833641Z,2026-10-01T00:06:33.660397Z,2026-10-01T00:06:33.956384Z,26826.8,296.0
e9f3ebd0-9361-4661-932e-85d417f55413,short,none,SUCCEEDED,1,ACKED,2026-10-01T00:06:06.823129Z,2026-10-01T00:06:33.082177Z,2026-10-01T00:06:33.144083Z,26259.0,61.9
a66f622f-1801-4297-a929-3739a1941003,short,transient,SUCCEEDED,1,NACKED,2026-10-01T00:06:06.830127Z,2026-10-01T00:06:33.379248Z,2026-10-01T00:06:33.409439Z,26549.1,30.2
a66f622f-1801-4297-a929-3739a1941003,short,transient,SUCCEEDED,2,ACKED,2026-10-01T00:06:34.041439Z,2026-10-01T00:06:47.713581Z,2026-10-01T00:06:47.744734Z,13672.1,31.2
421b963f-4907-4a98-b923-c3aa892b6410,short,none,SUCCEEDED,1,ACKED,2026-10-01T00:06:06.833641Z,2026-10-01T00:06:33.534466Z,2026-10-01T00:06:33.581264Z,26700.8,46.8
8c8e3e5c-cfc3-4dcd-9d2e-2eefe9f8d5cf,short,none,SUCCEEDED,1,ACKED,2026-10-01T00:06:06.827128Z,2026-10-01T00:06:33.221717Z,2026-10-01T00:06:33.253254Z,26394.6,31.5
126346d6-31af-414b-9c6f-29fb3275a48e,medium,none,SUCCEEDED,1,ACKED,2026-10-01T00:06:06.823129Z,2026-10-01T00:06:33.082177Z,2026-10-01T00:06:33.221717Z,26259.0,139.5
b0a35473-eb9d-4f44-aba2-f0f921752ad6,medium,none,SUCCEEDED,1,ACKED,2026-10-01T00:06:06.827128Z,2026-10-01T00:06:33.253254Z,2026-10-01T00:06:33.393791Z,26426.1,140.5
cd16182d-766d-42b3-8309-a434235b3a69,short,none,SUCCEEDED,1,ACKED,2026-10-01T00:06:06.833641Z,2026-10-01T00:06:33.581817Z,2026-10-01T00:06:33.612342Z,26748.2,30.5
0974ecbb-6847-4ddc-9caf-79d7d4a2816e,short,none,SUCCEEDED,1,ACKED,2026-10-01T00:06:06.837642Z,2026-10-01T00:06:33.924677Z,2026-10-01T00:06:33.956384Z,27087.0,31.7
77791453-a42b-4409-adc0-2e3947494a4d,medium,none,SUCCEEDED,1,ACKED,2026-10-01T00:06:06.827128Z,2026-10-01T00:06:33.206195Z,2026-10-01T00:06:33.362610Z,26379.1,156.4
77e98c83-6926-4d86-8ed9-6cab5bc81ba2,short,none,SUCCEEDED,1,ACKED,2026-10-01T00:06:06.833641Z,2026-10-01T00:06:33.612342Z,2026-10-01T00:06:33.659720Z,26778.7,47.4
8f911453-b62f-4a51-9896-f33581c1a38f,medium,none,SUCCEEDED,1,ACKED,2026-10-01T00:06:06.837642Z,2026-10-01T00:06:33.722398Z,2026-10-01T00:06:34.003505Z,26884.8,281.1
2660e29e-3f38-4f33-adcc-57332260c2bd,short,none,SUCCEEDED,1,ACKED,2026-10-01T00:06:06.830127Z,2026-10-01T00:06:33.456199Z,2026-10-01T00:06:33.503291Z,26626.1,47.1
3cdbd0b8-cfe3-416e-bf0e-14202a7cb13e,short,transient,SUCCEEDED,1,NACKED,2026-10-01T00:06:06.827128Z,2026-10-01T00:06:33.175595Z,2026-10-01T00:06:33.206195Z,26348.5,30.6
3cdbd0b8-cfe3-416e-bf0e-14202a7cb13e,short,transient,SUCCEEDED,2,ACKED,2026-10-01T00:06:34.026195Z,2026-10-01T00:06:47.683434Z,2026-10-01T00:06:47.713581Z,13657.2,30.1
1b58caab-1f89-4006-bdd2-5ff1774f9809,short,none,SUCCEEDED,1,ACKED,2026-10-01T00:06:06.830127Z,2026-10-01T00:06:33.440613Z,2026-10-01T00:06:33.487295Z,26610.5,46.7
98a36c55-8e95-4ed9-9167-808654610a4b,medium,none,SUCCEEDED,1,ACKED,2026-10-01T00:06:06.837642Z,2026-10-01T00:06:33.798540Z,2026-10-01T00:06:33.924677Z,26960.9,126.1
1f7e8504-900c-4b02-988d-2edb0caa5462,short,none,SUCCEEDED,1,ACKED,2026-10-01T00:06:06.841151Z,2026-10-01T00:06:34.003954Z,2026-10-01T00:06:34.034571Z,27162.8,30.6
37768554-1d36-4733-8bbc-87e6252e96b7,medium,none,SUCCEEDED,1,ACKED,2026-10-01T00:06:06.830127Z,2026-10-01T00:06:33.393791Z,2026-10-01T00:06:33.674910Z,26563.7,281.1
9db568ee-c9ce-4f81-96cb-00b6300a84ef,short,none,SUCCEEDED,1,ACKED,2026-10-01T00:06:06.837642Z,2026-10-01T00:06:33.768139Z,2026-10-01T00:06:33.798540Z,26930.5,30.4
9b506b36-ee0f-4d0d-a01b-0f413970ebe3,short,none,SUCCEEDED,1,ACKED,2026-10-01T00:06:06.841151Z,2026-10-01T00:06:34.066110Z,2026-10-01T00:06:34.128015Z,27225.0,61.9
0645f1a0-6d25-4b92-8c3e-fdb9b7bd61d3,short,none,SUCCEEDED,1,ACKED,2026-10-01T00:06:06.833641Z,2026-10-01T00:06:33.504293Z,2026-10-01T00:06:33.533823Z,26670.7,29.5
43c05562-41ce-45da-abb2-feb2308eb087,short,transient,SUCCEEDED,1,NACKED,2026-10-01T00:06:06.830127Z,2026-10-01T00:06:33.410431Z,2026-10-01T00:06:33.456199Z,26580.3,45.8
43c05562-41ce-45da-abb2-feb2308eb087,short,transient,SUCCEEDED,2,ACKED,2026-10-01T00:06:34.029199Z,2026-10-01T00:06:47.683434Z,2026-10-01T00:06:47.729168Z,13654.2,45.7
f63a4843-e41f-4904-9ecb-0d99aa9502a8,long,none,SUCCEEDED,1,ACKED,2026-10-01T00:06:06.833641Z,2026-10-01T00:06:33.488765Z,2026-10-01T00:06:34.863036Z,26655.1,1374.3
fe302732-74bd-4ed8-a267-e89f1ce0749c,medium,none,SUCCEEDED,1,ACKED,2026-10-01T00:06:06.841151Z,2026-10-01T00:06:34.050601Z,2026-10-01T00:06:34.286850Z,27209.5,236.2
89458018-56e4-46cd-8c33-cef75fbb5d70,short,none,SUCCEEDED,1,ACKED,2026-10-01T00:06:06.844186Z,2026-10-01T00:06:34.160600Z,2026-10-01T00:06:34.175102Z,27316.4,14.5
c25bb48d-67b7-4c30-bdef-240dd76b08b2,medium,none,SUCCEEDED,1,ACKED,2026-10-01T00:06:06.833641Z,2026-10-01T00:06:33.504293Z,2026-10-01T00:06:33.768139Z,26670.7,263.8
ae1b4572-072e-4dd9-ba94-bc749f64cb37,short,none,SUCCEEDED,1,ACKED,2026-10-01T00:06:06.841151Z,2026-10-01T00:06:34.034571Z,2026-10-01T00:06:34.065613Z,27193.4,31.0
f6b9a09d-2344-47a1-b139-7b884c49c8f3,short,none,SUCCEEDED,1,ACKED,2026-10-01T00:06:06.844186Z,2026-10-01T00:06:34.081629Z,2026-10-01T00:06:34.128015Z,27237.4,46.4
028daf30-ff2f-43cb-bd5f-0fce8a8e09f7,short,none,SUCCEEDED,1,ACKED,2026-10-01T00:06:06.837642Z,2026-10-01T00:06:33.956384Z,2026-10-01T00:06:34.003505Z,27118.7,47.1
24d160e6-c393-443e-b77f-3ab1e85d54bb,medium,none,SUCCEEDED,1,ACKED,2026-10-01T00:06:06.833641Z,2026-10-01T00:06:33.675290Z,2026-10-01T00:06:33.861861Z,26841.6,186.6
ae1d37e6-a325-4075-a7ec-fc40747e3502,short,none,SUCCEEDED,1,ACKED,2026-10-01T00:06:06.837642Z,2026-10-01T00:06:33.675793Z,2026-10-01T00:06:33.722398Z,26838.2,46.6
8bd4b0ba-1290-4581-bc6e-2a40001c70b6,medium,none,SUCCEEDED,1,ACKED,2026-10-01T00:06:06.844186Z,2026-10-01T00:06:34.240161Z,2026-10-01T00:06:34.442350Z,27396.0,202.2
58724192-888f-4ed9-918d-e9dc11ca8a89,short,none,SUCCEEDED,1,ACKED,2026-10-01T00:06:06.847980Z,2026-10-01T00:06:34.271831Z,2026-10-01T00:06:34.286850Z,27423.9,15.0
5a4840e8-de00-4a40-b9fa-122137fd526d,medium,none,SUCCEEDED,1,ACKED,2026-10-01T00:06:06.837642Z,2026-10-01T00:06:33.862862Z,2026-10-01T00:06:34.081629Z,27025.2,218.8
8f5cd5a4-d40b-455a-80ae-53f66c8aa55f,short,none,SUCCEEDED,1,ACKED,2026-10-01T00:06:06.844186Z,2026-10-01T00:06:34.113427Z,2026-10-01T00:06:34.159599Z,27269.2,46.2
62b4c806-f726-4904-a0ba-3e4ff1ba63e9,medium,none,SUCCEEDED,1,ACKED,2026-10-01T00:06:06.847980Z,2026-10-01T00:06:34.256325Z,2026-10-01T00:06:34.488809Z,27408.3,232.5
f7f756e4-307f-4a86-960d-6fd24dfcbe0d,short,transient,SUCCEEDED,1,NACKED,2026-10-01T00:06:06.841151Z,2026-10-01T00:06:34.066110Z,2026-10-01T00:06:34.112434Z,27225.0,46.3
f7f756e4-307f-4a86-960d-6fd24dfcbe0d,short,transient,SUCCEEDED,2,ACKED,2026-10-01T00:06:34.943434Z,2026-10-01T00:06:47.730220Z,2026-10-01T00:06:47.775958Z,12786.8,45.7
74169555-c0d3-48ad-bc8d-97ee73676241,short,none,SUCCEEDED,1,ACKED,2026-10-01T00:06:06.837642Z,2026-10-01T00:06:33.956384Z,2026-10-01T00:06:34.019468Z,27118.7,63.1
86ee6f1a-1a9c-4f19-9e8e-a7b3a1fe15d6,short,none,SUCCEEDED,1,ACKED,2026-10-01T00:06:06.841151Z,2026-10-01T00:06:34.020046Z,2026-10-01T00:06:34.049606Z,27178.9,29.6
01bf1b5f-f021-432c-b355-9ccd1d0119e0,medium,none,SUCCEEDED,1,ACKED,2026-10-01T00:06:06.847980Z,2026-10-01T00:06:34.334705Z,2026-10-01T00:06:34.519569Z,27486.7,184.9
32b08cd4-6de7-4fa6-842c-dc432e136472,short,none,SUCCEEDED,1,ACKED,2026-10-01T00:06:06.850976Z,2026-10-01T00:06:34.334705Z,2026-10-01T00:06:34.350243Z,27483.7,15.5
11f527e0-dfb8-4b06-9858-6eb61f010dcf,short,none,SUCCEEDED,1,ACKED,2026-10-01T00:06:06.841151Z,2026-10-01T00:06:34.034571Z,2026-10-01T00:06:34.065613Z,27193.4,31.0
1cbc810a-acef-4ccd-90d7-ded5fc50e605,short,none,SUCCEEDED,1,ACKED,2026-10-01T00:06:06.847980Z,2026-10-01T00:06:34.318566Z,2026-10-01T00:06:34.350243Z,27470.6,31.7
65abf724-4fb7-4fe3-a420-211a6fa94eb0,short,none,SUCCEEDED,1,ACKED,2026-10-01T00:06:06.850976Z,2026-10-01T00:06:34.334705Z,2026-10-01T00:06:34.381247Z,27483.7,46.5
6440ae4e-143a-4c9e-8a14-5ce947e8e595,short,none,SUCCEEDED,1,ACKED,2026-10-01T00:06:06.844186Z,2026-10-01T00:06:34.176105Z,2026-10-01T00:06:34.239159Z,27331.9,63.1
5341d485-f442-4e2b-bad7-ef0e57690a8d,short,none,SUCCEEDED,1,ACKED,2026-10-01T00:06:06.841151Z,2026-10-01T00:06:34.003954Z,2026-10-01T00:06:34.034571Z,27162.8,30.6
318c80c1-5437-48fc-86c8-8c3d4920cf40,short,none,SUCCEEDED,1,ACKED,2026-10-01T00:06:06.844186Z,2026-10-01T00:06:34.128393Z,2026-10-01T00:06:34.191127Z,27284.2,62.7
311979ba-f64f-40bd-bec6-5a3db28a9a58,short,none,SUCCEEDED,1,ACKED,2026-10-01T00:06:06.850976Z,2026-10-01T00:06:34.351247Z,2026-10-01T00:06:34.396319Z,27500.3,45.1
598d0395-4467-4705-aaec-1681154a2343,short,transient,SUCCEEDED,1,NACKED,2026-10-01T00:06:06.854489Z,2026-10-01T00:06:34.473272Z,2026-10-01T00:06:34.488809Z,27618.8,15.5
598d0395-4467-4705-aaec-1681154a2343,short,transient,SUCCEEDED,2,ACKED,2026-10-01T00:06:35.234809Z,2026-10-01T00:06:47.730220Z,2026-10-01T00:06:47.760246Z,12495.4,30.0
5b424e54-ce8e-4a09-b216-2bdb8d0c5519,short,none,SUCCEEDED,1,ACKED,2026-10-01T00:06:06.844186Z,2026-10-01T00:06:34.191769Z,2026-10-01T00:06:34.239159Z,27347.6,47.4
315307f2-990a-43e5-ab79-15e4b5ea4f5f,short,none,SUCCEEDED,1,ACKED,2026-10-01T00:06:06.850976Z,2026-10-01T00:06:34.426838Z,2026-10-01T00:06:34.473272Z,27575.9,46.4
a8ab21e8-c81d-4f02-ab3d-191ed072eeb7,short,none,SUCCEEDED,1,ACKED,2026-10-01T00:06:06.854489Z,2026-10-01T00:06:34.488809Z,2026-10-01T00:06:34.535450Z,27634.3,46.6
4a54c23d-f2bf-4a0e-b5b6-03a9d9518233,short,none,SUCCEEDED,1,ACKED,2026-10-01T00:06:06.847980Z,2026-10-01T00:06:34.287756Z,2026-10-01T00:06:34.333702Z,27439.8,45.9
fee3b621-6394-432f-b693-eb745f198586,medium,transient,SUCCEEDED,1,NACKED,2026-10-01T00:06:06.844186Z,2026-10-01T00:06:34.128393Z,2026-10-01T00:06:34.333702Z,27284.2,205.3
fee3b621-6394-432f-b693-eb745f198586,medium,transient,SUCCEEDED,2,NACKED,2026-10-01T00:06:34.970702Z,2026-10-01T00:06:47.730220Z,2026-10-01T00:06:47.947651Z,12759.5,217.4
fee3b621-6394-432f-b693-eb745f198586,medium,transient,SUCCEEDED,3,ACKED,2026-10-01T00:06:49.533651Z,2026-10-01T00:06:49.541401Z,2026-10-01T00:06:49.756575Z,7.8,215.2
8e86574a-697f-4337-b104-0485b304418c,short,transient,SUCCEEDED,1,NACKED,2026-10-01T00:06:06.847980Z,2026-10-01T00:06:34.303275Z,2026-10-01T00:06:34.317561Z,27455.3,14.3
8e86574a-697f-4337-b104-0485b304418c,short,transient,SUCCEEDED,2,ACKED,2026-10-01T00:06:34.938561Z,2026-10-01T00:06:47.713581Z,2026-10-01T00:06:47.729168Z,12775.0,15.6
24aabfe5-63de-4141-9d42-01b83b8aef31,short,none,SUCCEEDED,1,ACKED,2026-10-01T00:06:06.854489Z,2026-10-01T00:06:34.426838Z,2026-10-01T00:06:34.473272Z,27572.3,46.4
80d9c0eb-ba1b-4ed8-9150-54e6ed63ab96,medium,none,SUCCEEDED,1,ACKED,2026-10-01T00:06:06.858489Z,2026-10-01T00:06:34.488809Z,2026-10-01T00:06:34.692227Z,27630.3,203.4
2a08307b-227c-4e66-999d-72c86cc61ce8,short,none,SUCCEEDED,1,ACKED,2026-10-01T00:06:06.847980Z,2026-10-01T00:06:34.288259Z,2026-10-01T00:06:34.333702Z,27440.3,45.4
f9df9dff-e704-4a59-b2db-8931def6c52f,short,none,SUCCEEDED,1,ACKED,2026-10-01T00:06:06.854489Z,2026-10-01T00:06:34.442350Z,2026-10-01T00:06:34.488809Z,27587.9,46.5
87c99bb3-da8d-4a2a-bb33-7b6ce59895cc,medium,none,SUCCEEDED,1,ACKED,2026-10-01T00:06:06.858489Z,2026-10-01T00:06:34.551120Z,2026-10-01T00:06:34.753416Z,27692.6,202.3
f1b0ddf4-2c42-4c12-ad92-1c22e5e51157,short,none,SUCCEEDED,1,ACKED,2026-10-01T00:06:06.850976Z,2026-10-01T00:06:34.381814Z,2026-10-01T00:06:34.426838Z,27530.8,45.0
454c519d-08cc-4d57-b7bf-bc2f3a2f229e,short,none,SUCCEEDED,1,ACKED,2026-10-01T00:06:06.847980Z,2026-10-01T00:06:34.240161Z,2026-10-01T00:06:34.302275Z,27392.2,62.1
dcce5295-8718-435a-8e84-9f147137eb65,short,none,SUCCEEDED,1,ACKED,2026-10-01T00:06:06.850976Z,2026-10-01T00:06:34.396319Z,2026-10-01T00:06:34.442350Z,27545.3,46.0
0b5abc82-06b9-4fa1-8cc4-cc56b923dce9,short,none,SUCCEEDED,1,ACKED,2026-10-01T00:06:06.858489Z,2026-10-01T00:06:34.536057Z,2026-10-01T00:06:34.583150Z,27677.6,47.1
f8de205a-f5e6-4453-a5a0-67bd28fa4b18,short,none,SUCCEEDED,1,ACKED,2026-10-01T00:06:06.862486Z,2026-10-01T00:06:34.692227Z,2026-10-01T00:06:34.707392Z,27829.7,15.2
516c6fd9-a45d-493d-bdf2-95cd2b5a56b9,short,none,SUCCEEDED,1,ACKED,2026-10-01T00:06:06.850976Z,2026-10-01T00:06:34.351247Z,2026-10-01T00:06:34.381247Z,27500.3,30.0
20007412-8dd8-4ccd-b186-f73dc85a31a3,short,none,SUCCEEDED,1,ACKED,2026-10-01T00:06:06.858489Z,2026-10-01T00:06:34.519569Z,2026-10-01T00:06:34.551120Z,27661.1,31.6
3cfed3f5-3433-49b9-9dea-b70309dfdb51,short,none,SUCCEEDED,1,ACKED,2026-10-01T00:06:06.862486Z,2026-10-01T00:06:34.753416Z,2026-10-01T00:06:34.801067Z,27890.9,47.7
2be01de0-060f-4445-8f70-16189a7bb243,short,none,SUCCEEDED,1,ACKED,2026-10-01T00:06:06.854489Z,2026-10-01T00:06:34.489803Z,2026-10-01T00:06:34.535450Z,27635.3,45.6
d494454e-0a2c-4a46-b7c2-506530118061,long,none,SUCCEEDED,1,ACKED,2026-10-01T00:06:06.850976Z,2026-10-01T00:06:34.381814Z,2026-10-01T00:06:35.782754Z,27530.8,1400.9
483e84af-1435-430b-847c-9aa4a7ff222a,short,none,SUCCEEDED,1,ACKED,2026-10-01T00:06:06.854489Z,2026-10-01T00:06:34.443352Z,2026-10-01T00:06:34.457775Z,27588.9,14.4
ce292d30-2d0d-47ed-83fa-74181eea1a46,short,none,SUCCEEDED,1,ACKED,2026-10-01T00:06:06.862486Z,2026-10-01T00:06:34.722421Z,2026-10-01T00:06:34.785467Z,27859.9,63.0
c9fcebea-ac82-4ac0-9b63-8812735d646a,short,none,SUCCEEDED,1,ACKED,2026-10-01T00:06:06.866001Z,2026-10-01T00:06:34.816193Z,2026-10-01T00:06:34.832221Z,27950.2,16.0
988ed252-51e1-469c-9bf8-8e268e9c4d02,short,none,SUCCEEDED,1,ACKED,2026-10-01T00:06:06.854489Z,2026-10-01T00:06:34.457775Z,2026-10-01T00:06:34.488809Z,27603.3,31.0
d1ec1f2f-c272-4135-94d2-725df44f50a2,long,none,SUCCEEDED,1,ACKED,2026-10-01T00:06:06.862486Z,2026-10-01T00:06:34.677697Z,2026-10-01T00:06:36.299258Z,27815.2,1621.6
0345345a-2151-43a1-aa35-a60509acbb80,medium,none,SUCCEEDED,1,ACKED,2026-10-01T00:06:06.866001Z,2026-10-01T00:06:34.786040Z,2026-10-01T00:06:34.988183Z,27920.0,202.1
31ab4031-a901-4513-96b2-4a52ac8334a3,medium,none,SUCCEEDED,1,ACKED,2026-10-01T00:06:06.858489Z,2026-10-01T00:06:34.489803Z,2026-10-01T00:06:34.707392Z,27631.3,217.6
e43a00ae-4101-4e93-8fdd-b7ad1229ad17,short,none,SUCCEEDED,1,ACKED,2026-10-01T00:06:06.854489Z,2026-10-01T00:06:34.473272Z,2026-10-01T00:06:34.488809Z,27618.8,15.5
7acf2066-d8b6-4caf-b63b-1fd51a31155a,medium,none,SUCCEEDED,1,ACKED,2026-10-01T00:06:06.858489Z,2026-10-01T00:06:34.536057Z,2026-10-01T00:06:34.722421Z,27677.6,186.4
bae88d02-5d3b-46d5-bd05-8d27cf86413b,long,none,SUCCEEDED,1,ACKED,2026-10-01T00:06:06.866001Z,2026-10-01T00:06:34.754419Z,2026-10-01T00:06:36.486142Z,27888.4,1731.7
a0a2f902-31ab-4853-a136-f7073eeb8725,short,none,SUCCEEDED,1,ACKED,2026-10-01T00:06:06.870Z,2026-10-01T00:06:34.927651Z,2026-10-01T00:06:34.973171Z,28057.7,45.5
6b25f520-cc24-49f3-9d2d-069eac9ed946,short,none,SUCCEEDED,1,ACKED,2026-10-01T00:06:06.858489Z,2026-10-01T00:06:34.488809Z,2026-10-01T00:06:34.535450Z,27630.3,46.6
59558adf-b272-4fd5-a879-e872e2c69d72,medium,none,SUCCEEDED,1,ACKED,2026-10-01T00:06:06.866001Z,2026-10-01T00:06:34.832221Z,2026-10-01T00:06:35.080347Z,27966.2,248.1
eaeccfb7-b6ed-46d1-86c5-d92e8f58209f,medium,none,SUCCEEDED,1,ACKED,2026-10-01T00:06:06.870Z,2026-10-01T00:06:34.973171Z,2026-10-01T00:06:35.187899Z,28103.2,214.7
362d2eac-344c-4da6-b914-31c4a49ab494,short,none,SUCCEEDED,1,ACKED,2026-10-01T00:06:06.862486Z,2026-10-01T00:06:34.583825Z,2026-10-01T00:06:34.644570Z,27721.3,60.7
88a38143-1412-4530-8cfd-57f9058d79e1,long,none,SUCCEEDED,1,ACKED,2026-10-01T00:06:06.858489Z,2026-10-01T00:06:34.536057Z,2026-10-01T00:06:35.969849Z,27677.6,1433.8
9147add1-4013-4b91-8f4b-0158de806695,short,none,SUCCEEDED,1,ACKED,2026-10-01T00:06:06.862486Z,2026-10-01T00:06:34.708401Z,2026-10-01T00:06:34.769933Z,27845.9,61.5
f327be30-6b5f-46ad-84f7-daf207021e3e,short,none,SUCCEEDED,1,ACKED,2026-10-01T00:06:06.870Z,2026-10-01T00:06:34.911141Z,2026-10-01T00:06:34.958002Z,28041.1,46.9
30f7a1d4-7f2c-4494-add3-5d0cc7f25e2c,short,none,SUCCEEDED,1,ACKED,2026-10-01T00:06:06.872999Z,2026-10-01T00:06:35.172278Z,2026-10-01T00:06:35.203485Z,28299.3,31.2
903d99c4-a392-4085-a336-a563eb4f28b6,short,transient,SUCCEEDED,1,NACKED,2026-10-01T00:06:06.862486Z,2026-10-01T00:06:34.708401Z,2026-10-01T00:06:34.753416Z,27845.9,45.0
903d99c4-a392-4085-a336-a563eb4f28b6,short,transient,SUCCEEDED,2,ACKED,2026-10-01T00:06:35.366416Z,2026-10-01T00:06:47.745736Z,2026-10-01T00:06:47.791674Z,12379.3,45.9
73189e06-aab3-4edd-8869-0d5f1e69cd7c,short,none,SUCCEEDED,1,ACKED,2026-10-01T00:06:06.870Z,2026-10-01T00:06:34.958663Z,2026-10-01T00:06:35.018234Z,28088.7,59.6
de920b57-76d3-4e66-b6d4-71f3956e0a71,medium,transient,SUCCEEDED,1,NACKED,2026-10-01T00:06:06.872999Z,2026-10-01T00:06:35.081244Z,2026-10-01T00:06:35.376175Z,28208.2,294.9
de920b57-76d3-4e66-b6d4-71f3956e0a71,medium,transient,SUCCEEDED,2,ACKED,2026-10-01T00:06:36.188175Z,2026-10-01T00:06:47.776958Z,2026-10-01T00:06:48.073116Z,11588.8,296.2
07f1036f-b267-4edf-8e9b-9bd12d1cf54e,short,none,SUCCEEDED,1,ACKED,2026-10-01T00:06:06.866001Z,2026-10-01T00:06:34.769933Z,2026-10-01T00:06:34.816193Z,27903.9,46.3
800369dd-c890-478e-b3ee-9867345b98d5,short,none,SUCCEEDED,1,ACKED,2026-10-01T00:06:06.862486Z,2026-10-01T00:06:34.644570Z,2026-10-01T00:06:34.677194Z,27782.1,32.6
f3fd0e72-7ad9-40b2-b0f5-cc3a2a085802,short,none,SUCCEEDED,1,ACKED,2026-10-01T00:06:06.866001Z,2026-10-01T00:06:34.832221Z,2026-10-01T00:06:34.863036Z,27966.2,30.8
74bcc932-8d20-4109-a541-eb2c31e8c0cf,short,none,SUCCEEDED,1,ACKED,2026-10-01T00:06:06.872999Z,2026-10-01T00:06:35.112793Z,2026-10-01T00:06:35.156816Z,28239.8,44.0
df74d954-b2c0-4208-a1c9-04f832f774a3,medium,none,SUCCEEDED,1,ACKED,2026-10-01T00:06:06.877514Z,2026-10-01T00:06:35.344334Z,2026-10-01T00:06:35.485641Z,28466.8,141.3
461d3d53-a827-4e7c-8d95-d7e8c2e609f5,short,none,SUCCEEDED,1,ACKED,2026-10-01T00:06:06.866001Z,2026-10-01T00:06:34.863036Z,2026-10-01T00:06:34.911141Z,27997.0,48.1
c630af40-a135-4393-ab43-f1b1ea61c4c5,medium,none,SUCCEEDED,1,ACKED,2026-10-01T00:06:06.872999Z,2026-10-01T00:06:35.050801Z,2026-10-01T00:06:35.172278Z,28177.8,121.5
4074e54d-9594-4294-b60e-b6113d14a507,short,none,SUCCEEDED,1,ACKED,2026-10-01T00:06:06.877514Z,2026-10-01T00:06:35.250935Z,2026-10-01T00:06:35.297205Z,28373.4,46.3
297f2426-186b-4c89-9712-88c9111aee0f,short,none,SUCCEEDED,1,ACKED,2026-10-01T00:06:06.870Z,2026-10-01T00:06:34.988686Z,2026-10-01T00:06:35.003218Z,28118.7,14.5
93095ff9-8cfc-42ef-824a-bb2d97be1b80,short,none,SUCCEEDED,1,ACKED,2026-10-01T00:06:06.866001Z,2026-10-01T00:06:34.801067Z,2026-10-01T00:06:34.832221Z,27935.1,31.2
2a86f779-a305-4255-b8cc-918be70f9183,short,none,SUCCEEDED,1,ACKED,2026-10-01T00:06:06.870Z,2026-10-01T00:06:34.895109Z,2026-10-01T00:06:34.926651Z,28025.1,31.5
e53b58ac-0d32-45bb-a7bd-f699bb511e5b,short,none,SUCCEEDED,1,ACKED,2026-10-01T00:06:06.877514Z,2026-10-01T00:06:35.251935Z,2026-10-01T00:06:35.281920Z,28374.4,30.0
a7a255f3-9520-4882-b4fe-0aa61a2a06ca,medium,none,SUCCEEDED,1,ACKED,2026-10-01T00:06:06.881028Z,2026-10-01T00:06:35.577567Z,2026-10-01T00:06:35.735519Z,28696.5,158.0
be5a16e6-5a15-416e-b110-41300f9b02cf,short,none,SUCCEEDED,1,ACKED,2026-10-01T00:06:06.870Z,2026-10-01T00:06:34.864038Z,2026-10-01T00:06:34.895109Z,27994.0,31.1
bc97a653-6337-469b-ba0a-a3ff5661ec43,long,none,SUCCEEDED,1,ACKED,2026-10-01T00:06:06.877514Z,2026-10-01T00:06:35.328767Z,2026-10-01T00:06:36.749294Z,28451.3,1420.5
f4e4d1ea-8ce7-441c-a132-c66f572782b8,short,none,SUCCEEDED,1,ACKED,2026-10-01T00:06:06.881028Z,2026-10-01T00:06:35.485641Z,2026-10-01T00:06:35.516272Z,28604.6,30.6
fafb7777-45e5-46ea-b01f-277bca4c74d4,short,none,SUCCEEDED,1,ACKED,2026-10-01T00:06:06.872999Z,2026-10-01T00:06:35.018234Z,2026-10-01T00:06:35.065334Z,28145.2,47.1
eb01f6f5-d6d0-431b-a9c5-45a336efbac6,short,none,SUCCEEDED,1,ACKED,2026-10-01T00:06:06.870Z,2026-10-01T00:06:35.004217Z,2026-10-01T00:06:35.049822Z,28134.2,45.6
efe0c8f4-2d74-4a30-b67e-d789d3ada005,medium,none,SUCCEEDED,1,ACKED,2026-10-01T00:06:06.872999Z,2026-10-01T00:06:35.156816Z,2026-10-01T00:06:35.266397Z,28283.8,109.6
2d2ba16c-5912-4e24-aa46-1206f37e2862,short,none,SUCCEEDED,1,ACKED,2026-10-01T00:06:06.881028Z,2026-10-01T00:06:35.657152Z,2026-10-01T00:06:35.703009Z,28776.1,45.9
7b687951-575d-46bc-b1ea-0dd3f22e57a5,medium,none,SUCCEEDED,1,ACKED,2026-10-01T00:06:06.885028Z,2026-10-01T00:06:35.800740Z,2026-10-01T00:06:35.939717Z,28915.7,139.0
23d532aa-3ace-4f0b-b4c7-838c88657a6f,short,none,SUCCEEDED,1,ACKED,2026-10-01T00:06:06.872999Z,2026-10-01T00:06:35.065334Z,2026-10-01T00:06:35.111798Z,28192.3,46.5
68021567-4e5e-48e5-ae59-c4b86254d367,medium,none,SUCCEEDED,1,ACKED,2026-10-01T00:06:06.881028Z,2026-10-01T00:06:35.376175Z,2026-10-01T00:06:35.656152Z,28495.1,280.0
bebe649e-a529-4ceb-bba2-15d189c4fcd4,medium,none,SUCCEEDED,1,ACKED,2026-10-01T00:06:06.885028Z,2026-10-01T00:06:36.001966Z,2026-10-01T00:06:36.220199Z,29116.9,218.2
aaa205c8-0143-4b30-bed2-47e764f78236,short,none,SUCCEEDED,1,ACKED,2026-10-01T00:06:06.877514Z,2026-10-01T00:06:35.297205Z,2026-10-01T00:06:35.344334Z,28419.7,47.1
1cf681ba-b372-4ebb-b775-9ca522858b40,short,none,SUCCEEDED,1,ACKED,2026-10-01T00:06:06.872999Z,2026-10-01T00:06:35.188437Z,2026-10-01T00:06:35.250935Z,28315.4,62.5
c4257091-f150-452f-9400-cfca1d631245,short,none,SUCCEEDED,1,ACKED,2026-10-01T00:06:06.877514Z,2026-10-01T00:06:35.266397Z,2026-10-01T00:06:35.328767Z,28388.9,62.4
16799d29-1b0c-47b0-ba48-d9edb8f338ed,short,none,SUCCEEDED,1,ACKED,2026-10-01T00:06:06.885028Z,2026-10-01T00:06:35.954874Z,2026-10-01T00:06:36.001463Z,29069.8,46.6
36dd9188-5a9a-48a2-b6d6-07dfcbb8d65d,short,none,SUCCEEDED,1,ACKED,2026-10-01T00:06:06.888502Z,2026-10-01T00:06:36.205696Z,2026-10-01T00:06:36.251457Z,29317.2,45.8
4524bfe3-9b14-4a36-b00c-1173b47306ab,short,none,SUCCEEDED,1,ACKED,2026-10-01T00:06:06.877514Z,2026-10-01T00:06:35.203485Z,2026-10-01T00:06:35.250935Z,28326.0,47.5
9ec2aa7f-7158-4a1b-bf4d-843a9b3f8ae8,short,none,SUCCEEDED,1,ACKED,2026-10-01T00:06:06.885028Z,2026-10-01T00:06:35.986451Z,2026-10-01T00:06:36.032697Z,29101.4,46.2
0291326d-ce31-42da-859c-691a8fa200a6,medium,none,SUCCEEDED,1,ACKED,2026-10-01T00:06:06.888502Z,2026-10-01T00:06:36.486142Z,2026-10-01T00:06:36.640827Z,29597.6,154.7
a98903f9-a3f4-4bbf-88d9-1f2d2fc77f75,long,none,SUCCEEDED,1,ACKED,2026-10-01T00:06:06.881028Z,2026-10-01T00:06:35.406826Z,2026-10-01T00:06:36.859159Z,28525.8,1452.3
f73132ae-376f-45a7-9b21-47747e44a19f,medium,none,SUCCEEDED,1,ACKED,2026-10-01T00:06:06.877514Z,2026-10-01T00:06:35.281920Z,2026-10-01T00:06:35.406826Z,28404.4,124.9
12470ea0-3745-404e-82f7-64d88e19786b,short,transient,SUCCEEDED,1,NACKED,2026-10-01T00:06:06.881028Z,2026-10-01T00:06:35.548418Z,2026-10-01T00:06:35.577567Z,28667.4,29.1
12470ea0-3745-404e-82f7-64d88e19786b,short,transient,SUCCEEDED,2,ACKED,2026-10-01T00:06:36.146567Z,2026-10-01T00:06:47.761442Z,2026-10-01T00:06:47.775958Z,11614.9,14.5
344c22ff-64e5-4467-891c-f06e0d448d7a,long,none,SUCCEEDED,1,ACKED,2026-10-01T00:06:06.888502Z,2026-10-01T00:06:36.393420Z,2026-10-01T00:06:37.828432Z,29504.9,1435.0
50a0eaf2-9c7a-496d-8793-a12c1138e591,short,none,SUCCEEDED,1,ACKED,2026-10-01T00:06:06.892504Z,2026-10-01T00:06:36.656326Z,2026-10-01T00:06:36.703982Z,29763.8,47.7
a9f41c27-fe74-43ba-af11-1a7cfc43c364,short,none,SUCCEEDED,1,ACKED,2026-10-01T00:06:06.881028Z,2026-10-01T00:06:35.517190Z,2026-10-01T00:06:35.548418Z,28636.2,31.2
e619c475-d85e-463f-aae6-7cd2b799c8ef,medium,none,SUCCEEDED,1,ACKED,2026-10-01T00:06:06.888502Z,2026-10-01T00:06:36.252120Z,2026-10-01T00:06:36.486142Z,29363.6,234.0
cfa6dceb-1989-49a4-9858-09d895a494ea,short,none,SUCCEEDED,1,ACKED,2026-10-01T00:06:06.892504Z,2026-10-01T00:06:36.640827Z,2026-10-01T00:06:36.656326Z,29748.3,15.5
c6add53a-10ae-4fb2-80f1-67802d553f38,short,none,SUCCEEDED,1,ACKED,2026-10-01T00:06:06.885028Z,2026-10-01T00:06:35.910410Z,2026-10-01T00:06:35.924435Z,29025.4,14.0
6998893a-0d24-48e4-aa9c-ac119e1bc7a7,medium,none,SUCCEEDED,1,ACKED,2026-10-01T00:06:06.881028Z,2026-10-01T00:06:35.703009Z,2026-10-01T00:06:35.954874Z,28822.0,251.9
02ea4a29-fbcb-4c7d-b013-f007f0d71a0e,long,none,SUCCEEDED,1,ACKED,2026-10-01T00:06:06.885028Z,2026-10-01T00:06:35.925443Z,2026-10-01T00:06:37.625404Z,29040.4,1700.0
9c46153c-a6cd-4fc9-a079-8f919d4b6650,medium,none,SUCCEEDED,1,ACKED,2026-10-01T00:06:06.892504Z,2026-10-01T00:06:36.547734Z,2026-10-01T00:06:36.749294Z,29655.2,201.6
4d2ad79f-d98d-447d-a355-01e558e9de87,short,none,SUCCEEDED,1,ACKED,2026-10-01T00:06:06.896006Z,2026-10-01T00:06:36.811587Z,2026-10-01T00:06:36.874167Z,29915.6,62.6
266741d7-7a7f-4473-8366-b0fc925b3f7d,short,none,SUCCEEDED,1,ACKED,2026-10-01T00:06:06.885028Z,2026-10-01T00:06:35.940221Z,2026-10-01T00:06:35.985860Z,29055.2,45.6
e753dd83-642a-4e2b-a382-ea3cc3a726c4,medium,none,SUCCEEDED,1,ACKED,2026-10-01T00:06:06.892504Z,2026-10-01T00:06:36.749294Z,2026-10-01T00:06:36.952306Z,29856.8,203.0
0e142310-874d-44ec-b7a5-445b3adace6a,short,transient,SUCCEEDED,1,NACKED,2026-10-01T00:06:06.896006Z,2026-10-01T00:06:36.905703Z,2026-10-01T00:06:36.952306Z,30009.7,46.6
0e142310-874d-44ec-b7a5-445b3adace6a,short,transient,SUCCEEDED,2,ACKED,2026-10-01T00:06:37.872306Z,2026-10-01T00:06:47.792678Z,2026-10-01T00:06:47.837954Z,9920.4,45.3
650282c5-fd74-4006-93a7-265b5f1ffaa7,medium,none,SUCCEEDED,1,ACKED,2026-10-01T00:06:06.888502Z,2026-10-01T00:06:36.220199Z,2026-10-01T00:06:36.392864Z,29331.7,172.7
5260cf4d-846e-4e84-9bd8-e47e1a901b22,medium,none,SUCCEEDED,1,ACKED,2026-10-01T00:06:06.885028Z,2026-10-01T00:06:35.969849Z,2026-10-01T00:06:36.174327Z,29084.8,204.5
4af53925-3dfe-41af-afee-eefef383dc8a,medium,none,SUCCEEDED,1,ACKED,2026-10-01T00:06:06.888502Z,2026-10-01T00:06:36.033536Z,2026-10-01T00:06:36.204703Z,29145.0,171.2
0434865a-4d59-4336-8d27-db548f09c583,short,none,SUCCEEDED,1,ACKED,2026-10-01T00:06:06.896006Z,2026-10-01T00:06:36.875168Z,2026-10-01T00:06:36.936981Z,29979.2,61.8
36eff689-4db3-432f-be56-1e5bbfb4e065,long,none,SUCCEEDED,1,ACKED,2026-10-01T00:06:06.900011Z,2026-10-01T00:06:36.968101Z,2026-10-01T00:06:38.168361Z,30068.1,1200.3
2458fd08-75e1-4e53-8785-4f74447b0e32,medium,none,SUCCEEDED,1,ACKED,2026-10-01T00:06:06.888502Z,2026-10-01T00:06:36.299258Z,2026-10-01T00:06:36.501656Z,29410.8,202.4
2097c761-62b1-47a0-8a8f-26bc33785ae5,short,none,SUCCEEDED,1,ACKED,2026-10-01T00:06:06.896006Z,2026-10-01T00:06:36.936981Z,2026-10-01T00:06:36.983822Z,30041.0,46.8
e97ae270-454b-4a62-88e0-f4e9aa740d96,medium,none,SUCCEEDED,1,ACKED,2026-10-01T00:06:06.900011Z,2026-10-01T00:06:36.999391Z,2026-10-01T00:06:37.154314Z,30099.4,154.9
1f5c31d3-deb1-442c-8265-a5ab9cd8131e,short,none,SUCCEEDED,1,ACKED,2026-10-01T00:06:06.892504Z,2026-10-01T00:06:36.517840Z,2026-10-01T00:06:36.547734Z,29625.3,29.9
384d9243-0869-4415-94a9-09c4aba6f22f,long,none,SUCCEEDED,1,ACKED,2026-10-01T00:06:06.888502Z,2026-10-01T00:06:36.174327Z,2026-10-01T00:06:38.012869Z,29285.8,1838.5
eb89306c-d739-4a16-ba24-e6bfd2cf977e,medium,none,SUCCEEDED,1,ACKED,2026-10-01T00:06:06.892504Z,2026-10-01T00:06:36.704983Z,2026-10-01T00:06:36.905703Z,29812.5,200.7
cf35171c-280a-4400-837d-7f6cbe57f0d3,short,none,SUCCEEDED,1,ACKED,2026-10-01T00:06:06.900011Z,2026-10-01T00:06:37.046161Z,2026-10-01T00:06:37.092493Z,30146.2,46.3
716e199b-dcfb-4260-b1ee-75c5112cde5b,short,none,SUCCEEDED,1,ACKED,2026-10-01T00:06:06.904012Z,2026-10-01T00:06:37.216300Z,2026-10-01T00:06:37.279934Z,30312.3,63.6
97c505d1-9a3d-4838-809e-d02e26f000ba,short,none,SUCCEEDED,1,ACKED,2026-10-01T00:06:06.892504Z,2026-10-01T00:06:36.486142Z,2026-10-01T00:06:36.516847Z,29593.6,30.7
d91dd0c6-1d8d-4f09-b77b-89841615e4e1,medium,none,SUCCEEDED,1,ACKED,2026-10-01T00:06:06.900011Z,2026-10-01T00:06:36.999391Z,2026-10-01T00:06:37.200778Z,30099.4,201.4
b29ffb12-1e92-4976-af37-40c71f59da90,medium,none,SUCCEEDED,1,ACKED,2026-10-01T00:06:06.904012Z,2026-10-01T00:06:37.200778Z,2026-10-01T00:06:37.326994Z,30296.8,126.2
f28bcd2c-374e-4076-9c0b-b75e97f7c3fd,short,none,SUCCEEDED,1,ACKED,2026-10-01T00:06:06.896006Z,2026-10-01T00:06:36.952306Z,2026-10-01T00:06:36.999391Z,30056.3,47.1
9d9e4d72-5a06-4add-8fac-9fa05943ed61,medium,none,SUCCEEDED,1,ACKED,2026-10-01T00:06:06.892504Z,2026-10-01T00:06:36.502159Z,2026-10-01T00:06:36.811587Z,29609.7,309.4
e597083c-e692-4c88-83dd-8954fc0b20fe,medium,none,SUCCEEDED,1,ACKED,2026-10-01T00:06:06.896006Z,2026-10-01T00:06:36.749294Z,2026-10-01T00:06:37.031350Z,29853.3,282.1
b4f4c404-1a2d-411e-b121-a6473520d2a0,medium,transient,SUCCEEDED,1,NACKED,2026-10-01T00:06:06.904012Z,2026-10-01T00:06:37.139346Z,2026-10-01T00:06:37.248358Z,30235.3,109.0
b4f4c404-1a2d-411e-b121-a6473520d2a0,medium,transient,SUCCEEDED,2,ACKED,2026-10-01T00:06:37.886358Z,2026-10-01T00:06:47.792678Z,2026-10-01T00:06:47.900652Z,9906.3,108.0
a8a71aa0-b802-4812-a0f0-bbbed99fc08e,medium,none,SUCCEEDED,1,ACKED,2026-10-01T00:06:06.909160Z,2026-10-01T00:06:37.342684Z,2026-10-01T00:06:37.608860Z,30433.5,266.2
58aeed23-3da2-49c8-8fd1-73114397f5db,short,none,SUCCEEDED,1,ACKED,2026-10-01T00:06:06.896006Z,2026-10-01T00:06:36.905703Z,2026-10-01T00:06:36.968101Z,30009.7,62.4
0e4c6b35-8e55-48e6-b611-503810793bc3,short,none,SUCCEEDED,1,ACKED,2026-10-01T00:06:06.904012Z,2026-10-01T00:06:37.200778Z,2026-10-01T00:06:37.232350Z,30296.8,31.6
a8330c75-4e05-4723-85b2-08f034978927,medium,none,SUCCEEDED,1,ACKED,2026-10-01T00:06:06.907162Z,2026-10-01T00:06:37.232350Z,2026-10-01T00:06:37.531696Z,30325.2,299.3
d4271bcf-3513-4425-b7fa-986c2ae998aa,short,none,SUCCEEDED,1,ACKED,2026-10-01T00:06:06.900011Z,2026-10-01T00:06:36.952306Z,2026-10-01T00:06:36.999391Z,30052.3,47.1
b5470258-d478-4774-8abb-97024b619906,short,none,SUCCEEDED,1,ACKED,2026-10-01T00:06:06.896006Z,2026-10-01T00:06:36.860664Z,2026-10-01T00:06:36.905703Z,29964.7,45.0
000d996c-35bd-4777-acf1-3f6815e3216e,short,none,SUCCEEDED,1,ACKED,2026-10-01T00:06:06.900011Z,2026-10-01T00:06:36.984484Z,2026-10-01T00:06:37.031350Z,30084.5,46.9
693eab50-6554-4277-84ac-6cc9608fe203,short,none,SUCCEEDED,1,ACKED,2026-10-01T00:06:06.907162Z,2026-10-01T00:06:37.280483Z,2026-10-01T00:06:37.326994Z,30373.3,46.5
a0786701-60fa-4b84-b003-26cefdcc998c,short,none,SUCCEEDED,1,ACKED,2026-10-01T00:06:06.911160Z,2026-10-01T00:06:37.532200Z,2026-10-01T00:06:37.562888Z,30621.0,30.7
10862fce-2e31-47c5-b9c9-6541844db42e,short,none,SUCCEEDED,1,ACKED,2026-10-01T00:06:06.900011Z,2026-10-01T00:06:37.031350Z,2026-10-01T00:06:37.046161Z,30131.3,14.8
22a028ab-d4ba-4fd9-a334-0b7649de0d81,short,none,SUCCEEDED,1,ACKED,2026-10-01T00:06:06.907162Z,2026-10-01T00:06:37.326994Z,2026-10-01T00:06:37.357753Z,30419.8,30.8
515bc3f6-f089-4dea-a2f4-771647e4b6dc,medium,none,SUCCEEDED,1,ACKED,2026-10-01T00:06:06.911160Z,2026-10-01T00:06:37.405949Z,2026-10-01T00:06:37.703590Z,30494.8,297.6
521dfd36-6eaa-4c02-8299-c182ec76c96d,short,none,SUCCEEDED,1,ACKED,2026-10-01T00:06:06.904012Z,2026-10-01T00:06:37.186254Z,2026-10-01T00:06:37.216300Z,30282.2,30.0
09b66e22-f6e3-40af-815d-15bf989aa509,medium,none,SUCCEEDED,1,ACKED,2026-10-01T00:06:06.900011Z,2026-10-01T00:06:37.031350Z,2026-10-01T00:06:37.200778Z,30131.3,169.4
28f7d60d-b989-48f8-b1f0-e97dbce7ade8,short,none,SUCCEEDED,1,ACKED,2026-10-01T00:06:06.904012Z,2026-10-01T00:06:37.093494Z,2026-10-01T00:06:37.107515Z,30189.5,14.0
f19c70eb-deb6-4321-a1a2-ea0142f7bca1,short,none,SUCCEEDED,1,ACKED,2026-10-01T00:06:06.911160Z,2026-10-01T00:06:37.469121Z,2026-10-01T00:06:37.515692Z,30558.0,46.6
7643bafb-d6e9-4506-b126-70c93976213f,short,none,SUCCEEDED,1,ACKED,2026-10-01T00:06:06.914160Z,2026-10-01T00:06:37.626413Z,2026-10-01T00:06:37.656957Z,30712.3,30.5
56917852-86c0-4348-9e3e-b30e11eecbb0,short,transient,SUCCEEDED,1,NACKED,2026-10-01T00:06:06.904012Z,2026-10-01T00:06:37.154314Z,2026-10-01T00:06:37.185560Z,30250.3,31.2
56917852-86c0-4348-9e3e-b30e11eecbb0,short,transient,SUCCEEDED,2,ACKED,2026-10-01T00:06:37.785560Z,2026-10-01T00:06:47.776958Z,2026-10-01T00:06:47.807272Z,9991.4,30.3
45e4fbd7-d847-4c7c-8d9a-8c55d863811b,short,none,SUCCEEDED,1,ACKED,2026-10-01T00:06:06.911160Z,2026-10-01T00:06:37.389929Z,2026-10-01T00:06:37.436459Z,30478.8,46.5
d049087e-7184-4e58-b781-2f43ecfe56fa,short,none,SUCCEEDED,1,ACKED,2026-10-01T00:06:06.914160Z,2026-10-01T00:06:37.703590Z,2026-10-01T00:06:37.719017Z,30789.4,15.4
46c10f38-87e3-48ae-be9b-3df8cf9963ec,short,none,SUCCEEDED,1,ACKED,2026-10-01T00:06:06.907162Z,2026-10-01T00:06:37.249360Z,2026-10-01T00:06:37.311485Z,30342.2,62.1
793ca746-a7d3-4164-ab71-0399cdea0b01,short,none,SUCCEEDED,1,ACKED,2026-10-01T00:06:06.904012Z,2026-10-01T00:06:37.107515Z,2026-10-01T00:06:37.138347Z,30203.5,30.8
bce982e3-7cab-483e-8605-5d6cf8f0c9d8,short,none,SUCCEEDED,1,ACKED,2026-10-01T00:06:06.907162Z,2026-10-01T00:06:37.326994Z,2026-10-01T00:06:37.342182Z,30419.8,15.2
6cd56c03-3c0e-47e3-a651-cece1512ef9f,short,none,SUCCEEDED,1,ACKED,2026-10-01T00:06:06.914160Z,2026-10-01T00:06:37.673472Z,2026-10-01T00:06:37.703590Z,30759.3,30.1
bc394933-ada9-489d-b5f5-1123c0b984e5,short,none,SUCCEEDED,1,ACKED,2026-10-01T00:06:06.917672Z,2026-10-01T00:06:37.783574Z,2026-10-01T00:06:37.813371Z,30865.9,29.8
eb8d1174-0e9f-454f-9091-827f68fb7130,short,none,SUCCEEDED,1,ACKED,2026-10-01T00:06:06.907162Z,2026-10-01T00:06:37.312488Z,2026-10-01T00:06:37.326994Z,30405.3,14.5
0890fc96-bf28-4093-93c9-7e18c76291b0,medium,none,SUCCEEDED,1,ACKED,2026-10-01T00:06:06.914160Z,2026-10-01T00:06:37.640917Z,2026-10-01T00:06:37.952076Z,30726.8,311.2
25fcbbbb-0da4-4a90-9e88-d8af8c119af8,medium,none,SUCCEEDED,1,ACKED,2026-10-01T00:06:06.919674Z,2026-10-01T00:06:37.858472Z,2026-10-01T00:06:38.106585Z,30938.8,248.1
b233e1da-c12f-4268-992e-5f00a1a429a1,medium,transient,SUCCEEDED,1,NACKED,2026-10-01T00:06:06.911160Z,2026-10-01T00:06:37.515692Z,2026-10-01T00:06:37.640917Z,30604.5,125.2
b233e1da-c12f-4268-992e-5f00a1a429a1,medium,transient,SUCCEEDED,2,ACKED,2026-10-01T00:06:38.243917Z,2026-10-01T00:06:47.807893Z,2026-10-01T00:06:47.932120Z,9564.0,124.2
139e9305-4237-4049-ba2c-282b92a7da12,short,none,SUCCEEDED,1,ACKED,2026-10-01T00:06:06.907162Z,2026-10-01T00:06:37.326994Z,2026-10-01T00:06:37.342182Z,30419.8,15.2
53d82513-9fe8-4705-9a26-0b8d882e9c36,short,none,SUCCEEDED,1,ACKED,2026-10-01T00:06:06.911160Z,2026-10-01T00:06:37.342684Z,2026-10-01T00:06:37.405447Z,30431.5,62.8
4f7d004a-ae94-45c2-906f-d1ecd7d9ddde,short,none,SUCCEEDED,1,ACKED,2026-10-01T00:06:06.917672Z,2026-10-01T00:06:37.858472Z,2026-10-01T00:06:37.873869Z,30940.8,15.4
c6a68041-fe04-4540-8c86-3853a09629f2,short,permanent,FAILED,1,NACKED,2026-10-01T00:06:06.920676Z,2026-10-01T00:06:37.874869Z,2026-10-01T00:06:37.921170Z,30954.2,46.3
81e0839f-bca0-4ea0-b79b-a70990d55cf1,short,none,SUCCEEDED,1,ACKED,2026-10-01T00:06:06.911160Z,2026-10-01T00:06:37.357753Z,2026-10-01T00:06:37.389352Z,30446.6,31.6
5115c56d-434a-4b80-b857-474f6d169e22,short,none,SUCCEEDED,1,ACKED,2026-10-01T00:06:06.917672Z,2026-10-01T00:06:37.843295Z,2026-10-01T00:06:37.905367Z,30925.6,62.1
6dce6303-117f-4578-ae09-19a0f918c04a,short,none,SUCCEEDED,1,ACKED,2026-10-01T00:06:06.923194Z,2026-10-01T00:06:37.952076Z,2026-10-01T00:06:37.982503Z,31028.9,30.4
5119b5a5-d84c-4adc-a730-2811dc039d66,medium,none,SUCCEEDED,1,ACKED,2026-10-01T00:06:06.914160Z,2026-10-01T00:06:37.608860Z,2026-10-01T00:06:37.782696Z,30694.7,173.8
3108c6a3-ca8f-4949-b802-e5b2c76d04ea,short,none,SUCCEEDED,1,ACKED,2026-10-01T00:06:06.911160Z,2026-10-01T00:06:37.436459Z,2026-10-01T00:06:37.468118Z,30525.3,31.7
ea57f855-8ea8-48a4-8205-7cefcdf05a09,medium,none,SUCCEEDED,1,ACKED,2026-10-01T00:06:06.914160Z,2026-10-01T00:06:37.703590Z,2026-10-01T00:06:37.889561Z,30789.4,186.0
99919bc5-f102-43ae-bfad-736ce450b4a7,short,none,SUCCEEDED,1,ACKED,2026-10-01T00:06:06.920676Z,2026-10-01T00:06:37.922170Z,2026-10-01T00:06:37.982503Z,31001.5,60.3
8b94b15c-dbd9-432e-a9bc-270054cc05be,short,none,SUCCEEDED,1,ACKED,2026-10-01T00:06:06.925192Z,2026-10-01T00:06:38.076581Z,2026-10-01T00:06:38.106585Z,31151.4,30.0
39fdc493-99b5-4a26-b007-edc72d019a7e,short,none,SUCCEEDED,1,ACKED,2026-10-01T00:06:06.914160Z,2026-10-01T00:06:37.656957Z,2026-10-01T00:06:37.672964Z,30742.8,16.0
590ef71b-63c2-4e22-b873-c0bc700b3303,short,transient,SUCCEEDED,1,NACKED,2026-10-01T00:06:06.920676Z,2026-10-01T00:06:37.889561Z,2026-10-01T00:06:37.905367Z,30968.9,15.8
590ef71b-63c2-4e22-b873-c0bc700b3303,short,transient,SUCCEEDED,2,ACKED,2026-10-01T00:06:38.494367Z,2026-10-01T00:06:47.807893Z,2026-10-01T00:06:47.822429Z,9313.5,14.5
415cbb75-195b-4e35-8cc9-aac6f3bd9012,short,none,SUCCEEDED,1,ACKED,2026-10-01T00:06:06.926698Z,2026-10-01T00:06:38.076581Z,2026-10-01T00:06:38.091102Z,31149.9,14.5
94224e97-8021-4314-ab5e-7f67339fdec4,short,none,SUCCEEDED,1,ACKED,2026-10-01T00:06:06.917672Z,2026-10-01T00:06:37.843295Z,2026-10-01T00:06:37.873869Z,30925.6,30.6
5830e0c8-e4ca-40f6-aee9-66c3685d1c81,medium,none,SUCCEEDED,1,ACKED,2026-10-01T00:06:06.914160Z,2026-10-01T00:06:37.564326Z,2026-10-01T00:06:37.843295Z,30650.2,279.0
039547d3-3efc-4833-9d43-20e983dd82e4,short,none,SUCCEEDED,1,ACKED,2026-10-01T00:06:06.917672Z,2026-10-01T00:06:37.813956Z,2026-10-01T00:06:37.858472Z,30896.3,44.5
71dac31f-16a9-4d1f-9677-9ca526deccb0,short,none,SUCCEEDED,1,ACKED,2026-10-01T00:06:06.925192Z,2026-10-01T00:06:38.029359Z,2026-10-01T00:06:38.059856Z,31104.2,30.5
479228c4-b4e6-4a44-8441-ade46be2c63d,short,none,SUCCEEDED,1,ACKED,2026-10-01T00:06:06.928709Z,2026-10-01T00:06:38.137849Z,2026-10-01T00:06:38.168361Z,31209.1,30.5
8f89a2de-ba17-40f8-a3f7-d95bb6b5240d,short,none,SUCCEEDED,1,ACKED,2026-10-01T00:06:06.917672Z,2026-10-01T00:06:37.829034Z,2026-10-01T00:06:37.858472Z,30911.4,29.4
2124deed-0fd1-4fe9-aa47-e04a6f41dafc,short,none,SUCCEEDED,1,ACKED,2026-10-01T00:06:06.925192Z,2026-10-01T00:06:38.059856Z,2026-10-01T00:06:38.091102Z,31134.7,31.2
fcb6c5f8-de30-4f6f-af3e-bc1e8bec2a8b,short,permanent,FAILED,1,NACKED,2026-10-01T00:06:06.928709Z,2026-10-01T00:06:38.153746Z,2026-10-01T00:06:38.168361Z,31225.0,14.6
9ea190b2-ca21-4ce3-9e89-61be190def78,long,none,SUCCEEDED,1,ACKED,2026-10-01T00:06:06.920676Z,2026-10-01T00:06:37.906360Z,2026-10-01T00:06:39.873036Z,30985.7,1966.7
34219f78-2f3f-455d-b5b6-6eba9fd32bd1,medium,none,SUCCEEDED,1,ACKED,2026-10-01T00:06:06.917672Z,2026-10-01T00:06:37.724522Z,2026-10-01T00:06:37.843295Z,30806.9,118.8
0bb416ea-fd11-4cd5-8fc9-7ca9f931cc2a,short,none,SUCCEEDED,1,ACKED,2026-10-01T00:06:06.920676Z,2026-10-01T00:06:37.906360Z,2026-10-01T00:06:37.936197Z,30985.7,29.8
92ea5a99-5fcf-4749-950d-af8a7ed5cd0a,medium,none,SUCCEEDED,1,ACKED,2026-10-01T00:06:06.928709Z,2026-10-01T00:06:38.091102Z,2026-10-01T00:06:38.292229Z,31162.4,201.1
ca349772-771f-47e6-9c23-5edc51c04746,short,none,SUCCEEDED,1,ACKED,2026-10-01T00:06:06.932704Z,2026-10-01T00:06:38.168788Z,2026-10-01T00:06:38.199511Z,31236.1,30.7
0e9e92ab-2d11-42fb-bebc-8f41b4cbf94d,short,none,SUCCEEDED,1,ACKED,2026-10-01T00:06:06.920676Z,2026-10-01T00:06:37.936786Z,2026-10-01T00:06:37.952076Z,31016.1,15.3
a6f2868a-20c1-4bd3-82d6-b4e7a76a2a0e,short,none,SUCCEEDED,1,ACKED,2026-10-01T00:06:06.928709Z,2026-10-01T00:06:38.107218Z,2026-10-01T00:06:38.153076Z,31178.5,45.9
15a282f9-c2b9-4a8c-af45-cdf5efb2773a,short,none,SUCCEEDED,1,ACKED,2026-10-01T00:06:06.931703Z,2026-10-01T00:06:38.153746Z,2026-10-01T00:06:38.199511Z,31222.0,45.8
65d08e69-4d1e-4cf3-8deb-00d00a9ae3ac,medium,none,SUCCEEDED,1,ACKED,2026-10-01T00:06:06.925192Z,2026-10-01T00:06:37.983181Z,2026-10-01T00:06:38.137269Z,31058.0,154.1
f193d652-c5b4-4df5-8655-a88bced08a0e,medium,none,SUCCEEDED,1,ACKED,2026-10-01T00:06:06.920676Z,2026-10-01T00:06:37.873869Z,2026-10-01T00:06:38.075840Z,30953.2,202.0
740e570a-3f04-4f17-bb0c-f456cdb901c6,short,none,SUCCEEDED,1,ACKED,2026-10-01T00:06:06.925192Z,2026-10-01T00:06:37.983181Z,2026-10-01T00:06:38.028357Z,31058.0,45.2
cce8f2ff-d219-45bc-8101-d56e2d4ab86f,short,none,SUCCEEDED,1,ACKED,2026-10-01T00:06:06.931703Z,2026-10-01T00:06:38.168788Z,2026-10-01T00:06:38.199511Z,31237.1,30.7
bddd20c0-ee06-4533-8683-0b11a2313d5b,medium,transient,SUCCEEDED,1,NACKED,2026-10-01T00:06:06.935777Z,2026-10-01T00:06:38.245950Z,2026-10-01T00:06:38.417349Z,31310.2,171.4
bddd20c0-ee06-4533-8683-0b11a2313d5b,medium,transient,SUCCEEDED,2,ACKED,2026-10-01T00:06:39.110349Z,2026-10-01T00:06:47.870835Z,2026-10-01T00:06:48.042474Z,8760.5,171.6
c172ddd6-4a51-462b-b525-cf761d63f87f,medium,none,SUCCEEDED,1,ACKED,2026-10-01T00:06:06.925192Z,2026-10-01T00:06:37.952076Z,2026-10-01T00:06:38.075840Z,31026.9,123.8
c8bd8a94-c6bd-411d-9976-e62dd5dc0492,short,none,SUCCEEDED,1,ACKED,2026-10-01T00:06:06.931703Z,2026-10-01T00:06:38.168788Z,2026-10-01T00:06:38.199511Z,31237.1,30.7
44bf3532-0951-4c83-a5a8-f03d1e4242c1,short,none,SUCCEEDED,1,ACKED,2026-10-01T00:06:06.935777Z,2026-10-01T00:06:38.277234Z,2026-10-01T00:06:38.292229Z,31341.5,15.0
c8df45f2-10d3-4ac1-808c-f163cb1b99e6,short,none,SUCCEEDED,1,ACKED,2026-10-01T00:06:06.928709Z,2026-10-01T00:06:38.091102Z,2026-10-01T00:06:38.106585Z,31162.4,15.5
957fb263-a6ac-4285-9bcd-d8550d7c6dd2,medium,transient,SUCCEEDED,1,NACKED,2026-10-01T00:06:06.925192Z,2026-10-01T00:06:38.014491Z,2026-10-01T00:06:38.276232Z,31089.3,261.7
957fb263-a6ac-4285-9bcd-d8550d7c6dd2,medium,transient,SUCCEEDED,2,ACKED,2026-10-01T00:06:38.784232Z,2026-10-01T00:06:47.823934Z,2026-10-01T00:06:48.073116Z,9039.7,249.2
a62a96f6-c48e-4dd5-a470-eed9778c24c4,short,none,SUCCEEDED,1,ACKED,2026-10-01T00:06:06.928709Z,2026-10-01T00:06:38.107218Z,2026-10-01T00:06:38.153076Z,31178.5,45.9
98e8538f-c06b-4083-a4dc-e55a7bbb2d19,short,none,SUCCEEDED,1,ACKED,2026-10-01T00:06:06.935777Z,2026-10-01T00:06:38.277234Z,2026-10-01T00:06:38.323645Z,31341.5,46.4
1c27112c-d883-423d-95c4-b6beccbfc1e9,short,none,SUCCEEDED,1,ACKED,2026-10-01T00:06:06.939862Z,2026-10-01T00:06:38.323645Z,2026-10-01T00:06:38.354028Z,31383.8,30.4
e08cdb55-eb1d-462f-9813-06f8839435a1,short,none,SUCCEEDED,1,ACKED,2026-10-01T00:06:06.928709Z,2026-10-01T00:06:38.137849Z,2026-10-01T00:06:38.199511Z,31209.1,61.7
2b032d5e-e857-4ef7-9420-d57fe7ceac1c,short,none,SUCCEEDED,1,ACKED,2026-10-01T00:06:06.935777Z,2026-10-01T00:06:38.261556Z,2026-10-01T00:06:38.276232Z,31325.8,14.7
97f42dd0-4ca4-4a9d-a9ed-625a716b174a,long,none,SUCCEEDED,1,ACKED,2026-10-01T00:06:06.939862Z,2026-10-01T00:06:38.293230Z,2026-10-01T00:06:40.086704Z,31353.4,1793.5
6f2ea341-9995-4734-bf01-afbed32daa7a,short,none,SUCCEEDED,1,ACKED,2026-10-01T00:06:06.931703Z,2026-10-01T00:06:38.200285Z,2026-10-01T00:06:38.245221Z,31268.6,44.9
c136382f-002f-446f-ba27-a638308405c6,short,none,SUCCEEDED,1,ACKED,2026-10-01T00:06:06.928709Z,2026-10-01T00:06:38.107218Z,2026-10-01T00:06:38.137269Z,31178.5,30.1
d3b8065d-2195-4190-b1ae-83a726739876,short,none,SUCCEEDED,1,ACKED,2026-10-01T00:06:06.931703Z,2026-10-01T00:06:38.200285Z,2026-10-01T00:06:38.260939Z,31268.6,60.7
a544fbb4-da4c-47fa-a634-497e83220da7,short,none,SUCCEEDED,1,ACKED,2026-10-01T00:06:06.939862Z,2026-10-01T00:06:38.293230Z,2026-10-01T00:06:38.338784Z,31353.4,45.6
c80d918e-a5ce-43cd-95e2-56213049c086,medium,none,SUCCEEDED,1,ACKED,2026-10-01T00:06:06.942859Z,2026-10-01T00:06:38.479097Z,2026-10-01T00:06:38.635009Z,31536.2,155.9
991fa175-f5dc-4ef7-8dcf-afc574e39ca5,short,transient,SUCCEEDED,1,NACKED,2026-10-01T00:06:06.931703Z,2026-10-01T00:06:38.200820Z,2026-10-01T00:06:38.245221Z,31269.1,44.4
991fa175-f5dc-4ef7-8dcf-afc574e39ca5,short,transient,SUCCEEDED,2,ACKED,2026-10-01T00:06:38.820221Z,2026-10-01T00:06:47.838798Z,2026-10-01T00:06:47.869836Z,9018.6,31.0
58ce7367-b463-4346-b68d-f081129b8b33,short,none,SUCCEEDED,1,ACKED,2026-10-01T00:06:06.939862Z,2026-10-01T00:06:38.339786Z,2026-10-01T00:06:38.385945Z,31399.9,46.2
639ad63e-aa06-4a3f-8d0a-b0ba2b80e473,short,none,SUCCEEDED,1,ACKED,2026-10-01T00:06:06.942859Z,2026-10-01T00:06:38.480097Z,2026-10-01T00:06:38.509795Z,31537.2,29.7
0d299a16-edd4-44f5-951d-601cf4f425a1,short,none,SUCCEEDED,1,ACKED,2026-10-01T00:06:06.935777Z,2026-10-01T00:06:38.293230Z,2026-10-01T00:06:38.338784Z,31357.5,45.6
2409dddd-187d-4a96-bb4e-ba4521614820,short,none,SUCCEEDED,1,ACKED,2026-10-01T00:06:06.931703Z,2026-10-01T00:06:38.200820Z,2026-10-01T00:06:38.245221Z,31269.1,44.4
24b42e0d-e315-4aea-8c1e-1f922b1cd9e3,short,none,SUCCEEDED,1,ACKED,2026-10-01T00:06:06.935777Z,2026-10-01T00:06:38.245950Z,2026-10-01T00:06:38.292229Z,31310.2,46.3
8d194c02-f269-43a0-af9b-3acda51ad235,short,none,SUCCEEDED,1,ACKED,2026-10-01T00:06:06.942859Z,2026-10-01T00:06:38.448554Z,2026-10-01T00:06:38.494287Z,31505.7,45.7
24b9ab5f-6a5f-497a-bf51-575271e868a3,medium,none,SUCCEEDED,1,ACKED,2026-10-01T00:06:06.946866Z,2026-10-01T00:06:38.573023Z,2026-10-01T00:06:38.867938Z,31626.2,294.9
b4a899c8-35a3-45ee-8a02-86d113d86bc0,medium,none,SUCCEEDED,1,ACKED,2026-10-01T00:06:06.935777Z,2026-10-01T00:06:38.200820Z,2026-10-01T00:06:38.402006Z,31265.0,201.2
b13571c0-3b8a-41a7-add1-f0a9522811bb,short,none,SUCCEEDED,1,ACKED,2026-10-01T00:06:06.942859Z,2026-10-01T00:06:38.402006Z,2026-10-01T00:06:38.448554Z,31459.1,46.5
ceb3bb85-96ec-4935-aaba-815c341dafb6,short,none,SUCCEEDED,1,ACKED,2026-10-01T00:06:06.946866Z,2026-10-01T00:06:38.526034Z,2026-10-01T00:06:38.572022Z,31579.2,46.0
0528ca05-d49e-4758-809e-5aef0b712165,long,none,SUCCEEDED,1,ACKED,2026-10-01T00:06:06.939862Z,2026-10-01T00:06:38.293230Z,2026-10-01T00:06:39.779593Z,31353.4,1486.4
6113497d-89d7-4d0a-b889-c92b317f39db,short,transient,SUCCEEDED,1,NACKED,2026-10-01T00:06:06.935777Z,2026-10-01T00:06:38.245950Z,2026-10-01T00:06:38.292229Z,31310.2,46.3
6113497d-89d7-4d0a-b889-c92b317f39db,short,transient,SUCCEEDED,2,ACKED,2026-10-01T00:06:39.228229Z,2026-10-01T00:06:47.901332Z,2026-10-01T00:06:47.947651Z,8673.1,46.3
3e787d38-54b1-4936-b541-441fe0e86eb5,medium,none,SUCCEEDED,1,ACKED,2026-10-01T00:06:06.939862Z,2026-10-01T00:06:38.386448Z,2026-10-01T00:06:38.509795Z,31446.6,123.3
80eb8806-f3ec-40e0-bc00-14f9a226ce97,short,none,SUCCEEDED,1,ACKED,2026-10-01T00:06:06.946866Z,2026-10-01T00:06:38.494790Z,2026-10-01T00:06:38.525416Z,31547.9,30.6
42a2dc2c-d8f0-40b5-9231-7442ac79468a,short,none,SUCCEEDED,1,ACKED,2026-10-01T00:06:06.950003Z,2026-10-01T00:06:38.636009Z,2026-10-01T00:06:38.650972Z,31686.0,15.0
435cedbc-1c74-4d0a-a525-a4977b09d8d1,medium,none,SUCCEEDED,1,ACKED,2026-10-01T00:06:06.939862Z,2026-10-01T00:06:38.339786Z,2026-10-01T00:06:38.556702Z,31399.9,216.9
92871e41-0ef3-42fd-b4f9-588b05754fb9,short,none,SUCCEEDED,1,ACKED,2026-10-01T00:06:06.946866Z,2026-10-01T00:06:38.557669Z,2026-10-01T00:06:38.603319Z,31610.8,45.7
5f113429-6480-4be0-b262-ef11a6b36ded,short,none,SUCCEEDED,1,ACKED,2026-10-01T00:06:06.950003Z,2026-10-01T00:06:38.714952Z,2026-10-01T00:06:38.775996Z,31764.9,61.0
ff461fa5-bddb-4626-9ea9-671e99a4f84e,short,none,SUCCEEDED,1,ACKED,2026-10-01T00:06:06.942859Z,2026-10-01T00:06:38.386448Z,2026-10-01T00:06:38.417349Z,31443.6,30.9
32e93d93-3494-40db-94cd-d8c6d18e8407,short,none,SUCCEEDED,1,ACKED,2026-10-01T00:06:06.939862Z,2026-10-01T00:06:38.356028Z,2026-10-01T00:06:38.385945Z,31416.2,29.9
2353700c-f4e7-4064-b676-6c880a11c8e9,short,none,SUCCEEDED,1,ACKED,2026-10-01T00:06:06.942859Z,2026-10-01T00:06:38.448554Z,2026-10-01T00:06:38.479097Z,31505.7,30.5
21d22556-cd92-4333-b919-83590455d1b9,short,none,SUCCEEDED,1,ACKED,2026-10-01T00:06:06.950003Z,2026-10-01T00:06:38.761566Z,2026-10-01T00:06:38.806938Z,31811.6,45.4
22c67e7b-7eaa-42c6-899a-45e511cd02f1,short,none,SUCCEEDED,1,ACKED,2026-10-01T00:06:06.954002Z,2026-10-01T00:06:38.853696Z,2026-10-01T00:06:38.898876Z,31899.7,45.2
674a88db-5d76-4e70-b7b6-9577eb9c2079,short,none,SUCCEEDED,1,ACKED,2026-10-01T00:06:06.942859Z,2026-10-01T00:06:38.418372Z,2026-10-01T00:06:38.448554Z,31475.5,30.2
064ac7dd-b670-4899-9d6f-759a62a4e11a,short,none,SUCCEEDED,1,ACKED,2026-10-01T00:06:06.950003Z,2026-10-01T00:06:38.651972Z,2026-10-01T00:06:38.714218Z,31702.0,62.2
9299a0ff-51a4-4f64-a0b9-48d0b76925c9,medium,none,SUCCEEDED,1,ACKED,2026-10-01T00:06:06.954002Z,2026-10-01T00:06:38.853696Z,2026-10-01T00:06:38.990622Z,31899.7,136.9
197b784d-a59d-42bf-b569-1cfcf16cc1fd,medium,none,SUCCEEDED,1,ACKED,2026-10-01T00:06:06.946866Z,2026-10-01T00:06:38.510648Z,2026-10-01T00:06:38.760567Z,31563.8,249.9
30025ceb-9b47-4add-83bb-398564bdeddc,short,transient,SUCCEEDED,1,NACKED,2026-10-01T00:06:06.942859Z,2026-10-01T00:06:38.418372Z,2026-10-01T00:06:38.479097Z,31475.5,60.7
30025ceb-9b47-4add-83bb-398564bdeddc,short,transient,SUCCEEDED,2,ACKED,2026-10-01T00:06:39.208097Z,2026-10-01T00:06:47.901332Z,2026-10-01T00:06:47.962668Z,8693.2,61.3
a902bcdc-c591-4ea8-bbd8-215e92fef5e3,short,none,SUCCEEDED,1,ACKED,2026-10-01T00:06:06.946866Z,2026-10-01T00:06:38.510648Z,2026-10-01T00:06:38.541385Z,31563.8,30.7
95cf74fb-a066-40af-8727-1754751d06af,short,none,SUCCEEDED,1,ACKED,2026-10-01T00:06:06.954002Z,2026-10-01T00:06:38.822575Z,2026-10-01T00:06:38.852959Z,31868.6,30.4
950730ba-6f24-4242-8267-f6b20e381dfa,short,transient,SUCCEEDED,1,NACKED,2026-10-01T00:06:06.958108Z,2026-10-01T00:06:38.975324Z,2026-10-01T00:06:39.020833Z,32017.2,45.5
950730ba-6f24-4242-8267-f6b20e381dfa,short,transient,SUCCEEDED,2,ACKED,2026-10-01T00:06:39.753833Z,2026-10-01T00:06:47.948651Z,2026-10-01T00:06:47.994692Z,8194.8,46.0
cc0e621b-3248-4074-afb8-70bc1847ff0c,short,none,SUCCEEDED,1,ACKED,2026-10-01T00:06:06.946866Z,2026-10-01T00:06:38.542385Z,2026-10-01T00:06:38.556702Z,31595.5,14.3
c41f1044-3c69-4b89-8c33-d8b5f4f4dd2e,medium,none,SUCCEEDED,1,ACKED,2026-10-01T00:06:06.954002Z,2026-10-01T00:06:38.899414Z,2026-10-01T00:06:39.130552Z,31945.4,231.1
7a87cad2-af60-45f5-a5ab-bf1d18a3e8d8,short,none,SUCCEEDED,1,ACKED,2026-10-01T00:06:06.958108Z,2026-10-01T00:06:39.021425Z,2026-10-01T00:06:39.068751Z,32063.3,47.3
7cbac937-5063-4fc3-bcf0-e95351b83248,medium,none,SUCCEEDED,1,ACKED,2026-10-01T00:06:06.950003Z,2026-10-01T00:06:38.683853Z,2026-10-01T00:06:38.852959Z,31733.9,169.1
ab69d695-70bb-4993-a0f9-d6be7e77a10a,medium,transient,DEAD_LETTER,1,NACKED,2026-10-01T00:06:06.946866Z,2026-10-01T00:06:38.557669Z,2026-10-01T00:06:38.775996Z,31610.8,218.3
ab69d695-70bb-4993-a0f9-d6be7e77a10a,medium,transient,DEAD_LETTER,2,NACKED,2026-10-01T00:06:39.699996Z,2026-10-01T00:06:47.932120Z,2026-10-01T00:06:48.150703Z,8232.1,218.6
ab69d695-70bb-4993-a0f9-d6be7e77a10a,medium,transient,DEAD_LETTER,3,NACKED,2026-10-01T00:06:49.639703Z,2026-10-01T00:06:49.649662Z,2026-10-01T00:06:49.867081Z,10.0,217.4
c0174651-37e5-4007-bc42-821a46757711,short,none,SUCCEEDED,1,ACKED,2026-10-01T00:06:06.950003Z,2026-10-01T00:06:38.651972Z,2026-10-01T00:06:38.683229Z,31702.0,31.3
0e4a3b2b-9830-469b-b746-51b17e2e82e5,short,none,SUCCEEDED,1,ACKED,2026-10-01T00:06:06.958108Z,2026-10-01T00:06:39.037560Z,2026-10-01T00:06:39.068751Z,32079.5,31.2
4f2e08af-1941-47f1-aa66-93e2cf4e2356,short,none,SUCCEEDED,1,ACKED,2026-10-01T00:06:06.962463Z,2026-10-01T00:06:39.100322Z,2026-10-01T00:06:39.146296Z,32137.9,46.0
17b6ae70-5e96-496a-b88d-d63fc2fced8d,short,none,SUCCEEDED,1,ACKED,2026-10-01T00:06:06.950003Z,2026-10-01T00:06:38.775996Z,2026-10-01T00:06:38.822575Z,31826.0,46.6
5e47b1dc-2954-4ff5-83d6-1886b2be839c,short,transient,SUCCEEDED,1,NACKED,2026-10-01T00:06:06.958108Z,2026-10-01T00:06:38.991206Z,2026-10-01T00:06:39.020833Z,32033.1,29.6
5e47b1dc-2954-4ff5-83d6-1886b2be839c,short,transient,SUCCEEDED,2,ACKED,2026-10-01T00:06:39.746833Z,2026-10-01T00:06:47.948651Z,2026-10-01T00:06:47.978166Z,8201.8,29.5
2bd093bb-bba9-4a1d-9b15-13a6a2d899db,short,none,SUCCEEDED,1,ACKED,2026-10-01T00:06:06.962463Z,2026-10-01T00:06:39.068751Z,2026-10-01T00:06:39.099732Z,32106.3,31.0
0d8dc98c-c0a2-4c33-a13a-efc4b0e4a29a,short,none,SUCCEEDED,1,ACKED,2026-10-01T00:06:06.954002Z,2026-10-01T00:06:38.869149Z,2026-10-01T00:06:38.929380Z,31915.1,60.2
8b89f7dc-d5b7-4b08-bf1a-f6422693c0be,short,none,SUCCEEDED,1,ACKED,2026-10-01T00:06:06.950003Z,2026-10-01T00:06:38.603915Z,2026-10-01T00:06:38.650972Z,31653.9,47.1
000d8a9c-2b74-438a-a475-9bcf8981e4c9,medium,none,SUCCEEDED,1,ACKED,2026-10-01T00:06:06.954002Z,2026-10-01T00:06:38.807535Z,2026-10-01T00:06:38.975324Z,31853.5,167.8
fa43b72c-03d3-4daf-afd1-29b737d4bd53,short,none,SUCCEEDED,1,ACKED,2026-10-01T00:06:06.962463Z,2026-10-01T00:06:39.084250Z,2026-10-01T00:06:39.130552Z,32121.8,46.3
5e289f4d-3eae-493a-ae91-9c1968eb463e,short,none,SUCCEEDED,1,ACKED,2026-10-01T00:06:06.966129Z,2026-10-01T00:06:39.255119Z,2026-10-01T00:06:39.316517Z,32289.0,61.4
6ca1f12c-70df-4cc7-8af3-a2d9d20949d6,short,none,SUCCEEDED,1,ACKED,2026-10-01T00:06:06.954002Z,2026-10-01T00:06:38.930551Z,2026-10-01T00:06:38.960321Z,31976.5,29.8
72a61f5e-4aa1-4bd3-ba37-bcd4ef74769e,medium,none,SUCCEEDED,1,ACKED,2026-10-01T00:06:06.962463Z,2026-10-01T00:06:39.052182Z,2026-10-01T00:06:39.193477Z,32089.7,141.3
53a68f8a-3d04-4359-823b-0b5d21fed533,medium,none,SUCCEEDED,1,ACKED,2026-10-01T00:06:06.966129Z,2026-10-01T00:06:39.193477Z,2026-10-01T00:06:39.439812Z,32227.3,246.3
03a854b2-1c5c-46e4-978c-504ff34c04c4,short,none,SUCCEEDED,1,ACKED,2026-10-01T00:06:06.958108Z,2026-10-01T00:06:38.960321Z,2026-10-01T00:06:39.005454Z,32002.2,45.1
0da6caf0-4228-49b7-ba22-bd3307c5e438,medium,none,SUCCEEDED,1,ACKED,2026-10-01T00:06:06.954002Z,2026-10-01T00:06:38.775996Z,2026-10-01T00:06:39.036543Z,31822.0,260.5
e162f364-34bf-42d3-a12d-9b8125b425ec,short,transient,SUCCEEDED,1,NACKED,2026-10-01T00:06:06.958108Z,2026-10-01T00:06:39.021425Z,2026-10-01T00:06:39.036543Z,32063.3,15.1
e162f364-34bf-42d3-a12d-9b8125b425ec,short,transient,SUCCEEDED,2,ACKED,2026-10-01T00:06:39.872543Z,2026-10-01T00:06:47.963670Z,2026-10-01T00:06:47.978166Z,8091.1,14.5
fb2e4661-ec5f-4f3e-9594-8e00b925cdbc,medium,none,SUCCEEDED,1,ACKED,2026-10-01T00:06:06.966129Z,2026-10-01T00:06:39.317660Z,2026-10-01T00:06:39.547057Z,32351.5,229.4
4fb0d2ff-ecc9-418f-98b0-9739d4e592c6,short,transient,SUCCEEDED,1,NACKED,2026-10-01T00:06:06.970223Z,2026-10-01T00:06:39.379570Z,2026-10-01T00:06:39.424652Z,32409.3,45.1
4fb0d2ff-ecc9-418f-98b0-9739d4e592c6,short,transient,SUCCEEDED,2,ACKED,2026-10-01T00:06:40.064652Z,2026-10-01T00:06:47.978166Z,2026-10-01T00:06:48.026310Z,7913.5,48.1
8053b883-2c22-4c3a-9125-721b78143141,short,none,SUCCEEDED,1,ACKED,2026-10-01T00:06:06.958108Z,2026-10-01T00:06:39.006486Z,2026-10-01T00:06:39.068751Z,32048.4,62.3
2f4a1cc3-32e4-4e06-a0a6-4c0ee3fe2976,short,none,SUCCEEDED,1,ACKED,2026-10-01T00:06:06.966129Z,2026-10-01T00:06:39.178771Z,2026-10-01T00:06:39.208736Z,32212.6,30.0
5b1dfa4a-f062-453c-920e-16e3ad12baf5,short,none,SUCCEEDED,1,ACKED,2026-10-01T00:06:06.970223Z,2026-10-01T00:06:39.394392Z,2026-10-01T00:06:39.424652Z,32424.2,30.3
ca16b0cd-9ce5-4dd6-b10b-2ccf2797c7a7,medium,none,SUCCEEDED,1,ACKED,2026-10-01T00:06:06.962463Z,2026-10-01T00:06:39.069756Z,2026-10-01T00:06:39.254006Z,32107.3,184.3
3e263c5d-9862-4d7b-9533-8ed4729d9aad,short,none,SUCCEEDED,1,ACKED,2026-10-01T00:06:06.958108Z,2026-10-01T00:06:39.037560Z,2026-10-01T00:06:39.052182Z,32079.5,14.6
b931f0b5-9c60-4d67-a0cf-35a1930b2df1,short,none,SUCCEEDED,1,ACKED,2026-10-01T00:06:06.962463Z,2026-10-01T00:06:39.147297Z,2026-10-01T00:06:39.177772Z,32184.8,30.5
454fbbdf-a8be-4edf-921f-00f76aae419d,short,none,SUCCEEDED,1,ACKED,2026-10-01T00:06:06.970223Z,2026-10-01T00:06:39.425269Z,2026-10-01T00:06:39.455363Z,32455.0,30.1
9175b37a-c956-4de2-900a-0abe6a4fe5d1,short,none,SUCCEEDED,1,ACKED,2026-10-01T00:06:06.973729Z,2026-10-01T00:06:39.455363Z,2026-10-01T00:06:39.486638Z,32481.6,31.3
f4091cdb-efa3-4f05-ab37-dc9d07e9724a,medium,none,SUCCEEDED,1,ACKED,2026-10-01T00:06:06.962463Z,2026-10-01T00:06:39.131553Z,2026-10-01T00:06:39.393788Z,32169.1,262.2
2a9eb58e-8292-4f1f-a5c3-f580882aeb33,short,none,SUCCEEDED,1,ACKED,2026-10-01T00:06:06.970223Z,2026-10-01T00:06:39.425269Z,2026-10-01T00:06:39.455363Z,32455.0,30.1
1d144f70-909b-4fcf-a1c2-5ea4e1c73d57,short,transient,SUCCEEDED,1,NACKED,2026-10-01T00:06:06.973729Z,2026-10-01T00:06:39.547057Z,2026-10-01T00:06:39.593972Z,32573.3,46.9
1d144f70-909b-4fcf-a1c2-5ea4e1c73d57,short,transient,SUCCEEDED,2,NACKED,2026-10-01T00:06:40.542972Z,2026-10-01T00:06:48.027186Z,2026-10-01T00:06:48.058088Z,7484.2,30.9
1d144f70-909b-4fcf-a1c2-5ea4e1c73d57,short,transient,SUCCEEDED,3,ACKED,2026-10-01T00:06:49.470088Z,2026-10-01T00:06:49.540401Z,2026-10-01T00:06:49.586193Z,70.3,45.8
6f92b342-9acd-4303-a4df-edbd4bb980e0,medium,transient,SUCCEEDED,1,NACKED,2026-10-01T00:06:06.966129Z,2026-10-01T00:06:39.270624Z,2026-10-01T00:06:39.424652Z,32304.5,154.0
6f92b342-9acd-4303-a4df-edbd4bb980e0,medium,transient,SUCCEEDED,2,ACKED,2026-10-01T00:06:40.231652Z,2026-10-01T00:06:47.978166Z,2026-10-01T00:06:48.134961Z,7746.5,156.8
a44b6bc0-7f1c-4052-ac52-b0bd2751902d,short,none,SUCCEEDED,1,ACKED,2026-10-01T00:06:06.962463Z,2026-10-01T00:06:39.131553Z,2026-10-01T00:06:39.161660Z,32169.1,30.1
5b8f6244-858d-4825-b443-cba49c9fb37e,medium,none,SUCCEEDED,1,ACKED,2026-10-01T00:06:06.966129Z,2026-10-01T00:06:39.162241Z,2026-10-01T00:06:39.331485Z,32196.1,169.2
18491d23-7436-4783-a4e2-6f31740aa33e,short,none,SUCCEEDED,1,ACKED,2026-10-01T00:06:06.973729Z,2026-10-01T00:06:39.486638Z,2026-10-01T00:06:39.501539Z,32512.9,14.9
7534a985-955b-4491-a20e-6b3a25c0726c,short,none,SUCCEEDED,1,ACKED,2026-10-01T00:06:06.977670Z,2026-10-01T00:06:39.641229Z,2026-10-01T00:06:39.685622Z,32663.6,44.4
3d22089b-126c-484a-b9f3-9deeb1b3f3de,short,none,SUCCEEDED,1,ACKED,2026-10-01T00:06:06.966129Z,2026-10-01T00:06:39.238918Z,2026-10-01T00:06:39.269623Z,32272.8,30.7
6c21486b-e70b-4b3e-afbf-a54c2f5966ad,medium,none,SUCCEEDED,1,ACKED,2026-10-01T00:06:06.973729Z,2026-10-01T00:06:39.456367Z,2026-10-01T00:06:39.670697Z,32482.6,214.3
c89025ca-9fe1-4ad9-853f-cc9df763e8fa,short,transient,SUCCEEDED,1,NACKED,2026-10-01T00:06:06.977670Z,2026-10-01T00:06:39.610354Z,2026-10-01T00:06:39.640228Z,32632.7,29.9
c89025ca-9fe1-4ad9-853f-cc9df763e8fa,short,transient,SUCCEEDED,2,NACKED,2026-10-01T00:06:40.554228Z,2026-10-01T00:06:48.043063Z,2026-10-01T00:06:48.073116Z,7488.8,30.1
c89025ca-9fe1-4ad9-853f-cc9df763e8fa,short,transient,SUCCEEDED,3,ACKED,2026-10-01T00:06:49.913116Z,2026-10-01T00:06:49.978478Z,2026-10-01T00:06:50.007518Z,65.4,29.0
0bc25208-f4c9-4829-92f1-091c2658e97d,short,transient,SUCCEEDED,1,NACKED,2026-10-01T00:06:06.970223Z,2026-10-01T00:06:39.425269Z,2026-10-01T00:06:39.439812Z,32455.0,14.5
0bc25208-f4c9-4829-92f1-091c2658e97d,short,transient,SUCCEEDED,2,ACKED,2026-10-01T00:06:40.432812Z,2026-10-01T00:06:47.995175Z,2026-10-01T00:06:48.010725Z,7562.4,15.6
f31afe69-cf28-42e0-aaa9-d12dc4c03504,short,none,SUCCEEDED,1,ACKED,2026-10-01T00:06:06.966129Z,2026-10-01T00:06:39.209905Z,2026-10-01T00:06:39.238309Z,32243.8,28.4
b53e3109-5cb2-4958-95e1-11cdf5c8bda9,short,none,SUCCEEDED,1,ACKED,2026-10-01T00:06:06.970223Z,2026-10-01T00:06:39.440392Z,2026-10-01T00:06:39.486638Z,32470.2,46.2
8388e301-eb61-47ad-882b-29330d9da604,short,none,SUCCEEDED,1,ACKED,2026-10-01T00:06:06.977670Z,2026-10-01T00:06:39.640228Z,2026-10-01T00:06:39.670697Z,32662.6,30.5
7a9706eb-9f60-4726-ad8f-ba2752582576,short,none,SUCCEEDED,1,ACKED,2026-10-01T00:06:06.981187Z,2026-10-01T00:06:39.731798Z,2026-10-01T00:06:39.763688Z,32750.6,31.9
3fa746f9-5472-4ea7-b36b-35e67a7ec153,medium,none,SUCCEEDED,1,ACKED,2026-10-01T00:06:06.970223Z,2026-10-01T00:06:39.440392Z,2026-10-01T00:06:39.700712Z,32470.2,260.3
8e7bd57b-e21c-4bcb-a5ef-ce4cc9d08ace,short,none,SUCCEEDED,1,ACKED,2026-10-01T00:06:06.977670Z,2026-10-01T00:06:39.594643Z,2026-10-01T00:06:39.609349Z,32617.0,14.7
1f5d57f7-4a86-4874-a920-bf39053d548a,long,none,SUCCEEDED,1,ACKED,2026-10-01T00:06:06.981187Z,2026-10-01T00:06:39.716752Z,2026-10-01T00:06:41.700831Z,32735.6,1984.1
1b05e083-b6d8-42a2-9c12-ce98d33436b1,short,none,SUCCEEDED,1,ACKED,2026-10-01T00:06:06.973729Z,2026-10-01T00:06:39.486638Z,2026-10-01T00:06:39.516746Z,32512.9,30.1
ca4a447e-8595-4fd8-928a-ed86163ab2df,short,none,SUCCEEDED,1,ACKED,2026-10-01T00:06:06.970223Z,2026-10-01T00:06:39.332101Z,2026-10-01T00:06:39.378569Z,32361.9,46.5
6ffc8b72-c6b7-48b8-8c24-15a10d4feae7,short,transient,SUCCEEDED,1,NACKED,2026-10-01T00:06:06.973729Z,2026-10-01T00:06:39.547057Z,2026-10-01T00:06:39.578296Z,32573.3,31.2
6ffc8b72-c6b7-48b8-8c24-15a10d4feae7,short,transient,SUCCEEDED,2,ACKED,2026-10-01T00:06:40.527296Z,2026-10-01T00:06:48.011738Z,2026-10-01T00:06:48.042474Z,7484.4,30.7
309eda3a-f11e-4d3d-b117-5d2216a93dad,short,none,SUCCEEDED,1,ACKED,2026-10-01T00:06:06.981187Z,2026-10-01T00:06:39.701810Z,2026-10-01T00:06:39.731798Z,32720.6,30.0
891adbee-595e-41e2-9bd7-7ec061f32383,short,none,SUCCEEDED,1,ACKED,2026-10-01T00:06:06.985707Z,2026-10-01T00:06:39.889179Z,2026-10-01T00:06:39.919216Z,32903.5,30.0
1c026eec-a41f-46db-a1b1-256da58a28b2,short,none,SUCCEEDED,1,ACKED,2026-10-01T00:06:06.973729Z,2026-10-01T00:06:39.502648Z,2026-10-01T00:06:39.547057Z,32528.9,44.4
4f80b818-3396-460a-a611-9983b491b834,medium,none,SUCCEEDED,1,ACKED,2026-10-01T00:06:06.981187Z,2026-10-01T00:06:39.717256Z,2026-10-01T00:06:39.934794Z,32736.1,217.5
acafac84-2d6e-4d93-b3d6-a2ccc7223004,medium,none,SUCCEEDED,1,ACKED,2026-10-01T00:06:06.985707Z,2026-10-01T00:06:39.920217Z,2026-10-01T00:06:40.056373Z,32934.5,136.2
40eef1e1-4c51-4f46-b5fc-79f541267d9d,short,none,SUCCEEDED,1,ACKED,2026-10-01T00:06:06.977670Z,2026-10-01T00:06:39.671289Z,2026-10-01T00:06:39.716242Z,32693.6,45.0
89d7613d-0758-4437-90b2-212933b18fbc,long,none,SUCCEEDED,1,ACKED,2026-10-01T00:06:06.973729Z,2026-10-01T00:06:39.517340Z,2026-10-01T00:06:41.454369Z,32543.6,1937.0
2fa87bf4-4135-486c-bcb7-dbd8c8248060,short,none,SUCCEEDED,1,ACKED,2026-10-01T00:06:06.977670Z,2026-10-01T00:06:39.625669Z,2026-10-01T00:06:39.640228Z,32648.0,14.6
786ee9f3-b13e-4b1d-8888-0962bc62a6c8,short,none,SUCCEEDED,1,ACKED,2026-10-01T00:06:06.985707Z,2026-10-01T00:06:39.811266Z,2026-10-01T00:06:39.841663Z,32825.6,30.4
1a690fc0-0b67-422f-85ab-7da329d0cc24,medium,none,SUCCEEDED,1,ACKED,2026-10-01T00:06:06.989381Z,2026-10-01T00:06:40.086704Z,2026-10-01T00:06:40.317259Z,33097.3,230.6
7bd0dca6-fa76-4a51-b35b-16837500bae7,short,none,SUCCEEDED,1,ACKED,2026-10-01T00:06:06.977670Z,2026-10-01T00:06:39.579011Z,2026-10-01T00:06:39.624670Z,32601.3,45.7
0d1ed856-938a-4a14-af64-5709959eff55,short,none,SUCCEEDED,1,ACKED,2026-10-01T00:06:06.985707Z,2026-10-01T00:06:39.842448Z,2026-10-01T00:06:39.888599Z,32856.7,46.2
a0e2b189-85a4-4735-bbb2-e59153576419,medium,none,SUCCEEDED,1,ACKED,2026-10-01T00:06:06.987212Z,2026-10-01T00:06:40.056949Z,2026-10-01T00:06:40.271666Z,33069.7,214.7
0570962a-b77f-407f-8591-11777a0488d8,medium,none,SUCCEEDED,1,ACKED,2026-10-01T00:06:06.981187Z,2026-10-01T00:06:39.780594Z,2026-10-01T00:06:39.888599Z,32799.4,108.0
aa77daed-6b0c-4e95-9fa3-732097324dbf,short,none,SUCCEEDED,1,ACKED,2026-10-01T00:06:06.977670Z,2026-10-01T00:06:39.671289Z,2026-10-01T00:06:39.716242Z,32693.6,45.0
9491ce26-6a5c-4c8f-9958-3395e92522c0,long,none,SUCCEEDED,1,ACKED,2026-10-01T00:06:06.981187Z,2026-10-01T00:06:39.717256Z,2026-10-01T00:06:41.500389Z,32736.1,1783.1
0b7b56ab-6ab2-4cb7-a7b2-60683a816808,medium,none,SUCCEEDED,1,ACKED,2026-10-01T00:06:06.987212Z,2026-10-01T00:06:40.027156Z,2026-10-01T00:06:40.286945Z,33039.9,259.8
739a96ae-296c-411e-b9d0-0e03655b1d46,short,none,SUCCEEDED,1,ACKED,2026-10-01T00:06:06.992899Z,2026-10-01T00:06:40.103236Z,2026-10-01T00:06:40.148866Z,33110.3,45.6
5b1f9374-116f-4c72-a04b-3a27a70b13be,short,none,SUCCEEDED,1,ACKED,2026-10-01T00:06:06.981187Z,2026-10-01T00:06:39.764192Z,2026-10-01T00:06:39.810022Z,32783.0,45.8
8fd8eddf-e638-472b-bd31-a7c39a863243,short,none,SUCCEEDED,1,ACKED,2026-10-01T00:06:06.987212Z,2026-10-01T00:06:40.041866Z,2026-10-01T00:06:40.086704Z,33054.7,44.8
13c7ddb2-d90b-4928-b69c-4bdbb6c17901,short,none,SUCCEEDED,1,ACKED,2026-10-01T00:06:06.992899Z,2026-10-01T00:06:40.103236Z,2026-10-01T00:06:40.133092Z,33110.3,29.9
c9d97d3b-1bd1-4a7f-bbdf-e7d9810ed9e1,short,none,SUCCEEDED,1,ACKED,2026-10-01T00:06:06.985707Z,2026-10-01T00:06:39.874035Z,2026-10-01T00:06:39.888599Z,32888.3,14.6
84a00dfe-51ea-4017-8e4e-fd4b1f9b3392,short,permanent,FAILED,1,NACKED,2026-10-01T00:06:06.981187Z,2026-10-01T00:06:39.686253Z,2026-10-01T00:06:39.716242Z,32705.1,30.0
fb96c679-9b6d-44d1-b98f-bd29f924de17,short,none,SUCCEEDED,1,ACKED,2026-10-01T00:06:06.985707Z,2026-10-01T00:06:39.935498Z,2026-10-01T00:06:39.980734Z,32949.8,45.2
ef76d63c-b6e3-4172-97da-9b5bce36fe38,medium,none,SUCCEEDED,1,ACKED,2026-10-01T00:06:06.992899Z,2026-10-01T00:06:40.149511Z,2026-10-01T00:06:40.455074Z,33156.6,305.6
0d28a243-20af-47ba-9b67-3d96bf4bbbdb,short,none,SUCCEEDED,1,ACKED,2026-10-01T00:06:06.995900Z,2026-10-01T00:06:40.363900Z,2026-10-01T00:06:40.408868Z,33368.0,45.0
c9130f34-ed5e-4eed-837c-36ca877ef43f,medium,none,SUCCEEDED,1,ACKED,2026-10-01T00:06:06.985707Z,2026-10-01T00:06:39.889179Z,2026-10-01T00:06:40.102602Z,32903.5,213.4
b2f95a91-0454-455c-82f5-168df9c96750,long,none,SUCCEEDED,1,ACKED,2026-10-01T00:06:06.992899Z,2026-10-01T00:06:40.287544Z,2026-10-01T00:06:42.223957Z,33294.6,1936.4
1255715c-04bc-4152-ae32-ffecc0defeeb,short,none,SUCCEEDED,1,ACKED,2026-10-01T00:06:06.995900Z,2026-10-01T00:06:40.409473Z,2026-10-01T00:06:40.469990Z,33413.6,60.5
aca3ed38-ff25-48e0-9c9c-235723b455bc,short,none,SUCCEEDED,1,ACKED,2026-10-01T00:06:06.987212Z,2026-10-01T00:06:39.996205Z,2026-10-01T00:06:40.041363Z,33009.0,45.2
c757f031-994a-4d86-af78-35d8b565c6cd,short,none,SUCCEEDED,1,ACKED,2026-10-01T00:06:06.985707Z,2026-10-01T00:06:39.889179Z,2026-10-01T00:06:39.949671Z,32903.5,60.5
af4ad42b-aa64-40bd-bc1c-5334bb8d1d08,short,none,SUCCEEDED,1,ACKED,2026-10-01T00:06:06.987212Z,2026-10-01T00:06:39.950298Z,2026-10-01T00:06:39.995630Z,32963.1,45.3
433be473-3d3c-436c-8775-4877574fef07,short,none,SUCCEEDED,1,ACKED,2026-10-01T00:06:06.995900Z,2026-10-01T00:06:40.318035Z,2026-10-01T00:06:40.362898Z,33322.1,44.9
b4c44a15-d18c-4de4-b1d5-a8b7cf969831,medium,none,SUCCEEDED,1,ACKED,2026-10-01T00:06:06.999900Z,2026-10-01T00:06:40.577484Z,2026-10-01T00:06:40.823404Z,33577.6,245.9
fe3eaf66-9779-4b4e-a792-a15b0454d542,short,none,SUCCEEDED,1,ACKED,2026-10-01T00:06:06.987212Z,2026-10-01T00:06:39.981720Z,2026-10-01T00:06:40.026155Z,32994.5,44.4
c046e228-b1bf-4c65-af2a-a64a20763008,long,none,SUCCEEDED,1,ACKED,2026-10-01T00:06:06.995900Z,2026-10-01T00:06:40.470495Z,2026-10-01T00:06:42.378220Z,33474.6,1907.7
343f3442-6d29-49e0-a7b8-a587a62f4a7e,short,none,SUCCEEDED,1,ACKED,2026-10-01T00:06:06.999900Z,2026-10-01T00:06:40.594695Z,2026-10-01T00:06:40.623713Z,33594.8,29.0
b56a5abd-719f-4746-8cfe-560b34c69610,short,none,SUCCEEDED,1,ACKED,2026-10-01T00:06:06.992899Z,2026-10-01T00:06:40.133595Z,2026-10-01T00:06:40.179115Z,33140.7,45.5
24d09d7e-828f-42b7-9b0d-52f9ac1bdef4,short,permanent,FAILED,1,NACKED,2026-10-01T00:06:06.989381Z,2026-10-01T00:06:40.087704Z,2026-10-01T00:06:40.102602Z,33098.3,14.9
57e3f631-8fe5-4f08-ae31-268d66088461,medium,none,SUCCEEDED,1,ACKED,2026-10-01T00:06:06.992899Z,2026-10-01T00:06:40.179115Z,2026-10-01T00:06:40.485751Z,33186.2,306.6
f00e2612-2daf-4bb6-9f3a-0dd1ae3daef7,short,none,SUCCEEDED,1,ACKED,2026-10-01T00:06:06.999900Z,2026-10-01T00:06:40.561887Z,2026-10-01T00:06:40.577484Z,33562.0,15.6
1d173bd0-a487-45e7-bfd7-960ef3821dba,medium,none,SUCCEEDED,1,ACKED,2026-10-01T00:06:07.003414Z,2026-10-01T00:06:40.855084Z,2026-10-01T00:06:41.056047Z,33851.7,201.0
d79fd76c-4482-464d-a642-3f9f7de5b336,short,none,SUCCEEDED,1,ACKED,2026-10-01T00:06:06.993898Z,2026-10-01T00:06:40.287544Z,2026-10-01T00:06:40.317259Z,33293.6,29.7
582552db-6179-4848-8d56-ca82eac3b287,short,transient,SUCCEEDED,1,NACKED,2026-10-01T00:06:06.999900Z,2026-10-01T00:06:40.577484Z,2026-10-01T00:06:40.593192Z,33577.6,15.7
582552db-6179-4848-8d56-ca82eac3b287,short,transient,SUCCEEDED,2,ACKED,2026-10-01T00:06:41.145192Z,2026-10-01T00:06:48.043063Z,2026-10-01T00:06:48.073116Z,6897.9,30.1
f69c3332-9f9d-4c0d-b746-f84c2ea09b3c,short,none,SUCCEEDED,1,ACKED,2026-10-01T00:06:07.003414Z,2026-10-01T00:06:40.824404Z,2026-10-01T00:06:40.854474Z,33821.0,30.1
6ab465e0-80ab-43fd-bcbe-c90c53ce1296,medium,none,SUCCEEDED,1,ACKED,2026-10-01T00:06:06.995900Z,2026-10-01T00:06:40.363900Z,2026-10-01T00:06:40.561887Z,33368.0,198.0
0de5327d-3560-4dcb-83b2-711685ec1838,short,none,SUCCEEDED,1,ACKED,2026-10-01T00:06:06.992899Z,2026-10-01T00:06:40.272658Z,2026-10-01T00:06:40.286945Z,33279.8,14.3
dace652c-06fc-4534-911b-f1a483b052f9,short,none,SUCCEEDED,1,ACKED,2026-10-01T00:06:06.995900Z,2026-10-01T00:06:40.318035Z,2026-10-01T00:06:40.362898Z,33322.1,44.9
596f1abc-77a0-4273-9f65-ae6525f98fef,long,transient,SUCCEEDED,1,NACKED,2026-10-01T00:06:07.003414Z,2026-10-01T00:06:40.731757Z,2026-10-01T00:06:41.808886Z,33728.3,1077.1
596f1abc-77a0-4273-9f65-ae6525f98fef,long,transient,SUCCEEDED,2,NACKED,2026-10-01T00:06:42.782886Z,2026-10-01T00:06:48.073116Z,2026-10-01T00:06:49.149847Z,5290.2,1076.7
596f1abc-77a0-4273-9f65-ae6525f98fef,long,transient,SUCCEEDED,3,ACKED,2026-10-01T00:06:50.455847Z,2026-10-01T00:06:50.523093Z,2026-10-01T00:06:51.598310Z,67.2,1075.2
ad5398d0-ffa4-4564-b8e8-5b4187ce5e58,short,transient,SUCCEEDED,1,NACKED,2026-10-01T00:06:07.007412Z,2026-10-01T00:06:41.501390Z,2026-10-01T00:06:41.546758Z,34494.0,45.4
ad5398d0-ffa4-4564-b8e8-5b4187ce5e58,short,transient,SUCCEEDED,2,NACKED,2026-10-01T00:06:42.378758Z,2026-10-01T00:06:48.073116Z,2026-10-01T00:06:48.119801Z,5694.4,46.7
ad5398d0-ffa4-4564-b8e8-5b4187ce5e58,short,transient,SUCCEEDED,3,ACKED,2026-10-01T00:06:49.859801Z,2026-10-01T00:06:49.868083Z,2026-10-01T00:06:49.914313Z,8.3,46.2
89219bbf-d3c0-428d-afd0-dbc754f799d8,short,none,SUCCEEDED,1,ACKED,2026-10-01T00:06:06.995900Z,2026-10-01T00:06:40.486751Z,2026-10-01T00:06:40.531606Z,33490.9,44.9
025e6f5e-de77-46da-a900-b9a96c6b0860,short,none,SUCCEEDED,1,ACKED,2026-10-01T00:06:07.003414Z,2026-10-01T00:06:40.655833Z,2026-10-01T00:06:40.716034Z,33652.4,60.2
a77c500e-ae2b-4a2a-a398-e79094aebd5f,medium,none,SUCCEEDED,1,ACKED,2026-10-01T00:06:07.007412Z,2026-10-01T00:06:41.440343Z,2026-10-01T00:06:41.685718Z,34432.9,245.4
e0cd0bab-cbbe-490b-810f-bc0afdba2d0e,long,none,SUCCEEDED,1,ACKED,2026-10-01T00:06:06.999900Z,2026-10-01T00:06:40.561887Z,2026-10-01T00:06:41.793330Z,33562.0,1231.4
1d0efe9f-a8e7-4174-9e56-0dac990badb6,short,none,SUCCEEDED,1,ACKED,2026-10-01T00:06:06.995900Z,2026-10-01T00:06:40.456163Z,2026-10-01T00:06:40.516515Z,33460.3,60.4
ca3e5b8f-18e2-489e-8473-db4da9b524d9,short,none,SUCCEEDED,1,ACKED,2026-10-01T00:06:06.999900Z,2026-10-01T00:06:40.532178Z,2026-10-01T00:06:40.577484Z,33532.3,45.3
337badaf-0c38-4200-a5a2-b66fec42e385,short,none,SUCCEEDED,1,ACKED,2026-10-01T00:06:07.007412Z,2026-10-01T00:06:41.316775Z,2026-10-01T00:06:41.361904Z,34309.4,45.1
180974b4-83fb-4930-937b-d67304116d8b,short,none,SUCCEEDED,1,ACKED,2026-10-01T00:06:07.011426Z,2026-10-01T00:06:41.701856Z,2026-10-01T00:06:41.731370Z,34690.4,29.5
e735fa5b-e7cc-4285-bf64-d2603fcbb860,short,none,SUCCEEDED,1,ACKED,2026-10-01T00:06:06.999900Z,2026-10-01T00:06:40.532178Z,2026-10-01T00:06:40.561887Z,33532.3,29.7
57fc595c-c9da-4eee-bfaa-a1129178b40c,short,none,SUCCEEDED,1,ACKED,2026-10-01T00:06:07.007412Z,2026-10-01T00:06:41.362500Z,2026-10-01T00:06:41.393050Z,34355.1,30.6
081d3c2c-677d-4317-8927-da5959b8f534,short,none,SUCCEEDED,1,ACKED,2026-10-01T00:06:07.011426Z,2026-10-01T00:06:41.716970Z,2026-10-01T00:06:41.731370Z,34705.5,14.4
76b3c3d7-cec4-4ae6-8521-5aaa388947b7,short,none,SUCCEEDED,1,ACKED,2026-10-01T00:06:07.003414Z,2026-10-01T00:06:40.624364Z,2026-10-01T00:06:40.655260Z,33621.0,30.9
da9d16d8-8d6a-459f-982a-da86ae6c42c2,short,none,SUCCEEDED,1,ACKED,2026-10-01T00:06:06.999900Z,2026-10-01T00:06:40.516515Z,2026-10-01T00:06:40.531606Z,33516.6,15.1
b907ebf2-7469-4044-a8c1-9fca621da214,short,none,SUCCEEDED,1,ACKED,2026-10-01T00:06:07.003414Z,2026-10-01T00:06:40.717027Z,2026-10-01T00:06:40.731114Z,33713.6,14.1
d02ed969-c593-4887-8d95-5f8ef56b0777,medium,none,SUCCEEDED,1,ACKED,2026-10-01T00:06:07.011426Z,2026-10-01T00:06:41.625129Z,2026-10-01T00:06:41.931663Z,34613.7,306.5
ee04d54c-0923-480c-8d66-e0ec1b426f85,medium,none,SUCCEEDED,1,ACKED,2026-10-01T00:06:07.014950Z,2026-10-01T00:06:41.747976Z,2026-10-01T00:06:41.994005Z,34733.0,246.0
8a9301ad-d0d2-4251-856f-70944669f8c0,short,none,SUCCEEDED,1,ACKED,2026-10-01T00:06:07.003414Z,2026-10-01T00:06:41.241304Z,2026-10-01T00:06:41.286334Z,34237.9,45.0
bd85d64d-c627-4627-b816-1a1cbe06f7a7,short,none,SUCCEEDED,1,ACKED,2026-10-01T00:06:07.011426Z,2026-10-01T00:06:41.578947Z,2026-10-01T00:06:41.624016Z,34567.5,45.1
6e1ad69a-c20e-4453-a4f8-9c41bfd997dc,short,none,SUCCEEDED,1,ACKED,2026-10-01T00:06:07.014950Z,2026-10-01T00:06:41.732489Z,2026-10-01T00:06:41.746975Z,34717.5,14.5
e38be8b4-60ab-42bd-9c32-a06d9cf377c7,short,none,SUCCEEDED,1,ACKED,2026-10-01T00:06:07.007412Z,2026-10-01T00:06:41.455471Z,2026-10-01T00:06:41.500389Z,34448.1,44.9
c41fd86d-89b3-42fe-9dc4-4eb9cd25e4fc,medium,transient,SUCCEEDED,1,NACKED,2026-10-01T00:06:07.003414Z,2026-10-01T00:06:41.056622Z,2026-10-01T00:06:41.240669Z,34053.2,184.0
c41fd86d-89b3-42fe-9dc4-4eb9cd25e4fc,medium,transient,SUCCEEDED,2,NACKED,2026-10-01T00:06:42.031669Z,2026-10-01T00:06:48.073116Z,2026-10-01T00:06:48.259166Z,6041.4,186.1
c41fd86d-89b3-42fe-9dc4-4eb9cd25e4fc,medium,transient,SUCCEEDED,3,ACKED,2026-10-01T00:06:49.627166Z,2026-10-01T00:06:49.649662Z,2026-10-01T00:06:49.835571Z,22.5,185.9
a28de9f0-fe7e-4eee-86e3-db6e375e336b,medium,transient,SUCCEEDED,1,NACKED,2026-10-01T00:06:07.007412Z,2026-10-01T00:06:41.501390Z,2026-10-01T00:06:41.624016Z,34494.0,122.6
a28de9f0-fe7e-4eee-86e3-db6e375e336b,medium,transient,SUCCEEDED,2,ACKED,2026-10-01T00:06:42.413016Z,2026-10-01T00:06:48.073116Z,2026-10-01T00:06:48.196767Z,5660.1,123.7
9e93e99f-c349-49e9-ac85-734f247fb31d,short,none,SUCCEEDED,1,ACKED,2026-10-01T00:06:07.014950Z,2026-10-01T00:06:41.762400Z,2026-10-01T00:06:41.808886Z,34747.5,46.5
20b49128-493c-4ae4-8923-52a22efc146e,short,none,SUCCEEDED,1,ACKED,2026-10-01T00:06:07.018551Z,2026-10-01T00:06:41.871248Z,2026-10-01T00:06:41.900915Z,34852.7,29.7
58ac44c3-999f-42be-8c1b-b3840d0bfaaf,short,none,SUCCEEDED,1,ACKED,2026-10-01T00:06:07.007412Z,2026-10-01T00:06:41.286334Z,2026-10-01T00:06:41.316775Z,34278.9,30.4
9f05b469-969b-4a30-a917-23811246e5d7,short,none,SUCCEEDED,1,ACKED,2026-10-01T00:06:07.014950Z,2026-10-01T00:06:41.732489Z,2026-10-01T00:06:41.762400Z,34717.5,29.9
27ce1956-6b71-49dc-9425-6e088883896b,short,none,SUCCEEDED,1,ACKED,2026-10-01T00:06:07.018551Z,2026-10-01T00:06:41.855265Z,2026-10-01T00:06:41.900915Z,34836.7,45.7
aa8a81f7-f88b-4110-97c4-0b3601634ac5,short,none,SUCCEEDED,1,ACKED,2026-10-01T00:06:07.011426Z,2026-10-01T00:06:41.687371Z,2026-10-01T00:06:41.715970Z,34675.9,28.6
1ec251f0-3859-4939-b366-d04dbc3c6e0c,short,transient,SUCCEEDED,1,NACKED,2026-10-01T00:06:07.007412Z,2026-10-01T00:06:41.394180Z,2026-10-01T00:06:41.439205Z,34386.8,45.0
1ec251f0-3859-4939-b366-d04dbc3c6e0c,short,transient,SUCCEEDED,2,ACKED,2026-10-01T00:06:42.016205Z,2026-10-01T00:06:48.059088Z,2026-10-01T00:06:48.103738Z,6042.9,44.7
9c520a01-2bc4-4580-98d5-81cf609d8030,short,none,SUCCEEDED,1,ACKED,2026-10-01T00:06:07.011426Z,2026-10-01T00:06:41.671703Z,2026-10-01T00:06:41.715970Z,34660.3,44.3
28187cf8-0c29-4ba4-a38f-701396aa07d5,short,none,SUCCEEDED,1,ACKED,2026-10-01T00:06:07.018551Z,2026-10-01T00:06:41.824609Z,2026-10-01T00:06:41.854265Z,34806.1,29.7
ebf3d0ad-27dd-4624-8f24-adf7d62b87f9,medium,none,SUCCEEDED,1,ACKED,2026-10-01T00:06:07.022640Z,2026-10-01T00:06:41.962886Z,2026-10-01T00:06:42.239314Z,34940.2,276.4
70b3d4e6-8b0d-4313-928b-4b12d399727c,short,none,SUCCEEDED,1,ACKED,2026-10-01T00:06:07.011426Z,2026-10-01T00:06:41.624618Z,2026-10-01T00:06:41.670699Z,34613.2,46.1
050aa508-6250-4b6a-90ac-16b3036bacbb,short,none,SUCCEEDED,1,ACKED,2026-10-01T00:06:07.018551Z,2026-10-01T00:06:41.900915Z,2026-10-01T00:06:41.931663Z,34882.4,30.7
dc35df0c-0157-4fd0-a104-3c1d80e3c27b,medium,none,SUCCEEDED,1,ACKED,2026-10-01T00:06:07.022640Z,2026-10-01T00:06:42.010065Z,2026-10-01T00:06:42.208151Z,34987.4,198.1
ef001e0d-7bff-4704-9a2c-6461e6e77c34,short,none,SUCCEEDED,1,ACKED,2026-10-01T00:06:07.014950Z,2026-10-01T00:06:41.793909Z,2026-10-01T00:06:41.839078Z,34779.0,45.2
978322e8-0ebd-4b24-9c0e-a097a9492f24,short,none,SUCCEEDED,1,ACKED,2026-10-01T00:06:07.011426Z,2026-10-01T00:06:41.547758Z,2026-10-01T00:06:41.577947Z,34536.3,30.2
9f5166da-4216-4131-9eaa-6594a0e04532,short,none,SUCCEEDED,1,ACKED,2026-10-01T00:06:07.014950Z,2026-10-01T00:06:41.810525Z,2026-10-01T00:06:41.824036Z,34795.6,13.5
6d66751c-d524-4d74-9c6a-3b3eee6cb8ab,medium,none,SUCCEEDED,1,ACKED,2026-10-01T00:06:07.022640Z,2026-10-01T00:06:41.932224Z,2026-10-01T00:06:42.162002Z,34909.6,229.8
77c40e46-66af-4655-85e8-b4ab17d6d70f,short,none,SUCCEEDED,1,ACKED,2026-10-01T00:06:07.025754Z,2026-10-01T00:06:42.193732Z,2026-10-01T00:06:42.239314Z,35168.0,45.6
d6219169-739a-4db2-afb6-14ceb02751ce,medium,none,SUCCEEDED,1,ACKED,2026-10-01T00:06:07.014950Z,2026-10-01T00:06:41.716970Z,2026-10-01T00:06:41.870256Z,34702.0,153.3
432cc95f-ada5-44f1-a725-3c34a24bdfe8,short,none,SUCCEEDED,1,ACKED,2026-10-01T00:06:07.022640Z,2026-10-01T00:06:41.995006Z,2026-10-01T00:06:42.024612Z,34972.4,29.6
c5216e8a-1a51-4a6d-a8a5-d5ab22e8712b,medium,transient,SUCCEEDED,1,NACKED,2026-10-01T00:06:07.025754Z,2026-10-01T00:06:42.193732Z,2026-10-01T00:06:42.378220Z,35168.0,184.5
c5216e8a-1a51-4a6d-a8a5-d5ab22e8712b,medium,transient,SUCCEEDED,2,ACKED,2026-10-01T00:06:43.137220Z,2026-10-01T00:06:48.119801Z,2026-10-01T00:06:48.305966Z,4982.6,186.2
7a6a6a8a-48ae-4188-a579-2dd93e87dc53,short,none,SUCCEEDED,1,ACKED,2026-10-01T00:06:07.018551Z,2026-10-01T00:06:41.900915Z,2026-10-01T00:06:41.962279Z,34882.4,61.4
6fed4e81-ff81-4642-b6d6-b2207fcb8af2,short,none,SUCCEEDED,1,ACKED,2026-10-01T00:06:07.014950Z,2026-10-01T00:06:41.809492Z,2026-10-01T00:06:41.870256Z,34794.5,60.8
99dc2ae8-08f8-4aeb-ba82-fde0b9b5aef4,medium,none,SUCCEEDED,1,ACKED,2026-10-01T00:06:07.018551Z,2026-10-01T00:06:41.870256Z,2026-10-01T00:06:42.162002Z,34851.7,291.7
90c9da29-780c-4339-95c8-48a35881afd0,long,none,SUCCEEDED,1,ACKED,2026-10-01T00:06:07.025754Z,2026-10-01T00:06:42.162849Z,2026-10-01T00:06:43.367536Z,35137.1,1204.7
637de86b-ea97-4853-bc83-b5f584eed2d0,short,none,SUCCEEDED,1,ACKED,2026-10-01T00:06:07.030031Z,2026-10-01T00:06:42.332061Z,2026-10-01T00:06:42.362633Z,35302.0,30.6
6b68b334-84c1-4ef3-ac15-82734ce0cb86,medium,none,SUCCEEDED,1,ACKED,2026-10-01T00:06:07.018551Z,2026-10-01T00:06:41.870256Z,2026-10-01T00:06:42.146563Z,34851.7,276.3
3cf45354-5607-468d-afe7-dad18682a14b,short,none,SUCCEEDED,1,ACKED,2026-10-01T00:06:07.025754Z,2026-10-01T00:06:42.146563Z,2026-10-01T00:06:42.193160Z,35120.8,46.6
54a32b5b-3771-44b4-8df6-a3444870ced0,medium,none,SUCCEEDED,1,ACKED,2026-10-01T00:06:07.030031Z,2026-10-01T00:06:42.317825Z,2026-10-01T00:06:42.623641Z,35287.8,305.8
7a8d749f-fbfc-4938-b621-a56e9d2f2226,medium,none,SUCCEEDED,1,ACKED,2026-10-01T00:06:07.023647Z,2026-10-01T00:06:42.146563Z,2026-10-01T00:06:42.331442Z,35122.9,184.9
c138fe76-40cf-498b-9c8e-02d8a88e024f,short,none,SUCCEEDED,1,ACKED,2026-10-01T00:06:07.018551Z,2026-10-01T00:06:41.839696Z,2026-10-01T00:06:41.870256Z,34821.1,30.6
92fa7957-dc55-4b33-a6a6-de819416f352,short,none,SUCCEEDED,1,ACKED,2026-10-01T00:06:07.022640Z,2026-10-01T00:06:41.932224Z,2026-10-01T00:06:41.962279Z,34909.6,30.1
c338d6b8-5a2f-4d01-b7c7-a538e6643182,short,none,SUCCEEDED,1,ACKED,2026-10-01T00:06:07.030031Z,2026-10-01T00:06:42.270690Z,2026-10-01T00:06:42.300921Z,35240.7,30.2
3e73788d-c794-49c0-894a-bc7384ea340f,medium,transient,SUCCEEDED,1,NACKED,2026-10-01T00:06:07.033768Z,2026-10-01T00:06:42.379224Z,2026-10-01T00:06:42.517626Z,35345.5,138.4
3e73788d-c794-49c0-894a-bc7384ea340f,medium,transient,SUCCEEDED,2,NACKED,2026-10-01T00:06:43.162626Z,2026-10-01T00:06:48.136168Z,2026-10-01T00:06:48.275187Z,4973.5,139.0
3e73788d-c794-49c0-894a-bc7384ea340f,medium,transient,SUCCEEDED,3,ACKED,2026-10-01T00:06:49.936187Z,2026-10-01T00:06:49.978981Z,2026-10-01T00:06:50.116018Z,42.8,137.0
32192dd9-b6b3-4c9d-a40d-e41af2a2149d,medium,transient,SUCCEEDED,1,NACKED,2026-10-01T00:06:07.022640Z,2026-10-01T00:06:42.025180Z,2026-10-01T00:06:42.146563Z,35002.5,121.4
32192dd9-b6b3-4c9d-a40d-e41af2a2149d,medium,transient,SUCCEEDED,2,ACKED,2026-10-01T00:06:42.845563Z,2026-10-01T00:06:48.104735Z,2026-10-01T00:06:48.227991Z,5259.2,123.3
68a44b2c-19fc-4622-b7c5-47692b0c5c1c,short,none,SUCCEEDED,1,ACKED,2026-10-01T00:06:07.030031Z,2026-10-01T00:06:42.363369Z,2026-10-01T00:06:42.409472Z,35333.3,46.1
257dc172-3389-4429-840f-efb35c6b3f2b,short,none,SUCCEEDED,1,ACKED,2026-10-01T00:06:07.033768Z,2026-10-01T00:06:42.379224Z,2026-10-01T00:06:42.425217Z,35345.5,46.0
8579dae3-ad78-46e7-a0a1-7da171e4ddb5,short,none,SUCCEEDED,1,ACKED,2026-10-01T00:06:07.025754Z,2026-10-01T00:06:42.240010Z,2026-10-01T00:06:42.300921Z,35214.3,60.9
27e53333-169e-492c-a9a5-555e0cd37dd9,short,none,SUCCEEDED,1,ACKED,2026-10-01T00:06:07.022640Z,2026-10-01T00:06:41.962886Z,2026-10-01T00:06:42.009562Z,34940.2,46.7
26b8f03f-4cfb-427d-8fa3-7393298f26d8,short,none,SUCCEEDED,1,ACKED,2026-10-01T00:06:07.025754Z,2026-10-01T00:06:42.224957Z,2026-10-01T00:06:42.254864Z,35199.2,29.9
71d0117f-61e6-481d-9786-4cb4c62e39af,short,none,SUCCEEDED,1,ACKED,2026-10-01T00:06:07.033768Z,2026-10-01T00:06:42.410472Z,2026-10-01T00:06:42.440598Z,35376.7,30.1
c9681eec-e087-4c61-9633-e9d4fcf4ea9b,short,permanent,FAILED,1,NACKED,2026-10-01T00:06:07.036959Z,2026-10-01T00:06:42.518631Z,2026-10-01T00:06:42.548516Z,35481.7,29.9
b652c030-2033-4d98-89ca-7cfb4f1d5dd8,short,none,SUCCEEDED,1,ACKED,2026-10-01T00:06:07.025754Z,2026-10-01T00:06:42.162849Z,2026-10-01T00:06:42.193160Z,35137.1,30.3
4a0674cb-24ca-4b0f-b927-5c578e0374c2,long,none,SUCCEEDED,1,ACKED,2026-10-01T00:06:07.033768Z,2026-10-01T00:06:42.441602Z,2026-10-01T00:06:43.944372Z,35407.8,1502.8
ec948187-c687-45ca-8c02-2618bdb0fca6,short,transient,SUCCEEDED,1,NACKED,2026-10-01T00:06:07.036959Z,2026-10-01T00:06:42.549744Z,2026-10-01T00:06:42.608388Z,35512.8,58.6
ec948187-c687-45ca-8c02-2618bdb0fca6,short,transient,SUCCEEDED,2,ACKED,2026-10-01T00:06:43.270388Z,2026-10-01T00:06:48.197772Z,2026-10-01T00:06:48.259166Z,4927.4,61.4
19cfb97c-332c-4781-9601-bdfbd69f3ab2,short,transient,SUCCEEDED,1,NACKED,2026-10-01T00:06:07.030031Z,2026-10-01T00:06:42.240010Z,2026-10-01T00:06:42.270083Z,35210.0,30.1
19cfb97c-332c-4781-9601-bdfbd69f3ab2,short,transient,SUCCEEDED,2,NACKED,2026-10-01T00:06:43.187083Z,2026-10-01T00:06:48.136679Z,2026-10-01T00:06:48.166216Z,4949.6,29.5
19cfb97c-332c-4781-9601-bdfbd69f3ab2,short,transient,SUCCEEDED,3,ACKED,2026-10-01T00:06:49.919216Z,2026-10-01T00:06:49.978981Z,2026-10-01T00:06:50.007518Z,59.8,28.5
76481428-104a-420f-8f45-a072ba840a1b,medium,none,SUCCEEDED,1,ACKED,2026-10-01T00:06:07.025754Z,2026-10-01T00:06:42.208795Z,2026-10-01T00:06:42.486497Z,35183.0,277.7
4e6e2ec4-7fb4-4e2e-a0ba-3adaacae0774,medium,transient,SUCCEEDED,1,NACKED,2026-10-01T00:06:07.030031Z,2026-10-01T00:06:42.301922Z,2026-10-01T00:06:42.502086Z,35271.9,200.2
4e6e2ec4-7fb4-4e2e-a0ba-3adaacae0774,medium,transient,SUCCEEDED,2,NACKED,2026-10-01T00:06:43.216086Z,2026-10-01T00:06:48.151705Z,2026-10-01T00:06:48.352693Z,4935.6,201.0
4e6e2ec4-7fb4-4e2e-a0ba-3adaacae0774,medium,transient,SUCCEEDED,3,ACKED,2026-10-01T00:06:49.367693Z,2026-10-01T00:06:49.432294Z,2026-10-01T00:06:49.632649Z,64.6,200.4
06daa348-a642-4de7-b5fa-2b6d1938ee26,short,none,SUCCEEDED,1,ACKED,2026-10-01T00:06:07.036959Z,2026-10-01T00:06:42.579449Z,2026-10-01T00:06:42.608388Z,35542.5,28.9
f57bbbde-96bd-4873-9e93-8d3cb756c861,short,none,SUCCEEDED,1,ACKED,2026-10-01T00:06:07.040650Z,2026-10-01T00:06:42.655138Z,2026-10-01T00:06:42.700228Z,35614.5,45.1
359e8eb6-366a-489f-a25b-2a1975565704,short,none,SUCCEEDED,1,ACKED,2026-10-01T00:06:07.030031Z,2026-10-01T00:06:42.255865Z,2026-10-01T00:06:42.316575Z,35225.8,60.7
77c6f4d3-899c-47b0-8bb4-66b846b36498,short,none,SUCCEEDED,1,ACKED,2026-10-01T00:06:07.036959Z,2026-10-01T00:06:42.503181Z,2026-10-01T00:06:42.532931Z,35466.2,29.8
eed41f8c-d849-4be6-8c9e-f1d0cb3ee5a8,short,none,SUCCEEDED,1,ACKED,2026-10-01T00:06:07.040650Z,2026-10-01T00:06:42.685258Z,2026-10-01T00:06:42.746513Z,35644.6,61.3
7e47d39f-5acd-4aa4-aaf0-53b8caae9cd6,short,none,SUCCEEDED,1,ACKED,2026-10-01T00:06:07.033768Z,2026-10-01T00:06:42.426219Z,2026-10-01T00:06:42.455841Z,35392.5,29.6
c8a3756d-39c6-40aa-a055-2ef4fe8002e2,short,none,SUCCEEDED,1,ACKED,2026-10-01T00:06:07.030031Z,2026-10-01T00:06:42.301922Z,2026-10-01T00:06:42.362633Z,35271.9,60.7
2e0d88a5-126a-4473-bb1f-98fb420b7021,short,none,SUCCEEDED,1,ACKED,2026-10-01T00:06:07.033768Z,2026-10-01T00:06:42.487097Z,2026-10-01T00:06:42.532931Z,35453.3,45.8
b6d77d80-e473-4bf6-b948-4cff684fc112,medium,none,SUCCEEDED,1,ACKED,2026-10-01T00:06:07.040650Z,2026-10-01T00:06:42.609390Z,2026-10-01T00:06:42.884785Z,35568.7,275.4
d382ae0e-a422-43dc-a11a-761014908a26,short,none,SUCCEEDED,1,ACKED,2026-10-01T00:06:07.043443Z,2026-10-01T00:06:42.793959Z,2026-10-01T00:06:42.837991Z,35750.5,44.0
293b94b2-0b6c-4101-b422-a7eee464cbbe,medium,none,SUCCEEDED,1,ACKED,2026-10-01T00:06:07.033768Z,2026-10-01T00:06:42.363369Z,2026-10-01T00:06:42.623641Z,35329.6,260.3
c5ef658c-7db9-4346-8ef8-73c7f47c4152,short,none,SUCCEEDED,1,ACKED,2026-10-01T00:06:07.040650Z,2026-10-01T00:06:42.670728Z,2026-10-01T00:06:42.684608Z,35630.1,13.9
6bb7e178-8cdf-4b08-9046-2fc01e4a93c3,short,none,SUCCEEDED,1,ACKED,2026-10-01T00:06:07.043443Z,2026-10-01T00:06:42.808788Z,2026-10-01T00:06:42.853287Z,35765.3,44.5
2a2b5f2f-f830-4ef4-b84c-f83349d27b21,medium,none,SUCCEEDED,1,ACKED,2026-10-01T00:06:07.036959Z,2026-10-01T00:06:42.549219Z,2026-10-01T00:06:42.761883Z,35512.3,212.7
615395e1-2da8-42a7-9533-c77a8e2de7d1,short,transient,SUCCEEDED,1,NACKED,2026-10-01T00:06:07.033768Z,2026-10-01T00:06:42.456974Z,2026-10-01T00:06:42.517626Z,35423.2,60.7
615395e1-2da8-42a7-9533-c77a8e2de7d1,short,transient,SUCCEEDED,2,ACKED,2026-10-01T00:06:43.259626Z,2026-10-01T00:06:48.167215Z,2026-10-01T00:06:48.227991Z,4907.6,60.8
ce4f01e5-a8be-4f2f-b999-ddfebfd8e6c4,medium,none,SUCCEEDED,1,ACKED,2026-10-01T00:06:07.036959Z,2026-10-01T00:06:42.533520Z,2026-10-01T00:06:42.654116Z,35496.6,120.6
ed99d301-c547-473d-bd63-03c8567b199c,medium,none,SUCCEEDED,1,ACKED,2026-10-01T00:06:07.043443Z,2026-10-01T00:06:42.701230Z,2026-10-01T00:06:42.884785Z,35657.8,183.6
2c9037a7-a1e4-467a-8295-190a4be8dac9,short,none,SUCCEEDED,1,ACKED,2026-10-01T00:06:07.047444Z,2026-10-01T00:06:42.853871Z,2026-10-01T00:06:42.884785Z,35806.4,30.9
5e8af9a7-cbb1-4d9e-ae36-d0c05bd612d0,short,none,SUCCEEDED,1,ACKED,2026-10-01T00:06:07.036959Z,2026-10-01T00:06:42.533520Z,2026-10-01T00:06:42.578946Z,35496.6,45.4
57b849fe-d8ee-4859-b0a8-3874cecc2b85,short,none,SUCCEEDED,1,ACKED,2026-10-01T00:06:07.043443Z,2026-10-01T00:06:42.701230Z,2026-10-01T00:06:42.746513Z,35657.8,45.3
1eda5684-f03b-4e9d-a189-bdc014b2d2bc,medium,none,SUCCEEDED,1,ACKED,2026-10-01T00:06:07.047444Z,2026-10-01T00:06:42.885786Z,2026-10-01T00:06:43.024764Z,35838.3,139.0
6096b2ea-0359-4747-8051-b6dd3d419082,short,none,SUCCEEDED,1,ACKED,2026-10-01T00:06:07.040650Z,2026-10-01T00:06:42.624782Z,2026-10-01T00:06:42.654116Z,35584.1,29.3
474d9bef-b402-436e-a0e0-a01cdb3d882b,short,none,SUCCEEDED,1,ACKED,2026-10-01T00:06:07.036959Z,2026-10-01T00:06:42.518631Z,2026-10-01T00:06:42.548516Z,35481.7,29.9
9f4a8474-bc39-41bf-9d22-b1bd7ee347ba,short,none,SUCCEEDED,1,ACKED,2026-10-01T00:06:07.040650Z,2026-10-01T00:06:42.624782Z,2026-10-01T00:06:42.669314Z,35584.1,44.5
096ad30f-c07a-4b6f-9ce4-13dcab29dec7,medium,none,SUCCEEDED,1,ACKED,2026-10-01T00:06:07.047444Z,2026-10-01T00:06:42.824150Z,2026-10-01T00:06:43.102768Z,35776.7,278.6
275bab06-b4bf-4858-8678-d5863e07e4fd,medium,none,SUCCEEDED,1,ACKED,2026-10-01T00:06:07.050444Z,2026-10-01T00:06:42.932688Z,2026-10-01T00:06:43.210925Z,35882.2,278.2
a3ebd2d4-5879-4650-accf-b146d6bbd9f2,medium,none,SUCCEEDED,1,ACKED,2026-10-01T00:06:07.040650Z,2026-10-01T00:06:42.609390Z,2026-10-01T00:06:42.807560Z,35568.7,198.2
ba9882fd-7a52-4314-8081-60bc02756b75,short,none,SUCCEEDED,1,ACKED,2026-10-01T00:06:07.047444Z,2026-10-01T00:06:42.915630Z,2026-10-01T00:06:42.931974Z,35868.2,16.3
4f0a4a85-f754-4bf2-80ef-f86dfb68e58c,short,none,SUCCEEDED,1,ACKED,2026-10-01T00:06:07.050444Z,2026-10-01T00:06:43.180243Z,2026-10-01T00:06:43.195777Z,36129.8,15.5
5f5a2e3b-1872-4371-b0e8-30cab5ed7aeb,short,none,SUCCEEDED,1,ACKED,2026-10-01T00:06:07.043443Z,2026-10-01T00:06:42.747200Z,2026-10-01T00:06:42.792314Z,35703.8,45.1
09337cc7-6120-4226-a36e-8c4838e53043,short,none,SUCCEEDED,1,ACKED,2026-10-01T00:06:07.040650Z,2026-10-01T00:06:42.655138Z,2026-10-01T00:06:42.700228Z,35614.5,45.1
19b57086-9b29-40c2-9055-7c50a032f11a,short,none,SUCCEEDED,1,ACKED,2026-10-01T00:06:07.043443Z,2026-10-01T00:06:42.762882Z,2026-10-01T00:06:42.822834Z,35719.4,60.0
34e3cb2c-d23c-4096-abb4-a0d7ef279682,short,none,SUCCEEDED,1,ACKED,2026-10-01T00:06:07.050444Z,2026-10-01T00:06:43.196412Z,2026-10-01T00:06:43.243040Z,36146.0,46.6
33ff4cba-8996-4168-a3a7-09e749419993,short,none,SUCCEEDED,1,ACKED,2026-10-01T00:06:07.053956Z,2026-10-01T00:06:43.368537Z,2026-10-01T00:06:43.414818Z,36314.6,46.3
75d79f07-5396-4021-8d1f-cc689e3eb088,long,none,SUCCEEDED,1,ACKED,2026-10-01T00:06:07.043443Z,2026-10-01T00:06:42.778143Z,2026-10-01T00:06:44.038863Z,35734.7,1260.7
ad6bf897-f4e2-4839-a878-f7d755fbe0cc,short,none,SUCCEEDED,1,ACKED,2026-10-01T00:06:07.050444Z,2026-10-01T00:06:43.180243Z,2026-10-01T00:06:43.195777Z,36129.8,15.5
9dd280d0-0094-4eec-aa58-dabbb4d87f50,long,none,SUCCEEDED,1,ACKED,2026-10-01T00:06:07.053956Z,2026-10-01T00:06:43.243594Z,2026-10-01T00:06:45.129910Z,36189.6,1886.3
658f8a1f-e7c3-4d19-8843-3aedc3fa1ef6,medium,transient,SUCCEEDED,1,NACKED,2026-10-01T00:06:07.047444Z,2026-10-01T00:06:42.885786Z,2026-10-01T00:06:43.179241Z,35838.3,293.5
658f8a1f-e7c3-4d19-8843-3aedc3fa1ef6,medium,transient,SUCCEEDED,2,ACKED,2026-10-01T00:06:43.754241Z,2026-10-01T00:06:48.229109Z,2026-10-01T00:06:48.524024Z,4474.9,294.9
5c8648cd-36f6-4073-8b02-13f5d8b32f4a,short,none,SUCCEEDED,1,ACKED,2026-10-01T00:06:07.043443Z,2026-10-01T00:06:42.747722Z,2026-10-01T00:06:42.777408Z,35704.3,29.7
8e4f5feb-c556-4368-ae2c-7d386eb0c783,medium,none,SUCCEEDED,1,ACKED,2026-10-01T00:06:07.047444Z,2026-10-01T00:06:42.885786Z,2026-10-01T00:06:43.163950Z,35838.3,278.2
600a5320-6d4f-48c0-8c9b-cddea5335d66,short,none,SUCCEEDED,1,ACKED,2026-10-01T00:06:07.053956Z,2026-10-01T00:06:43.210925Z,2026-10-01T00:06:43.243040Z,36157.0,32.1
393ece8c-ba6d-4ef6-871b-8ea3b371ef51,medium,transient,SUCCEEDED,1,NACKED,2026-10-01T00:06:07.057957Z,2026-10-01T00:06:43.383704Z,2026-10-01T00:06:43.650178Z,36325.7,266.5
393ece8c-ba6d-4ef6-871b-8ea3b371ef51,medium,transient,SUCCEEDED,2,ACKED,2026-10-01T00:06:44.398178Z,2026-10-01T00:06:48.260168Z,2026-10-01T00:06:48.524024Z,3862.0,263.9
9ad607f1-3764-47b7-b60f-73a5ec1fae83,short,permanent,FAILED,1,NACKED,2026-10-01T00:06:07.047444Z,2026-10-01T00:06:42.838817Z,2026-10-01T00:06:42.884785Z,35791.4,46.0
e44e7f9e-7c07-43c9-b4fa-7aeaaf01a60b,medium,none,SUCCEEDED,1,ACKED,2026-10-01T00:06:07.053956Z,2026-10-01T00:06:43.290699Z,2026-10-01T00:06:43.587973Z,36236.7,297.3
57e8014f-8e42-4c9c-97ea-797d8bcb5838,short,none,SUCCEEDED,1,ACKED,2026-10-01T00:06:07.057957Z,2026-10-01T00:06:43.383704Z,2026-10-01T00:06:43.430361Z,36325.7,46.7
ecfd1071-8a25-431b-8899-4c8cdf5729c2,medium,transient,SUCCEEDED,1,NACKED,2026-10-01T00:06:07.050444Z,2026-10-01T00:06:43.102768Z,2026-10-01T00:06:43.336014Z,36052.3,233.2
ecfd1071-8a25-431b-8899-4c8cdf5729c2,medium,transient,SUCCEEDED,2,NACKED,2026-10-01T00:06:44.192014Z,2026-10-01T00:06:48.260168Z,2026-10-01T00:06:48.492413Z,4068.2,232.2
ecfd1071-8a25-431b-8899-4c8cdf5729c2,medium,transient,SUCCEEDED,3,ACKED,2026-10-01T00:06:49.548413Z,2026-10-01T00:06:49.649662Z,2026-10-01T00:06:49.882448Z,101.2,232.8
221fe886-1036-4386-ac7a-7df03cb3b88e,short,none,SUCCEEDED,1,ACKED,2026-10-01T00:06:07.047444Z,2026-10-01T00:06:42.885786Z,2026-10-01T00:06:42.915630Z,35838.3,29.8
40cb12bc-a008-4451-8de8-7e8bfe36020b,medium,none,SUCCEEDED,1,ACKED,2026-10-01T00:06:07.050444Z,2026-10-01T00:06:43.025594Z,2026-10-01T00:06:43.179241Z,35975.2,153.6
e442b631-7d1a-4be0-bfe9-7b7a5bf9d47b,long,none,SUCCEEDED,1,ACKED,2026-10-01T00:06:07.057957Z,2026-10-01T00:06:43.462884Z,2026-10-01T00:06:45.284390Z,36404.9,1821.5
6d82fbb2-418f-40c3-b722-d55390100d94,short,none,SUCCEEDED,1,ACKED,2026-10-01T00:06:07.060958Z,2026-10-01T00:06:43.619654Z,2026-10-01T00:06:43.680617Z,36558.7,61.0
1c784b0e-e838-4e31-b12b-3cf360e880b9,short,transient,SUCCEEDED,1,NACKED,2026-10-01T00:06:07.050444Z,2026-10-01T00:06:43.164955Z,2026-10-01T00:06:43.195777Z,36114.5,30.8
1c784b0e-e838-4e31-b12b-3cf360e880b9,short,transient,SUCCEEDED,2,ACKED,2026-10-01T00:06:43.803777Z,2026-10-01T00:06:48.229109Z,2026-10-01T00:06:48.259166Z,4425.3,30.1
c6cda252-4b03-4695-8f57-0c83e83fd74e,short,none,SUCCEEDED,1,ACKED,2026-10-01T00:06:07.057957Z,2026-10-01T00:06:43.431362Z,2026-10-01T00:06:43.446373Z,36373.4,15.0
1e7c6563-69cd-4806-87de-bf44ac48c55c,medium,transient,SUCCEEDED,1,NACKED,2026-10-01T00:06:07.060958Z,2026-10-01T00:06:43.494426Z,2026-10-01T00:06:43.742509Z,36433.5,248.1
1e7c6563-69cd-4806-87de-bf44ac48c55c,medium,transient,SUCCEEDED,2,ACKED,2026-10-01T00:06:44.600509Z,2026-10-01T00:06:48.277184Z,2026-10-01T00:06:48.524024Z,3676.7,246.8
a3237d79-29ab-446a-bd11-210c8b7aab33,short,none,SUCCEEDED,1,ACKED,2026-10-01T00:06:07.053956Z,2026-10-01T00:06:43.243594Z,2026-10-01T00:06:43.289194Z,36189.6,45.6
103806fb-4777-4be9-bf22-83cb3136da5b,medium,none,SUCCEEDED,1,ACKED,2026-10-01T00:06:07.050444Z,2026-10-01T00:06:43.196412Z,2026-10-01T00:06:43.477778Z,36146.0,281.4
0b649bb8-b706-469d-b6f8-8a50769a57b9,short,none,SUCCEEDED,1,ACKED,2026-10-01T00:06:07.053956Z,2026-10-01T00:06:43.337013Z,2026-10-01T00:06:43.383202Z,36283.1,46.2
8e7af46f-0938-41e3-ab8c-e28f636db601,short,none,SUCCEEDED,1,ACKED,2026-10-01T00:06:07.060958Z,2026-10-01T00:06:43.478907Z,2026-10-01T00:06:43.508893Z,36417.9,30.0
f46119f7-c034-4654-8b6e-79c329817bad,medium,none,SUCCEEDED,1,ACKED,2026-10-01T00:06:07.064468Z,2026-10-01T00:06:43.681121Z,2026-10-01T00:06:43.928826Z,36616.7,247.7
270e6f32-6f20-46fd-adbb-62db7ab89b5e,short,none,SUCCEEDED,1,ACKED,2026-10-01T00:06:07.053956Z,2026-10-01T00:06:43.196412Z,2026-10-01T00:06:43.210925Z,36142.5,14.5
d17c8bba-cea9-46f7-a052-1f1798cbe4d7,short,none,SUCCEEDED,1,ACKED,2026-10-01T00:06:07.060958Z,2026-10-01T00:06:43.574027Z,2026-10-01T00:06:43.618653Z,36513.1,44.6
f52e32db-1a86-4b2a-aba2-129005ee9ee0,short,none,SUCCEEDED,1,ACKED,2026-10-01T00:06:07.064468Z,2026-10-01T00:06:43.759024Z,2026-10-01T00:06:43.789383Z,36694.6,30.4
5f70a029-7e19-44a9-b781-cf7533903fcd,short,none,SUCCEEDED,1,ACKED,2026-10-01T00:06:07.057957Z,2026-10-01T00:06:43.447377Z,2026-10-01T00:06:43.461884Z,36389.4,14.5
7f028b82-a198-412e-aa0d-72c1577676d5,medium,none,SUCCEEDED,1,ACKED,2026-10-01T00:06:07.053956Z,2026-10-01T00:06:43.210925Z,2026-10-01T00:06:43.383202Z,36157.0,172.3
05711207-60da-4931-a21d-82c5b2b2093f,short,transient,SUCCEEDED,1,NACKED,2026-10-01T00:06:07.057957Z,2026-10-01T00:06:43.462884Z,2026-10-01T00:06:43.493423Z,36404.9,30.5
05711207-60da-4931-a21d-82c5b2b2093f,short,transient,SUCCEEDED,2,ACKED,2026-10-01T00:06:44.309423Z,2026-10-01T00:06:48.260168Z,2026-10-01T00:06:48.290454Z,3950.7,30.3
0fd65274-378a-4700-8dad-548a0086cb1e,short,none,SUCCEEDED,1,ACKED,2026-10-01T00:06:07.064468Z,2026-10-01T00:06:43.790383Z,2026-10-01T00:06:43.820562Z,36725.9,30.2
bdad41b1-6a9e-42a3-a3e0-c6c2cbe02602,medium,none,SUCCEEDED,1,ACKED,2026-10-01T00:06:07.068468Z,2026-10-01T00:06:43.945370Z,2026-10-01T00:06:44.195146Z,36876.9,249.8
2b51786d-6c05-4481-adac-8625c1d913bf,short,none,SUCCEEDED,1,ACKED,2026-10-01T00:06:07.057957Z,2026-10-01T00:06:43.447377Z,2026-10-01T00:06:43.461884Z,36389.4,14.5
169493c1-958b-4b63-9f09-bc573622f012,medium,none,SUCCEEDED,1,ACKED,2026-10-01T00:06:07.064468Z,2026-10-01T00:06:43.743509Z,2026-10-01T00:06:43.991579Z,36679.0,248.1
5980a8d9-13cd-4636-9470-3bdde6f913d2,short,none,SUCCEEDED,1,ACKED,2026-10-01T00:06:07.068468Z,2026-10-01T00:06:43.992580Z,2026-10-01T00:06:44.038863Z,36924.1,46.3
04f1181f-715c-410f-9142-8d6738e620da,short,none,SUCCEEDED,1,ACKED,2026-10-01T00:06:07.060958Z,2026-10-01T00:06:43.651177Z,2026-10-01T00:06:43.696447Z,36590.2,45.3
5eeba160-b5b0-4633-99ea-7f4dd8ec7d1a,short,none,SUCCEEDED,1,ACKED,2026-10-01T00:06:07.057957Z,2026-10-01T00:06:43.414818Z,2026-10-01T00:06:43.446373Z,36356.9,31.6
35e937a3-ccaa-49f3-bdc2-9256ae0622c1,short,none,SUCCEEDED,1,ACKED,2026-10-01T00:06:07.060958Z,2026-10-01T00:06:43.509898Z,2026-10-01T00:06:43.573023Z,36448.9,63.1
3195fdd6-5e46-46f1-8aea-8043db4b998e,short,none,SUCCEEDED,1,ACKED,2026-10-01T00:06:07.068468Z,2026-10-01T00:06:44.008319Z,2026-10-01T00:06:44.054231Z,36939.9,45.9
023622e0-69c7-4b22-82c1-9e4ce0667e37,short,transient,DEAD_LETTER,1,NACKED,2026-10-01T00:06:07.071985Z,2026-10-01T00:06:44.070779Z,2026-10-01T00:06:44.117667Z,36998.8,46.9
023622e0-69c7-4b22-82c1-9e4ce0667e37,short,transient,DEAD_LETTER,2,NACKED,2026-10-01T00:06:44.630667Z,2026-10-01T00:06:48.291454Z,2026-10-01T00:06:48.336662Z,3660.8,45.2
023622e0-69c7-4b22-82c1-9e4ce0667e37,short,transient,DEAD_LETTER,3,NACKED,2026-10-01T00:06:49.681662Z,2026-10-01T00:06:49.757574Z,2026-10-01T00:06:49.804185Z,75.9,46.6
1856236f-ac4b-4536-a654-ba3414f4dd9c,short,none,SUCCEEDED,1,ACKED,2026-10-01T00:06:07.060958Z,2026-10-01T00:06:43.619654Z,2026-10-01T00:06:43.665662Z,36558.7,46.0
9d987455-8dc9-42bd-974b-5195f93fdd46,medium,none,SUCCEEDED,1,ACKED,2026-10-01T00:06:07.069467Z,2026-10-01T00:06:44.039866Z,2026-10-01T00:06:44.179987Z,36970.4,140.1
463fc8db-58da-42d2-992a-a89f0a6c5740,short,none,SUCCEEDED,1,ACKED,2026-10-01T00:06:07.071985Z,2026-10-01T00:06:44.102791Z,2026-10-01T00:06:44.149228Z,37030.8,46.4
76c34f58-c946-41e3-b315-f384b7cca735,medium,none,SUCCEEDED,1,ACKED,2026-10-01T00:06:07.064468Z,2026-10-01T00:06:43.681121Z,2026-10-01T00:06:43.959891Z,36616.7,278.8
c62299aa-88f9-43df-be04-46a926daf6ec,short,none,SUCCEEDED,1,ACKED,2026-10-01T00:06:07.060958Z,2026-10-01T00:06:43.588974Z,2026-10-01T00:06:43.618653Z,36528.0,29.7
944e8750-de44-4d6c-ab52-1a9dd5ee4831,medium,none,SUCCEEDED,1,ACKED,2026-10-01T00:06:07.064468Z,2026-10-01T00:06:43.821563Z,2026-10-01T00:06:44.070059Z,36757.1,248.5
932b149c-721b-413b-9709-ff98968a9af9,long,none,SUCCEEDED,1,ACKED,2026-10-01T00:06:07.071985Z,2026-10-01T00:06:44.070779Z,2026-10-01T00:06:45.661190Z,36998.8,1590.4
52d5702f-a75d-4166-bee5-a5861519523c,short,none,SUCCEEDED,1,ACKED,2026-10-01T00:06:07.075049Z,2026-10-01T00:06:44.181361Z,2026-10-01T00:06:44.241431Z,37106.3,60.1
3b270762-1bfa-4455-b8e2-aede2abad18a,short,none,SUCCEEDED,1,ACKED,2026-10-01T00:06:07.064468Z,2026-10-01T00:06:43.665662Z,2026-10-01T00:06:43.680617Z,36601.2,15.0
f4b9a8b0-c29b-4739-bde2-29757e87def0,short,none,SUCCEEDED,1,ACKED,2026-10-01T00:06:07.071985Z,2026-10-01T00:06:44.118671Z,2026-10-01T00:06:44.149228Z,37046.7,30.6
f75ed6b8-7175-4afc-beda-49914ec85fa8,short,none,SUCCEEDED,1,ACKED,2026-10-01T00:06:07.075049Z,2026-10-01T00:06:44.195650Z,2026-10-01T00:06:44.256573Z,37120.6,60.9
aef78b08-8326-415e-baa1-11d56d429643,short,none,SUCCEEDED,1,ACKED,2026-10-01T00:06:07.068468Z,2026-10-01T00:06:43.992580Z,2026-10-01T00:06:44.038863Z,36924.1,46.3
406e48f7-9770-4acc-bce8-240b1a74ea15,short,none,SUCCEEDED,1,ACKED,2026-10-01T00:06:07.064468Z,2026-10-01T00:06:43.697447Z,2026-10-01T00:06:43.758024Z,36633.0,60.6
09b58e38-9f51-4b3a-b2e0-4d246cbb5fa9,short,none,SUCCEEDED,1,ACKED,2026-10-01T00:06:07.068468Z,2026-10-01T00:06:44.039866Z,2026-10-01T00:06:44.085912Z,36971.4,46.0
c59a6ef9-e98a-41ea-a0e2-2dd20a381f35,short,transient,DEAD_LETTER,1,NACKED,2026-10-01T00:06:07.075049Z,2026-10-01T00:06:44.150241Z,2026-10-01T00:06:44.179987Z,37075.2,29.7
c59a6ef9-e98a-41ea-a0e2-2dd20a381f35,short,transient,DEAD_LETTER,2,NACKED,2026-10-01T00:06:44.894987Z,2026-10-01T00:06:48.306969Z,2026-10-01T00:06:48.336662Z,3412.0,29.7
c59a6ef9-e98a-41ea-a0e2-2dd20a381f35,short,transient,DEAD_LETTER,3,NACKED,2026-10-01T00:06:49.523662Z,2026-10-01T00:06:49.541401Z,2026-10-01T00:06:49.570963Z,17.7,29.6
10480439-ad78-485a-8a65-864af316cdc2,short,none,SUCCEEDED,1,ACKED,2026-10-01T00:06:07.079051Z,2026-10-01T00:06:44.379823Z,2026-10-01T00:06:44.410438Z,37300.8,30.6
76aef3d7-749f-4631-91d0-192818a21be0,short,none,SUCCEEDED,1,ACKED,2026-10-01T00:06:07.068468Z,2026-10-01T00:06:43.928826Z,2026-10-01T00:06:43.991579Z,36860.4,62.8
bb81fd20-04a6-47be-a5d7-f081cdc90373,short,none,SUCCEEDED,1,ACKED,2026-10-01T00:06:07.075049Z,2026-10-01T00:06:44.212246Z,2026-10-01T00:06:44.241431Z,37137.2,29.2
d67ee3a0-7490-4491-91b8-dad5366abc86,short,none,SUCCEEDED,1,ACKED,2026-10-01T00:06:07.079051Z,2026-10-01T00:06:44.318278Z,2026-10-01T00:06:44.363830Z,37239.2,45.6
aec205e3-ed4f-4d99-866a-9a00f7f0f38d,short,none,SUCCEEDED,1,ACKED,2026-10-01T00:06:07.071985Z,2026-10-01T00:06:44.118671Z,2026-10-01T00:06:44.179987Z,37046.7,61.3
c786184b-e35c-4c39-b3e4-86166b5c9ac8,short,none,SUCCEEDED,1,ACKED,2026-10-01T00:06:07.068468Z,2026-10-01T00:06:43.961397Z,2026-10-01T00:06:44.007606Z,36892.9,46.2
0efdf15a-90d7-44c6-ad1d-2b501c93388b,short,none,SUCCEEDED,1,ACKED,2026-10-01T00:06:07.071985Z,2026-10-01T00:06:44.086590Z,2026-10-01T00:06:44.117667Z,37014.6,31.1
e9e37b1f-c74f-45ea-b67d-bb5c4547e68f,short,none,SUCCEEDED,1,ACKED,2026-10-01T00:06:07.079051Z,2026-10-01T00:06:44.256573Z,2026-10-01T00:06:44.302408Z,37177.5,45.8
e8bb544d-42da-4adb-acb1-45dae3c68522,short,none,SUCCEEDED,1,ACKED,2026-10-01T00:06:07.082074Z,2026-10-01T00:06:44.458501Z,2026-10-01T00:06:44.504376Z,37376.4,45.9
9251bc24-823f-4bf2-aee6-ffaaec1d1957,short,none,SUCCEEDED,1,ACKED,2026-10-01T00:06:07.071985Z,2026-10-01T00:06:44.039866Z,2026-10-01T00:06:44.070059Z,36967.9,30.2
ba834973-86f3-46c9-9f18-1378866a1b9c,short,none,SUCCEEDED,1,ACKED,2026-10-01T00:06:07.079051Z,2026-10-01T00:06:44.364832Z,2026-10-01T00:06:44.394404Z,37285.8,29.6
b14cb1db-7a6c-4638-8e56-5ac7d723306b,medium,transient,SUCCEEDED,1,NACKED,2026-10-01T00:06:07.082074Z,2026-10-01T00:06:44.395123Z,2026-10-01T00:06:44.675611Z,37313.0,280.5
b14cb1db-7a6c-4638-8e56-5ac7d723306b,medium,transient,SUCCEEDED,2,ACKED,2026-10-01T00:06:45.401611Z,2026-10-01T00:06:48.353691Z,2026-10-01T00:06:48.634011Z,2952.1,280.3
80832cfc-315f-4d5c-a65e-009e7c3875f9,medium,none,SUCCEEDED,1,ACKED,2026-10-01T00:06:07.075049Z,2026-10-01T00:06:44.180358Z,2026-10-01T00:06:44.410438Z,37105.3,230.1
d4dc9234-358f-48a1-8306-a4e4b1cbc1b8,short,none,SUCCEEDED,1,ACKED,2026-10-01T00:06:07.071985Z,2026-10-01T00:06:44.054735Z,2026-10-01T00:06:44.101792Z,36982.8,47.1
f8e9c083-0749-43a3-8e6d-2edf298ea98f,medium,none,SUCCEEDED,1,ACKED,2026-10-01T00:06:07.075049Z,2026-10-01T00:06:44.180358Z,2026-10-01T00:06:44.317715Z,37105.3,137.4
9803de41-257c-403a-8670-96377e0d26bc,short,none,SUCCEEDED,1,ACKED,2026-10-01T00:06:07.082074Z,2026-10-01T00:06:44.442472Z,2026-10-01T00:06:44.504376Z,37360.4,61.9
66bb3ba1-2692-412f-b3f7-ac28a26af2f8,short,none,SUCCEEDED,1,ACKED,2026-10-01T00:06:07.086215Z,2026-10-01T00:06:44.661596Z,2026-10-01T00:06:44.721917Z,37575.4,60.3
d24178fb-8dc5-498c-b6aa-3b511a84b35a,medium,none,SUCCEEDED,1,ACKED,2026-10-01T00:06:07.075049Z,2026-10-01T00:06:44.241933Z,2026-10-01T00:06:44.363830Z,37166.9,121.9
94519555-fc36-4be9-8f65-e45c16235e14,short,none,SUCCEEDED,1,ACKED,2026-10-01T00:06:07.082074Z,2026-10-01T00:06:44.411437Z,2026-10-01T00:06:44.441467Z,37329.4,30.0
afcfb112-d147-41d5-9396-63bb50dbd78d,short,transient,SUCCEEDED,1,NACKED,2026-10-01T00:06:07.086215Z,2026-10-01T00:06:44.676128Z,2026-10-01T00:06:44.690785Z,37589.9,14.7
afcfb112-d147-41d5-9396-63bb50dbd78d,short,transient,SUCCEEDED,2,NACKED,2026-10-01T00:06:45.402785Z,2026-10-01T00:06:48.384056Z,2026-10-01T00:06:48.399083Z,2981.3,15.0
afcfb112-d147-41d5-9396-63bb50dbd78d,short,transient,SUCCEEDED,3,ACKED,2026-10-01T00:06:49.451083Z,2026-10-01T00:06:49.540401Z,2026-10-01T00:06:49.554917Z,89.3,14.5
b882455b-51dd-4f9e-aa32-de309730a9eb,short,none,SUCCEEDED,1,ACKED,2026-10-01T00:06:07.079051Z,2026-10-01T00:06:44.302408Z,2026-10-01T00:06:44.332920Z,37223.4,30.5
534352f5-2380-41e6-b9c7-8059e9fe660d,short,none,SUCCEEDED,1,ACKED,2026-10-01T00:06:07.075049Z,2026-10-01T00:06:44.150241Z,2026-10-01T00:06:44.211246Z,37075.2,61.0
8afacf52-43e7-494d-8464-7c5892a93deb,short,transient,SUCCEEDED,1,NACKED,2026-10-01T00:06:07.079051Z,2026-10-01T00:06:44.333871Z,2026-10-01T00:06:44.378819Z,37254.8,44.9
8afacf52-43e7-494d-8464-7c5892a93deb,short,transient,SUCCEEDED,2,NACKED,2026-10-01T00:06:45.317819Z,2026-10-01T00:06:48.338171Z,2026-10-01T00:06:48.383553Z,3020.4,45.4
8afacf52-43e7-494d-8464-7c5892a93deb,short,transient,SUCCEEDED,3,ACKED,2026-10-01T00:06:49.875553Z,2026-10-01T00:06:49.977478Z,2026-10-01T00:06:50.023265Z,101.9,45.8
f8cc06b3-fe6a-4793-b077-e4041cd7cace,long,none,SUCCEEDED,1,ACKED,2026-10-01T00:06:07.086215Z,2026-10-01T00:06:44.505377Z,2026-10-01T00:06:45.988157Z,37419.2,1482.8
28aab62e-e943-4b95-adae-84df674e44d9,short,none,SUCCEEDED,1,ACKED,2026-10-01T00:06:07.089731Z,2026-10-01T00:06:44.770393Z,2026-10-01T00:06:44.816122Z,37680.7,45.7
22c84d87-0354-4ca5-90b5-66cd7c98e2db,medium,transient,SUCCEEDED,1,NACKED,2026-10-01T00:06:07.079051Z,2026-10-01T00:06:44.241933Z,2026-10-01T00:06:44.504376Z,37162.9,262.4
22c84d87-0354-4ca5-90b5-66cd7c98e2db,medium,transient,SUCCEEDED,2,ACKED,2026-10-01T00:06:45.287376Z,2026-10-01T00:06:48.337665Z,2026-10-01T00:06:48.602730Z,3050.3,265.1
7bce36a5-8b64-4861-ab83-3de22b598a32,short,none,SUCCEEDED,1,ACKED,2026-10-01T00:06:07.086215Z,2026-10-01T00:06:44.722918Z,2026-10-01T00:06:44.769392Z,37636.7,46.5
abac4796-f9e2-4ce6-80d2-87c9513196ec,medium,none,SUCCEEDED,1,ACKED,2026-10-01T00:06:07.089731Z,2026-10-01T00:06:44.863604Z,2026-10-01T00:06:45.129910Z,37773.9,266.3
6420c9fc-57e7-44da-998e-21d76cc870ef,long,none,SUCCEEDED,1,ACKED,2026-10-01T00:06:07.082074Z,2026-10-01T00:06:44.411437Z,2026-10-01T00:06:46.205566Z,37329.4,1794.1
c79b0863-8a87-48d6-b979-a9c3290aaf24,short,none,SUCCEEDED,1,ACKED,2026-10-01T00:06:07.079051Z,2026-10-01T00:06:44.364832Z,2026-10-01T00:06:44.410438Z,37285.8,45.6
2422d502-e22d-4164-89fc-bdb4cb57beef,short,none,SUCCEEDED,1,ACKED,2026-10-01T00:06:07.082074Z,2026-10-01T00:06:44.411437Z,2026-10-01T00:06:44.457500Z,37329.4,46.1
5640e505-0d85-4964-ae78-51f6036c5129,short,none,SUCCEEDED,1,ACKED,2026-10-01T00:06:07.089731Z,2026-10-01T00:06:44.817152Z,2026-10-01T00:06:44.878122Z,37727.4,61.0
adf37d91-53f8-471c-84e5-e03734d15031,short,none,SUCCEEDED,1,ACKED,2026-10-01T00:06:07.094233Z,2026-10-01T00:06:45.130794Z,2026-10-01T00:06:45.191906Z,38036.6,61.1
c0e3158a-44bf-4f71-a554-e8f34cf529ed,medium,none,SUCCEEDED,1,ACKED,2026-10-01T00:06:07.082074Z,2026-10-01T00:06:44.505377Z,2026-10-01T00:06:44.753888Z,37423.3,248.5
360139c1-7b6e-4f4a-9d2f-fe0f14057941,medium,none,SUCCEEDED,1,ACKED,2026-10-01T00:06:07.089731Z,2026-10-01T00:06:44.878628Z,2026-10-01T00:06:45.098242Z,37788.9,219.6
54a278ee-f41c-4b8c-b8c8-1190f2d33c54,short,none,SUCCEEDED,1,ACKED,2026-10-01T00:06:07.094233Z,2026-10-01T00:06:45.098745Z,2026-10-01T00:06:45.145308Z,38004.5,46.6
200fb3d9-a687-438d-b1ed-52778560ef9c,medium,none,SUCCEEDED,1,ACKED,2026-10-01T00:06:07.086215Z,2026-10-01T00:06:44.691407Z,2026-10-01T00:06:44.862847Z,37605.2,171.4
ce7516b0-c6ed-438c-86e8-305d7a34a502,short,none,SUCCEEDED,1,ACKED,2026-10-01T00:06:07.082074Z,2026-10-01T00:06:44.505377Z,2026-10-01T00:06:44.535756Z,37423.3,30.4
57f1d036-5c33-4998-9ed8-9593f52db8bb,short,none,SUCCEEDED,1,ACKED,2026-10-01T00:06:07.086215Z,2026-10-01T00:06:44.536757Z,2026-10-01T00:06:44.598377Z,37450.5,61.6
138ebe97-1f3f-4fb9-a6f3-22fd6a89cb06,short,none,SUCCEEDED,1,ACKED,2026-10-01T00:06:07.094233Z,2026-10-01T00:06:45.161822Z,2026-10-01T00:06:45.207831Z,38067.6,46.0
9bc33251-eed8-43e2-aa85-a7bb9620db6c,short,none,SUCCEEDED,1,ACKED,2026-10-01T00:06:07.097240Z,2026-10-01T00:06:45.270586Z,2026-10-01T00:06:45.332033Z,38173.3,61.4
f38e4db1-ed5b-4fcf-ad5f-5c1734a87796,short,none,SUCCEEDED,1,ACKED,2026-10-01T00:06:07.086215Z,2026-10-01T00:06:44.757888Z,2026-10-01T00:06:44.816122Z,37671.7,58.2
a3e18369-a29d-4b76-84a9-01272736644c,short,none,SUCCEEDED,1,ACKED,2026-10-01T00:06:07.094233Z,2026-10-01T00:06:45.146309Z,2026-10-01T00:06:45.160823Z,38052.1,14.5
1f717ba9-f246-4530-bb4f-e3c84c0412b0,medium,none,SUCCEEDED,1,ACKED,2026-10-01T00:06:07.097240Z,2026-10-01T00:06:45.285390Z,2026-10-01T00:06:45.518728Z,38188.2,233.3
8bb0456f-6509-496b-983d-f24d50970fdf,short,none,SUCCEEDED,1,ACKED,2026-10-01T00:06:07.089731Z,2026-10-01T00:06:44.894663Z,2026-10-01T00:06:44.925712Z,37804.9,31.0
95947922-aa38-45d9-86b9-71e2a7354e1a,short,none,SUCCEEDED,1,ACKED,2026-10-01T00:06:07.086215Z,2026-10-01T00:06:44.599010Z,2026-10-01T00:06:44.660595Z,37512.8,61.6
442669ad-2c7d-4bed-9c69-116e43845b3e,short,none,SUCCEEDED,1,ACKED,2026-10-01T00:06:07.089731Z,2026-10-01T00:06:44.817152Z,2026-10-01T00:06:44.862847Z,37727.4,45.7
0430e7ea-568f-49b0-bf45-8276f085d3bb,short,none,SUCCEEDED,1,ACKED,2026-10-01T00:06:07.097240Z,2026-10-01T00:06:45.238577Z,2026-10-01T00:06:45.268866Z,38141.3,30.3
00902bc0-196f-4768-964e-7ff7a7561a79,short,none,SUCCEEDED,1,ACKED,2026-10-01T00:06:07.100238Z,2026-10-01T00:06:45.363162Z,2026-10-01T00:06:45.408572Z,38262.9,45.4
efe43ff4-fe66-4110-b012-37823ab11ed5,medium,none,SUCCEEDED,1,ACKED,2026-10-01T00:06:07.089731Z,2026-10-01T00:06:44.926597Z,2026-10-01T00:06:45.066980Z,37836.9,140.4
40cb2acf-1d46-4b9a-b728-37634d836323,short,none,SUCCEEDED,1,ACKED,2026-10-01T00:06:07.097240Z,2026-10-01T00:06:45.238577Z,2026-10-01T00:06:45.284390Z,38141.3,45.8
a123617f-4d56-4f3b-9ba6-f3e9a21b316e,short,none,SUCCEEDED,1,ACKED,2026-10-01T00:06:07.100238Z,2026-10-01T00:06:45.409590Z,2026-10-01T00:06:45.455572Z,38309.4,46.0
1cc71687-2e9a-441d-94bc-bc39ec7fab26,short,permanent,FAILED,1,NACKED,2026-10-01T00:06:07.094233Z,2026-10-01T00:06:45.146309Z,2026-10-01T00:06:45.176242Z,38052.1,29.9
8c3a356d-70ea-478b-8e74-b8cf8b3339be,short,none,SUCCEEDED,1,ACKED,2026-10-01T00:06:07.089731Z,2026-10-01T00:06:44.863604Z,2026-10-01T00:06:44.893660Z,37773.9,30.1
ed041adc-8757-4cd8-a6c9-d60f14ec1e92,short,none,SUCCEEDED,1,ACKED,2026-10-01T00:06:07.094233Z,2026-10-01T00:06:45.066980Z,2026-10-01T00:06:45.083231Z,37972.7,16.3
0f4607bd-43cc-477b-8723-933f7a1bcb2b,short,none,SUCCEEDED,1,ACKED,2026-10-01T00:06:07.100238Z,2026-10-01T00:06:45.456572Z,2026-10-01T00:06:45.518728Z,38356.3,62.2
4fe5fc45-7f9d-4ac4-8d23-0c403012bf3c,short,none,SUCCEEDED,1,ACKED,2026-10-01T00:06:07.103241Z,2026-10-01T00:06:45.519734Z,2026-10-01T00:06:45.534598Z,38416.5,14.9
a945f699-4c97-4a02-b059-9d178c9f0be4,short,transient,SUCCEEDED,1,NACKED,2026-10-01T00:06:07.094233Z,2026-10-01T00:06:45.130794Z,2026-10-01T00:06:45.145308Z,38036.6,14.5
a945f699-4c97-4a02-b059-9d178c9f0be4,short,transient,SUCCEEDED,2,NACKED,2026-10-01T00:06:45.782308Z,2026-10-01T00:06:48.399083Z,2026-10-01T00:06:48.414188Z,2616.8,15.1
a945f699-4c97-4a02-b059-9d178c9f0be4,short,transient,SUCCEEDED,3,ACKED,2026-10-01T00:06:50.147188Z,2026-10-01T00:06:50.195316Z,2026-10-01T00:06:50.209355Z,48.1,14.0
90467314-4fe4-480e-bcfc-6b889a189b28,short,transient,SUCCEEDED,1,NACKED,2026-10-01T00:06:07.101240Z,2026-10-01T00:06:45.409590Z,2026-10-01T00:06:45.455572Z,38308.4,46.0
90467314-4fe4-480e-bcfc-6b889a189b28,short,transient,SUCCEEDED,2,ACKED,2026-10-01T00:06:46.014572Z,2026-10-01T00:06:48.493417Z,2026-10-01T00:06:48.539559Z,2478.8,46.1
d25e0d71-e0be-4153-bf62-2296b31634fc,short,none,SUCCEEDED,1,ACKED,2026-10-01T00:06:07.103241Z,2026-10-01T00:06:45.519734Z,2026-10-01T00:06:45.565830Z,38416.5,46.1
b743b0a0-7805-4832-8030-61416886445b,short,transient,DEAD_LETTER,1,NACKED,2026-10-01T00:06:07.097240Z,2026-10-01T00:06:45.177850Z,2026-10-01T00:06:45.223493Z,38080.6,45.6
b743b0a0-7805-4832-8030-61416886445b,short,transient,DEAD_LETTER,2,NACKED,2026-10-01T00:06:45.925493Z,2026-10-01T00:06:48.415879Z,2026-10-01T00:06:48.460904Z,2490.4,45.0
b743b0a0-7805-4832-8030-61416886445b,short,transient,DEAD_LETTER,3,NACKED,2026-10-01T00:06:49.817904Z,2026-10-01T00:06:49.868083Z,2026-10-01T00:06:49.914313Z,50.2,46.2
bb022ccd-a005-44ca-b2b2-1383795f961c,medium,none,SUCCEEDED,1,ACKED,2026-10-01T00:06:07.094233Z,2026-10-01T00:06:45.083735Z,2026-10-01T00:06:45.238577Z,37989.5,154.8
f0048aa4-a5ca-41ff-830a-d4406a8bd06c,short,none,SUCCEEDED,1,ACKED,2026-10-01T00:06:07.097240Z,2026-10-01T00:06:45.191906Z,2026-10-01T00:06:45.238577Z,38094.7,46.7
e3cf27e9-f559-4ff0-ac28-2673b06dab8a,short,none,SUCCEEDED,1,ACKED,2026-10-01T00:06:07.103241Z,2026-10-01T00:06:45.551321Z,2026-10-01T00:06:45.597725Z,38448.1,46.4
f2fb2339-3dfe-4a49-ab98-6262714e2cf1,short,none,SUCCEEDED,1,ACKED,2026-10-01T00:06:07.107756Z,2026-10-01T00:06:45.614314Z,2026-10-01T00:06:45.645091Z,38506.6,30.8
f75af367-da65-4699-963d-09be67ee660b,medium,transient,SUCCEEDED,1,NACKED,2026-10-01T00:06:07.097240Z,2026-10-01T00:06:45.223493Z,2026-10-01T00:06:45.408572Z,38126.3,185.1
f75af367-da65-4699-963d-09be67ee660b,medium,transient,SUCCEEDED,2,ACKED,2026-10-01T00:06:45.999572Z,2026-10-01T00:06:48.461909Z,2026-10-01T00:06:48.650037Z,2462.3,188.1
04ae44fd-0ba6-4c7d-bd7a-3a569a4eaf55,short,none,SUCCEEDED,1,ACKED,2026-10-01T00:06:07.103241Z,2026-10-01T00:06:45.503698Z,2026-10-01T00:06:45.550317Z,38400.5,46.6
33565eb7-1794-4501-94e4-f0b46661ac3e,short,none,SUCCEEDED,1,ACKED,2026-10-01T00:06:07.107756Z,2026-10-01T00:06:45.662191Z,2026-10-01T00:06:45.708156Z,38554.4,46.0
4a45cba1-d8ed-4198-a4f0-6bf5ac25590b,short,none,SUCCEEDED,1,ACKED,2026-10-01T00:06:07.100238Z,2026-10-01T00:06:45.333033Z,2026-10-01T00:06:45.377317Z,38232.8,44.3
7f4f1fe7-4a89-4d5a-8195-234d41760a85,long,none,SUCCEEDED,1,ACKED,2026-10-01T00:06:07.097240Z,2026-10-01T00:06:45.208469Z,2026-10-01T00:06:46.499347Z,38111.2,1290.9
594fc02c-119d-4691-ba9d-4c0384d26ea6,short,none,SUCCEEDED,1,ACKED,2026-10-01T00:06:07.100238Z,2026-10-01T00:06:45.333033Z,2026-10-01T00:06:45.362162Z,38232.8,29.1
5f2b39d2-c1eb-460d-8ecd-78ca801c64bd,short,none,SUCCEEDED,1,ACKED,2026-10-01T00:06:07.107756Z,2026-10-01T00:06:45.662191Z,2026-10-01T00:06:45.693183Z,38554.4,31.0
3b109a25-b10e-4185-a20d-9f67b99bb51a,short,none,SUCCEEDED,1,ACKED,2026-10-01T00:06:07.111757Z,2026-10-01T00:06:45.739724Z,2026-10-01T00:06:45.799972Z,38628.0,60.2
2d3f4c5f-82e4-408c-9d2e-1e9af5ef8a1b,short,none,SUCCEEDED,1,ACKED,2026-10-01T00:06:07.100238Z,2026-10-01T00:06:45.285390Z,2026-10-01T00:06:45.332033Z,38185.2,46.6
7a36bb82-20ec-4949-bf07-9c8dc9d65f89,medium,none,SUCCEEDED,1,ACKED,2026-10-01T00:06:07.107756Z,2026-10-01T00:06:45.598877Z,2026-10-01T00:06:45.723664Z,38491.1,124.8
39cd2f9d-e7fc-4a4a-a7c3-319497ed65c1,medium,transient,SUCCEEDED,1,NACKED,2026-10-01T00:06:07.111757Z,2026-10-01T00:06:45.709154Z,2026-10-01T00:06:45.926688Z,38597.4,217.5
39cd2f9d-e7fc-4a4a-a7c3-319497ed65c1,medium,transient,SUCCEEDED,2,NACKED,2026-10-01T00:06:46.470688Z,2026-10-01T00:06:48.524636Z,2026-10-01T00:06:48.744487Z,2053.9,219.9
39cd2f9d-e7fc-4a4a-a7c3-319497ed65c1,medium,transient,SUCCEEDED,3,ACKED,2026-10-01T00:06:50.612487Z,2026-10-01T00:06:50.632979Z,2026-10-01T00:06:50.850793Z,20.5,217.8
2a78e5f3-a870-411f-801e-039e3a1ec1d8,short,none,SUCCEEDED,1,ACKED,2026-10-01T00:06:07.103241Z,2026-10-01T00:06:45.566831Z,2026-10-01T00:06:45.613314Z,38463.6,46.5
99371d4b-64df-44c1-9825-752d63aa3b33,medium,none,SUCCEEDED,1,ACKED,2026-10-01T00:06:07.100238Z,2026-10-01T00:06:45.377821Z,2026-10-01T00:06:45.565830Z,38277.6,188.0
732af421-1f72-4932-870f-1b0208bd47b2,short,transient,SUCCEEDED,1,NACKED,2026-10-01T00:06:07.103241Z,2026-10-01T00:06:45.535597Z,2026-10-01T00:06:45.597725Z,38432.4,62.1
732af421-1f72-4932-870f-1b0208bd47b2,short,transient,SUCCEEDED,2,ACKED,2026-10-01T00:06:46.411725Z,2026-10-01T00:06:48.524636Z,2026-10-01T00:06:48.587146Z,2112.9,62.5
1ea0cb18-7801-4e57-ac5e-522454662bdf,short,none,SUCCEEDED,1,ACKED,2026-10-01T00:06:07.111757Z,2026-10-01T00:06:45.770258Z,2026-10-01T00:06:45.784807Z,38658.5,14.5
df4799fd-079f-4a93-9c42-07fd66ee8414,short,transient,SUCCEEDED,1,NACKED,2026-10-01T00:06:07.115263Z,2026-10-01T00:06:45.848465Z,2026-10-01T00:06:45.894622Z,38733.2,46.2
df4799fd-079f-4a93-9c42-07fd66ee8414,short,transient,SUCCEEDED,2,ACKED,2026-10-01T00:06:46.846622Z,2026-10-01T00:06:48.588156Z,2026-10-01T00:06:48.634011Z,1741.5,45.9
2369160e-afde-4e01-a90e-adc4740ac557,short,none,SUCCEEDED,1,ACKED,2026-10-01T00:06:07.103241Z,2026-10-01T00:06:45.456572Z,2026-10-01T00:06:45.502699Z,38353.3,46.1
a320362f-0152-439c-b680-d80752181b59,medium,none,SUCCEEDED,1,ACKED,2026-10-01T00:06:07.111757Z,2026-10-01T00:06:45.694066Z,2026-10-01T00:06:45.815950Z,38582.3,121.9
b16f1a14-f876-4ee9-98f9-b5f458303dd1,short,none,SUCCEEDED,1,ACKED,2026-10-01T00:06:07.115263Z,2026-10-01T00:06:45.816951Z,2026-10-01T00:06:45.847462Z,38701.7,30.5
c4cd6996-3f43-4809-92fd-b433cdd28ddd,short,none,SUCCEEDED,1,ACKED,2026-10-01T00:06:07.107756Z,2026-10-01T00:06:45.694066Z,2026-10-01T00:06:45.738725Z,38586.3,44.7
0532f414-a798-447a-9b0e-2e3c0441b90c,medium,none,SUCCEEDED,1,ACKED,2026-10-01T00:06:07.103241Z,2026-10-01T00:06:45.566831Z,2026-10-01T00:06:45.769260Z,38463.6,202.4
2558d06d-1bcc-4391-9c71-8aecbb818d9c,short,transient,SUCCEEDED,1,NACKED,2026-10-01T00:06:07.107756Z,2026-10-01T00:06:45.614314Z,2026-10-01T00:06:45.661190Z,38506.6,46.9
2558d06d-1bcc-4391-9c71-8aecbb818d9c,short,transient,SUCCEEDED,2,ACKED,2026-10-01T00:06:46.338190Z,2026-10-01T00:06:48.524636Z,2026-10-01T00:06:48.571094Z,2186.4,46.5
ffeed608-e071-40ad-936b-5821f3ab6459,short,transient,SUCCEEDED,1,NACKED,2026-10-01T00:06:07.115263Z,2026-10-01T00:06:45.864486Z,2026-10-01T00:06:45.894622Z,38749.2,30.1
ffeed608-e071-40ad-936b-5821f3ab6459,short,transient,SUCCEEDED,2,NACKED,2026-10-01T00:06:46.474622Z,2026-10-01T00:06:48.540556Z,2026-10-01T00:06:48.571094Z,2065.9,30.5
ffeed608-e071-40ad-936b-5821f3ab6459,short,transient,SUCCEEDED,3,ACKED,2026-10-01T00:06:49.982094Z,2026-10-01T00:06:50.086761Z,2026-10-01T00:06:50.116018Z,104.7,29.3
384bab3d-a719-4002-bc9a-995a56898a6e,short,none,SUCCEEDED,1,ACKED,2026-10-01T00:06:07.118274Z,2026-10-01T00:06:45.895622Z,2026-10-01T00:06:45.941870Z,38777.3,46.2
409d007c-f214-4be5-948b-a65ca6529439,short,none,SUCCEEDED,1,ACKED,2026-10-01T00:06:07.107756Z,2026-10-01T00:06:45.597725Z,2026-10-01T00:06:45.613314Z,38490.0,15.6
68eca290-beef-4226-abc4-9b59623f9234,short,none,SUCCEEDED,1,ACKED,2026-10-01T00:06:07.115263Z,2026-10-01T00:06:45.832957Z,2026-10-01T00:06:45.879089Z,38717.7,46.1
5062e4d7-119a-4029-98c6-6150d94e186a,short,none,SUCCEEDED,1,ACKED,2026-10-01T00:06:07.118274Z,2026-10-01T00:06:45.942375Z,2026-10-01T00:06:45.988157Z,38824.1,45.8
bc6cda1f-39c5-4ecd-ae08-43354628a587,short,none,SUCCEEDED,1,ACKED,2026-10-01T00:06:07.111757Z,2026-10-01T00:06:45.816951Z,2026-10-01T00:06:45.863487Z,38705.2,46.5
68d3c53d-845a-4fef-8bcf-c293312b95d5,short,none,SUCCEEDED,1,ACKED,2026-10-01T00:06:07.107756Z,2026-10-01T00:06:45.646093Z,2026-10-01T00:06:45.693183Z,38538.3,47.1
80c97357-6eaa-4e89-807d-9a7ad353e9f6,short,none,SUCCEEDED,1,ACKED,2026-10-01T00:06:07.111757Z,2026-10-01T00:06:45.800939Z,2026-10-01T00:06:45.831957Z,38689.2,31.0
2d00b40e-66d0-4965-898f-42a51ebe7067,short,transient,SUCCEEDED,1,NACKED,2026-10-01T00:06:07.118274Z,2026-10-01T00:06:45.927687Z,2026-10-01T00:06:45.972054Z,38809.4,44.4
2d00b40e-66d0-4965-898f-42a51ebe7067,short,transient,SUCCEEDED,2,NACKED,2026-10-01T00:06:46.679054Z,2026-10-01T00:06:48.571094Z,2026-10-01T00:06:48.618127Z,1892.0,47.0
2d00b40e-66d0-4965-898f-42a51ebe7067,short,transient,SUCCEEDED,3,ACKED,2026-10-01T00:06:49.873127Z,2026-10-01T00:06:49.977478Z,2026-10-01T00:06:50.023265Z,104.4,45.8
0b145d9c-67d8-45ec-8e7f-b22077a41807,medium,none,SUCCEEDED,1,ACKED,2026-10-01T00:06:07.121272Z,2026-10-01T00:06:45.989157Z,2026-10-01T00:06:46.251974Z,38867.9,262.8
0817afcf-45c3-4b3f-b064-e660c19e984a,short,none,SUCCEEDED,1,ACKED,2026-10-01T00:06:07.111757Z,2026-10-01T00:06:45.785811Z,2026-10-01T00:06:45.815950Z,38674.1,30.1
2fd099d5-e323-4921-9e8d-427852289133,short,transient,SUCCEEDED,1,NACKED,2026-10-01T00:06:07.118274Z,2026-10-01T00:06:45.895622Z,2026-10-01T00:06:45.957333Z,38777.3,61.7
2fd099d5-e323-4921-9e8d-427852289133,short,transient,SUCCEEDED,2,ACKED,2026-10-01T00:06:46.651333Z,2026-10-01T00:06:48.571094Z,2026-10-01T00:06:48.634011Z,1919.8,62.9
68a39751-fe33-4d27-87a5-43977d0bc85d,medium,none,SUCCEEDED,1,ACKED,2026-10-01T00:06:07.121272Z,2026-10-01T00:06:45.958336Z,2026-10-01T00:06:46.081619Z,38837.1,123.3
9d2feff5-2402-4350-8495-c797807e6689,medium,none,SUCCEEDED,1,ACKED,2026-10-01T00:06:07.115263Z,2026-10-01T00:06:45.880088Z,2026-10-01T00:06:46.066218Z,38764.8,186.1
55843303-f478-49cc-8bad-19252e653f3c,medium,none,SUCCEEDED,1,ACKED,2026-10-01T00:06:07.111757Z,2026-10-01T00:06:45.723664Z,2026-10-01T00:06:45.847462Z,38611.9,123.8
67c95f12-f47b-4c59-9996-6baf539d73eb,short,none,SUCCEEDED,1,ACKED,2026-10-01T00:06:07.115263Z,2026-10-01T00:06:45.848465Z,2026-10-01T00:06:45.879089Z,38733.2,30.6
f81eaf43-1b2b-4f0d-abf4-19e35204c00d,short,none,SUCCEEDED,1,ACKED,2026-10-01T00:06:07.121272Z,2026-10-01T00:06:45.973055Z,2026-10-01T00:06:46.019133Z,38851.8,46.1
82c302ec-9b8d-43a0-8037-3865d1f819a4,medium,none,SUCCEEDED,1,ACKED,2026-10-01T00:06:07.124788Z,2026-10-01T00:06:46.004692Z,2026-10-01T00:06:46.143320Z,38879.9,138.6
5ddf6dfe-9a27-4c12-890c-881dddf25f41,medium,none,SUCCEEDED,1,ACKED,2026-10-01T00:06:07.115263Z,2026-10-01T00:06:45.880088Z,2026-10-01T00:06:46.050695Z,38764.8,170.6
375bad54-827a-4646-a75e-334580bb9216,short,none,SUCCEEDED,1,ACKED,2026-10-01T00:06:07.121272Z,2026-10-01T00:06:45.989157Z,2026-10-01T00:06:46.003733Z,38867.9,14.6
