job_id,size,failure_mode,final_state,attempt,ack_state,queued_at,started_at,finished_at,queue_ms,exec_ms
596e5a0c-f184-44af-a300-0f430a77ce4a,medium,none,SUCCEEDED,1,ACKED,2026-10-01T00:07:27.047639Z,2026-10-01T00:07:27.067638Z,2026-10-01T00:07:27.445809Z,20.0,378.2
7e775f41-bd78-4157-bf1b-f286d020e30b,medium,transient,SUCCEEDED,1,NACKED,2026-10-01T00:07:27.047639Z,2026-10-01T00:07:27.066638Z,2026-10-01T00:07:27.273091Z,19.0,206.5
7e775f41-bd78-4157-bf1b-f286d020e30b,medium,transient,SUCCEEDED,2,NACKED,2026-10-01T00:07:27.910091Z,2026-10-01T00:07:27.946799Z,2026-10-01T00:07:28.070596Z,36.7,123.8
7e775f41-bd78-4157-bf1b-f286d020e30b,medium,transient,SUCCEEDED,3,ACKED,2026-10-01T00:07:29.405596Z,2026-10-01T00:07:29.533404Z,2026-10-01T00:07:29.655130Z,127.8,121.7
4627ac0c-fb59-4e62-8f5d-ceb0a12ff46c,short,none,SUCCEEDED,1,ACKED,2026-10-01T00:07:27.047639Z,2026-10-01T00:07:27.067638Z,2026-10-01T00:07:27.178980Z,20.0,111.3
41247075-9fc8-449f-82d7-d89d28a5c353,short,none,SUCCEEDED,1,ACKED,2026-10-01T00:07:27.047639Z,2026-10-01T00:07:27.066638Z,2026-10-01T00:07:27.178980Z,19.0,112.3
9034a5a5-7460-4ff1-8f54-93deb1007b33,short,none,SUCCEEDED,1,ACKED,2026-10-01T00:07:27.047639Z,2026-10-01T00:07:27.067638Z,2026-10-01T00:07:27.194510Z,20.0,126.9
6d29eb3b-5d88-488d-ad8d-edc406e98bdb,short,none,SUCCEEDED,1,ACKED,2026-10-01T00:07:27.047639Z,2026-10-01T00:07:27.065631Z,2026-10-01T00:07:27.178980Z,18.0,113.3
90d003aa-2881-4388-acfa-45271f9e9ebc,short,none,SUCCEEDED,1,ACKED,2026-10-01T00:07:27.047639Z,2026-10-01T00:07:27.067638Z,2026-10-01T00:07:27.178980Z,20.0,111.3
a730e618-063d-42e8-b5ac-e1bdcdedd942,short,none,SUCCEEDED,1,ACKED,2026-10-01T00:07:27.047639Z,2026-10-01T00:07:27.065631Z,2026-10-01T00:07:27.178980Z,18.0,113.3
1eb422ef-9371-4a90-825b-c565fe600fe9,long,none,SUCCEEDED,1,ACKED,2026-10-01T00:07:27.222580Z,2026-10-01T00:07:27.225579Z,2026-10-01T00:07:29.090932Z,3.0,1865.4
8da0d60c-33c3-4e79-995b-ba9fd87cb8ec,short,none,SUCCEEDED,1,ACKED,2026-10-01T00:07:27.222580Z,2026-10-01T00:07:27.225579Z,2026-10-01T00:07:27.272455Z,3.0,46.9
e18161a5-23ae-4ffc-b964-d860e2bb743d,short,none,SUCCEEDED,1,ACKED,2026-10-01T00:07:27.222580Z,2026-10-01T00:07:27.259415Z,2026-10-01T00:07:27.303849Z,36.8,44.4
f1caae4c-6f85-44aa-9b28-952d3621d64a,short,none,SUCCEEDED,1,ACKED,2026-10-01T00:07:27.222580Z,2026-10-01T00:07:27.228581Z,2026-10-01T00:07:27.256405Z,6.0,27.8
38c0e51f-5f8b-4cef-a406-e066d87cb319,short,none,SUCCEEDED,1,ACKED,2026-10-01T00:07:27.222580Z,2026-10-01T00:07:27.224580Z,2026-10-01T00:07:27.256405Z,2.0,31.8
15e17e03-4edb-4767-81f4-2b7c78bc1c8e,short,none,SUCCEEDED,1,ACKED,2026-10-01T00:07:27.222580Z,2026-10-01T00:07:27.225579Z,2026-10-01T00:07:27.288109Z,3.0,62.5
bab6ca41-a8d4-4240-9fb6-1c0eef4485de,short,none,SUCCEEDED,1,ACKED,2026-10-01T00:07:27.222580Z,2026-10-01T00:07:27.259415Z,2026-10-01T00:07:27.319914Z,36.8,60.5
66b21b25-a32b-4f48-8445-4c4c5d03c747,short,transient,SUCCEEDED,1,NACKED,2026-10-01T00:07:27.222580Z,2026-10-01T00:07:27.225579Z,2026-10-01T00:07:27.288109Z,3.0,62.5
66b21b25-a32b-4f48-8445-4c4c5d03c747,short,transient,SUCCEEDED,2,ACKED,2026-10-01T00:07:27.947109Z,2026-10-01T00:07:28.072117Z,2026-10-01T00:07:28.133054Z,125.0,60.9
b316fabd-1b79-468e-8bac-21cf22e286e5,medium,none,SUCCEEDED,1,ACKED,2026-10-01T00:07:27.259415Z,2026-10-01T00:07:27.276096Z,2026-10-01T00:07:27.540174Z,16.7,264.1
84719639-ba2e-4b07-b68b-8add24f99069,short,none,SUCCEEDED,1,ACKED,2026-10-01T00:07:27.291336Z,2026-10-01T00:07:27.293842Z,2026-10-01T00:07:27.319914Z,2.5,26.1
9e711a33-f486-467d-a8c1-5260d1e1cdf3,medium,none,SUCCEEDED,1,ACKED,2026-10-01T00:07:27.322914Z,2026-10-01T00:07:27.325421Z,2026-10-01T00:07:27.461853Z,2.5,136.4
84d3e012-b4df-47c1-8976-c3d345d9db5e,long,none,SUCCEEDED,1,ACKED,2026-10-01T00:07:27.353766Z,2026-10-01T00:07:27.356791Z,2026-10-01T00:07:28.934445Z,3.0,1577.7
9f59b8f6-0baf-4d15-b7ef-0432d05c53bf,short,transient,SUCCEEDED,1,NACKED,2026-10-01T00:07:27.385297Z,2026-10-01T00:07:27.387800Z,2026-10-01T00:07:27.414420Z,2.5,26.6
9f59b8f6-0baf-4d15-b7ef-0432d05c53bf,short,transient,SUCCEEDED,2,ACKED,2026-10-01T00:07:28.260420Z,2026-10-01T00:07:28.306850Z,2026-10-01T00:07:28.336192Z,46.4,29.3
8fac1e76-04be-4e27-aad7-a6940ae52bc4,short,none,SUCCEEDED,1,ACKED,2026-10-01T00:07:27.417424Z,2026-10-01T00:07:27.419926Z,2026-10-01T00:07:27.461853Z,2.5,41.9
cf30db02-1435-4eee-ad76-58bd77ae1d87,short,none,SUCCEEDED,1,ACKED,2026-10-01T00:07:27.463987Z,2026-10-01T00:07:27.466986Z,2026-10-01T00:07:27.508994Z,3.0,42.0
07fc30d8-6f87-4b39-9035-85f017d945dc,short,none,SUCCEEDED,1,ACKED,2026-10-01T00:07:27.495476Z,2026-10-01T00:07:27.496477Z,2026-10-01T00:07:27.525013Z,1.0,28.5
5fa320c1-88da-43c4-b81e-645ce2439f24,medium,none,SUCCEEDED,1,ACKED,2026-10-01T00:07:27.527667Z,2026-10-01T00:07:27.529666Z,2026-10-01T00:07:27.788053Z,2.0,258.4
b6550d9c-c8e3-4cd0-b7f6-514f73c3781a,medium,none,SUCCEEDED,1,ACKED,2026-10-01T00:07:27.558199Z,2026-10-01T00:07:27.561203Z,2026-10-01T00:07:27.711757Z,3.0,150.6
fe323c1d-c927-43fa-aafd-e5f4393eeb89,short,transient,SUCCEEDED,1,NACKED,2026-10-01T00:07:27.590391Z,2026-10-01T00:07:27.592430Z,2026-10-01T00:07:27.634104Z,2.0,41.7
fe323c1d-c927-43fa-aafd-e5f4393eeb89,short,transient,SUCCEEDED,2,ACKED,2026-10-01T00:07:28.496104Z,2026-10-01T00:07:28.652541Z,2026-10-01T00:07:28.696739Z,156.4,44.2
b2593b10-9aff-42c4-8158-1c7b0fe7492b,medium,none,SUCCEEDED,1,ACKED,2026-10-01T00:07:27.620584Z,2026-10-01T00:07:27.622590Z,2026-10-01T00:07:27.742290Z,2.0,119.7
8718a666-aab6-499c-b41b-35d7cd2b87c8,short,none,SUCCEEDED,1,ACKED,2026-10-01T00:07:27.652103Z,2026-10-01T00:07:27.655104Z,2026-10-01T00:07:27.680670Z,3.0,25.6
d8c97e84-678c-4e7a-a250-6d86da296f7b,long,none,SUCCEEDED,1,ACKED,2026-10-01T00:07:27.682814Z,2026-10-01T00:07:27.684816Z,2026-10-01T00:07:29.263234Z,2.0,1578.4
6c60e70e-e99a-472b-a603-d2de2b0a1828,medium,none,SUCCEEDED,1,ACKED,2026-10-01T00:07:27.729780Z,2026-10-01T00:07:27.731782Z,2026-10-01T00:07:27.896376Z,2.0,164.6
bd29ba26-b4b3-4871-8b40-ffdf051f2ece,short,none,SUCCEEDED,1,ACKED,2026-10-01T00:07:27.759561Z,2026-10-01T00:07:27.762561Z,2026-10-01T00:07:27.788053Z,3.0,25.5
58751b68-d108-414e-8b2c-b2236d704602,short,none,SUCCEEDED,1,ACKED,2026-10-01T00:07:27.791051Z,2026-10-01T00:07:27.793241Z,2026-10-01T00:07:27.850066Z,2.2,56.8
fc0c5d47-7d0b-4331-947d-f9837506e30c,medium,none,SUCCEEDED,1,ACKED,2026-10-01T00:07:27.820801Z,2026-10-01T00:07:27.823800Z,2026-10-01T00:07:28.100458Z,3.0,276.7
18b33148-e534-42cb-acda-ec9261031758,long,none,SUCCEEDED,1,ACKED,2026-10-01T00:07:27.852812Z,2026-10-01T00:07:27.854811Z,2026-10-01T00:07:29.105965Z,2.0,1251.2
9b92efea-bc23-4e24-881a-afd0edff00a1,medium,none,SUCCEEDED,1,ACKED,2026-10-01T00:07:27.883650Z,2026-10-01T00:07:27.884649Z,2026-10-01T00:07:28.036946Z,1.0,152.3
8452919a-5857-4306-af6a-2704b1824ba0,short,none,SUCCEEDED,1,ACKED,2026-10-01T00:07:27.930541Z,2026-10-01T00:07:27.932049Z,2026-10-01T00:07:27.974905Z,1.5,42.9
61058546-3889-444d-9ab6-800a96a3643f,long,none,SUCCEEDED,1,ACKED,2026-10-01T00:07:27.960854Z,2026-10-01T00:07:27.976905Z,2026-10-01T00:07:29.906047Z,16.1,1929.1
710b99d9-8207-418d-b2e2-ffa6b279bfa9,short,none,SUCCEEDED,1,ACKED,2026-10-01T00:07:27.992927Z,2026-10-01T00:07:28.039459Z,2026-10-01T00:07:28.068935Z,46.5,29.5
7504b997-29c1-424b-a25e-acfcc4fa448c,short,none,SUCCEEDED,1,ACKED,2026-10-01T00:07:28.023424Z,2026-10-01T00:07:28.070596Z,2026-10-01T00:07:28.100458Z,47.2,29.9
4c297bbd-20e3-4006-a071-9443c46a5664,medium,none,SUCCEEDED,1,ACKED,2026-10-01T00:07:28.055369Z,2026-10-01T00:07:28.102131Z,2026-10-01T00:07:28.398844Z,46.8,296.7
2ea841f7-02e8-46c6-9be6-96c3ea4d54d9,short,none,SUCCEEDED,1,ACKED,2026-10-01T00:07:28.086609Z,2026-10-01T00:07:28.102131Z,2026-10-01T00:07:28.147628Z,15.5,45.5
5cbcc661-3def-4bf9-9d1b-1050a331e1fd,short,none,SUCCEEDED,1,ACKED,2026-10-01T00:07:28.118641Z,2026-10-01T00:07:28.135561Z,2026-10-01T00:07:28.163585Z,16.9,28.0
04faf1be-3de6-4fea-a249-908fa1b14512,medium,none,SUCCEEDED,1,ACKED,2026-10-01T00:07:28.150210Z,2026-10-01T00:07:28.152718Z,2026-10-01T00:07:28.430907Z,2.5,278.2
c9a70bf8-5a63-4e4f-8ba3-46fbb71e6949,short,transient,SUCCEEDED,1,NACKED,2026-10-01T00:07:28.197713Z,2026-10-01T00:07:28.199221Z,2026-10-01T00:07:28.226246Z,1.5,27.0
c9a70bf8-5a63-4e4f-8ba3-46fbb71e6949,short,transient,SUCCEEDED,2,ACKED,2026-10-01T00:07:28.775246Z,2026-10-01T00:07:29.107471Z,2026-10-01T00:07:29.136506Z,332.2,29.0
1822da9a-066b-4adc-8670-eb1489fc617f,short,none,SUCCEEDED,1,ACKED,2026-10-01T00:07:28.228364Z,2026-10-01T00:07:28.229364Z,2026-10-01T00:07:28.257487Z,1.0,28.1
2bd021ec-f2f2-42f9-8176-b4fbaa631266,short,none,SUCCEEDED,1,ACKED,2026-10-01T00:07:28.259136Z,2026-10-01T00:07:28.260643Z,2026-10-01T00:07:28.304851Z,1.5,44.2
8b8a80ee-f4f7-45d2-bce2-8dee61b882a1,long,none,SUCCEEDED,1,ACKED,2026-10-01T00:07:28.290503Z,2026-10-01T00:07:28.338206Z,2026-10-01T00:07:29.624601Z,47.7,1286.4
489f21ed-c7a9-4315-8e97-013589351bc4,short,none,SUCCEEDED,1,ACKED,2026-10-01T00:07:28.322665Z,2026-10-01T00:07:28.400353Z,2026-10-01T00:07:28.462200Z,77.7,61.8
3d8c39ed-5817-48bb-b225-151b9163c8f9,short,none,SUCCEEDED,1,ACKED,2026-10-01T00:07:28.354425Z,2026-10-01T00:07:28.432904Z,2026-10-01T00:07:28.477955Z,78.5,45.1
13c4732b-9758-4d46-ab81-0596acb962b7,short,none,SUCCEEDED,1,ACKED,2026-10-01T00:07:28.385917Z,2026-10-01T00:07:28.464200Z,2026-10-01T00:07:28.477955Z,78.3,13.8
6736c9b5-9064-43a6-abb0-f7d7f7b19001,short,none,SUCCEEDED,1,ACKED,2026-10-01T00:07:28.417393Z,2026-10-01T00:07:28.479468Z,2026-10-01T00:07:28.493781Z,62.1,14.3
c1108ecd-516b-4760-8a4c-8c95427d1163,short,none,SUCCEEDED,1,ACKED,2026-10-01T00:07:28.448142Z,2026-10-01T00:07:28.479468Z,2026-10-01T00:07:28.525356Z,31.3,45.9
ef9fa241-bfe2-48be-88d5-3dcc32d982d8,short,none,SUCCEEDED,1,ACKED,2026-10-01T00:07:28.495791Z,2026-10-01T00:07:28.496792Z,2026-10-01T00:07:28.525356Z,1.0,28.6
a73850bb-1551-4114-9cff-47bdab3269e9,medium,transient,SUCCEEDED,1,NACKED,2026-10-01T00:07:28.527040Z,2026-10-01T00:07:28.528040Z,2026-10-01T00:07:28.840235Z,1.0,312.2
a73850bb-1551-4114-9cff-47bdab3269e9,medium,transient,SUCCEEDED,2,ACKED,2026-10-01T00:07:29.656235Z,2026-10-01T00:07:29.750117Z,2026-10-01T00:07:30.061391Z,93.9,311.3
409198de-4bea-4b7b-92fc-df34ce4ca9cc,short,none,SUCCEEDED,1,ACKED,2026-10-01T00:07:28.558027Z,2026-10-01T00:07:28.558533Z,2026-10-01T00:07:28.604138Z,0.5,45.6
bb08995f-177c-4c2e-bfad-202915a87b99,short,none,SUCCEEDED,1,ACKED,2026-10-01T00:07:28.589617Z,2026-10-01T00:07:28.604744Z,2026-10-01T00:07:28.650548Z,15.1,45.8
5488ba3a-62a4-45a4-b7c2-121eeb98ed71,short,none,SUCCEEDED,1,ACKED,2026-10-01T00:07:28.620765Z,2026-10-01T00:07:28.698244Z,2026-10-01T00:07:28.728276Z,77.5,30.0
52e26eac-f6c0-46aa-8005-a6e21e59d514,short,none,SUCCEEDED,1,ACKED,2026-10-01T00:07:28.652541Z,2026-10-01T00:07:28.729780Z,2026-10-01T00:07:28.760076Z,77.2,30.3
2f0d9d24-19a0-49f2-ac7c-ef50db470238,long,transient,SUCCEEDED,1,NACKED,2026-10-01T00:07:28.684270Z,2026-10-01T00:07:28.762093Z,2026-10-01T00:07:30.423193Z,77.8,1661.1
2f0d9d24-19a0-49f2-ac7c-ef50db470238,long,transient,SUCCEEDED,2,ACKED,2026-10-01T00:07:31.032193Z,2026-10-01T00:07:31.126658Z,2026-10-01T00:07:32.785510Z,94.5,1658.9
dbefdd73-8af1-4435-9b15-2b66fdc08694,medium,none,SUCCEEDED,1,ACKED,2026-10-01T00:07:28.730787Z,2026-10-01T00:07:28.842238Z,2026-10-01T00:07:29.120995Z,111.5,278.8
6d6fb4f0-beb4-401b-8225-3834f3791c5f,long,none,SUCCEEDED,1,ACKED,2026-10-01T00:07:28.762093Z,2026-10-01T00:07:28.936444Z,2026-10-01T00:07:30.625732Z,174.4,1689.3
fe1f1501-4412-49de-8027-51e595195a24,short,none,SUCCEEDED,1,ACKED,2026-10-01T00:07:28.793142Z,2026-10-01T00:07:29.092444Z,2026-10-01T00:07:29.120995Z,299.3,28.6
627c0df4-25dc-47ce-8ded-026fa2cb9941,short,none,SUCCEEDED,1,ACKED,2026-10-01T00:07:28.826722Z,2026-10-01T00:07:29.122995Z,2026-10-01T00:07:29.167376Z,296.3,44.4
d4cb6cb9-47af-4174-9144-9f67db325921,short,none,SUCCEEDED,1,ACKED,2026-10-01T00:07:28.858180Z,2026-10-01T00:07:29.122995Z,2026-10-01T00:07:29.151835Z,264.8,28.8
329ff000-2674-4069-9183-d940f61c3c4d,medium,none,SUCCEEDED,1,ACKED,2026-10-01T00:07:28.890473Z,2026-10-01T00:07:29.137508Z,2026-10-01T00:07:29.263234Z,247.0,125.7
c3a37dd3-2e79-4023-bd06-7f9807e4bb87,short,none,SUCCEEDED,1,ACKED,2026-10-01T00:07:28.920931Z,2026-10-01T00:07:29.153833Z,2026-10-01T00:07:29.183919Z,232.9,30.1
50153590-0603-45f3-9775-0327d7c03e10,short,transient,SUCCEEDED,1,NACKED,2026-10-01T00:07:28.953022Z,2026-10-01T00:07:29.168879Z,2026-10-01T00:07:29.231195Z,215.9,62.3
50153590-0603-45f3-9775-0327d7c03e10,short,transient,SUCCEEDED,2,ACKED,2026-10-01T00:07:30.094195Z,2026-10-01T00:07:30.140329Z,2026-10-01T00:07:30.203062Z,46.1,62.7
3f67644a-f4ee-4b08-848a-437d1075bed9,medium,none,SUCCEEDED,1,ACKED,2026-10-01T00:07:28.984593Z,2026-10-01T00:07:29.185925Z,2026-10-01T00:07:29.405524Z,201.3,219.6
55ef8eb4-52d6-4d9f-81a5-5352c9a51295,short,none,SUCCEEDED,1,ACKED,2026-10-01T00:07:29.015194Z,2026-10-01T00:07:29.232204Z,2026-10-01T00:07:29.263234Z,217.0,31.0
f5537e16-b843-4454-8aec-800415e70f26,short,none,SUCCEEDED,1,ACKED,2026-10-01T00:07:29.061742Z,2026-10-01T00:07:29.264741Z,2026-10-01T00:07:29.310206Z,203.0,45.5
a478f369-109e-4b0b-b866-a8b91d5397af,short,none,SUCCEEDED,1,ACKED,2026-10-01T00:07:29.092444Z,2026-10-01T00:07:29.264741Z,2026-10-01T00:07:29.310206Z,172.3,45.5
db12eea3-c4d7-4154-a582-37249b1bbcc0,medium,none,SUCCEEDED,1,ACKED,2026-10-01T00:07:29.122995Z,2026-10-01T00:07:29.264741Z,2026-10-01T00:07:29.500314Z,141.7,235.6
2879f10b-b1f4-4db0-b95f-ac75302e5244,short,none,SUCCEEDED,1,ACKED,2026-10-01T00:07:29.153833Z,2026-10-01T00:07:29.312207Z,2026-10-01T00:07:29.341748Z,158.4,29.5
d11fc952-02bc-4be9-863e-67d36b8e4417,short,none,SUCCEEDED,1,ACKED,2026-10-01T00:07:29.185925Z,2026-10-01T00:07:29.312207Z,2026-10-01T00:07:29.373552Z,126.3,61.3
7ddbf38f-5541-4093-a4df-430eafc1c7c5,short,none,SUCCEEDED,1,ACKED,2026-10-01T00:07:29.217794Z,2026-10-01T00:07:29.343746Z,2026-10-01T00:07:29.405524Z,126.0,61.8
77302dde-dc97-4386-a99b-0fd452662658,medium,none,SUCCEEDED,1,ACKED,2026-10-01T00:07:29.249227Z,2026-10-01T00:07:29.375058Z,2026-10-01T00:07:29.624601Z,125.8,249.5
023b048e-ac3a-49e2-a5cf-57ff8411532f,short,none,SUCCEEDED,1,ACKED,2026-10-01T00:07:29.295957Z,2026-10-01T00:07:29.406530Z,2026-10-01T00:07:29.468263Z,110.6,61.7
5a68a8ef-cd1c-4162-b1c6-df176471c666,short,none,SUCCEEDED,1,ACKED,2026-10-01T00:07:29.328233Z,2026-10-01T00:07:29.406530Z,2026-10-01T00:07:29.452726Z,78.3,46.2
57377e6b-5188-46f2-96ff-c30475c5aa5f,short,none,SUCCEEDED,1,ACKED,2026-10-01T00:07:29.359527Z,2026-10-01T00:07:29.454734Z,2026-10-01T00:07:29.500314Z,95.2,45.6
741a7b1e-1e9b-47af-a22b-cd880fb9a156,medium,none,SUCCEEDED,1,ACKED,2026-10-01T00:07:29.390826Z,2026-10-01T00:07:29.469263Z,2026-10-01T00:07:29.749115Z,78.4,279.9
44673620-a542-4d8d-a827-c38a97d2d773,short,none,SUCCEEDED,1,ACKED,2026-10-01T00:07:29.423204Z,2026-10-01T00:07:29.502310Z,2026-10-01T00:07:29.547420Z,79.1,45.1
6a09e2ea-dd89-4197-9bf3-540db2065d0c,short,none,SUCCEEDED,1,ACKED,2026-10-01T00:07:29.454734Z,2026-10-01T00:07:29.502310Z,2026-10-01T00:07:29.531675Z,47.6,29.4
b2bf432a-82e1-4903-a57b-5566c43c69a7,short,none,SUCCEEDED,1,ACKED,2026-10-01T00:07:29.485797Z,2026-10-01T00:07:29.548425Z,2026-10-01T00:07:29.594012Z,62.6,45.6
7b2452f1-f5f5-437a-b654-9cc0d7e91fd3,short,none,SUCCEEDED,1,ACKED,2026-10-01T00:07:29.518161Z,2026-10-01T00:07:29.596013Z,2026-10-01T00:07:29.624601Z,77.9,28.6
d0c36847-8362-4107-8254-c86db5f05e1e,medium,none,SUCCEEDED,1,ACKED,2026-10-01T00:07:29.549427Z,2026-10-01T00:07:29.626602Z,2026-10-01T00:07:29.937087Z,77.2,310.5
5caa92ac-b7a6-41d4-8766-3e598458d2b8,medium,none,SUCCEEDED,1,ACKED,2026-10-01T00:07:29.596013Z,2026-10-01T00:07:29.625604Z,2026-10-01T00:07:29.874922Z,29.6,249.3
bff462d7-f756-4c98-9da7-c2bb51132097,medium,none,SUCCEEDED,1,ACKED,2026-10-01T00:07:29.627602Z,2026-10-01T00:07:29.628604Z,2026-10-01T00:07:29.827737Z,1.0,199.1
5f47f3f3-5b5a-450f-8810-42a1ab6fda9c,short,none,SUCCEEDED,1,ACKED,2026-10-01T00:07:29.656638Z,2026-10-01T00:07:29.657647Z,2026-10-01T00:07:29.718036Z,1.0,60.4
f7943105-ee35-48f4-8ea9-23afe82644c5,short,transient,SUCCEEDED,1,NACKED,2026-10-01T00:07:29.687487Z,2026-10-01T00:07:29.720039Z,2026-10-01T00:07:29.749115Z,32.6,29.1
f7943105-ee35-48f4-8ea9-23afe82644c5,short,transient,SUCCEEDED,2,ACKED,2026-10-01T00:07:30.518115Z,2026-10-01T00:07:30.579845Z,2026-10-01T00:07:30.610187Z,61.7,30.3
e067bb6f-5c0d-4610-a945-4d781c1487ec,short,none,SUCCEEDED,1,ACKED,2026-10-01T00:07:29.720039Z,2026-10-01T00:07:29.750117Z,2026-10-01T00:07:29.812109Z,30.1,62.0
a8ddab79-65e3-410d-926d-da7b79bfdf58,short,none,SUCCEEDED,1,ACKED,2026-10-01T00:07:29.751115Z,2026-10-01T00:07:29.813709Z,2026-10-01T00:07:29.859366Z,62.6,45.7
37aa7844-81cb-4943-9a4d-a4a1b5f20dda,short,none,SUCCEEDED,1,ACKED,2026-10-01T00:07:29.782092Z,2026-10-01T00:07:29.828740Z,2026-10-01T00:07:29.859366Z,46.6,30.6
ed68821c-31e6-4244-99c8-70d8f9a91fb7,medium,none,SUCCEEDED,1,ACKED,2026-10-01T00:07:29.829738Z,2026-10-01T00:07:29.860883Z,2026-10-01T00:07:30.154837Z,31.1,294.0
0b35822d-362f-48c7-8118-c558349cd198,short,none,SUCCEEDED,1,ACKED,2026-10-01T00:07:29.860883Z,2026-10-01T00:07:29.862387Z,2026-10-01T00:07:29.890026Z,1.5,27.6
a1184072-bc88-4438-8e73-8dde1bfd0bf9,medium,none,SUCCEEDED,1,ACKED,2026-10-01T00:07:29.891028Z,2026-10-01T00:07:29.892027Z,2026-10-01T00:07:30.203062Z,1.0,311.0
93abd404-0783-486f-9f30-2d0f268a224e,short,none,SUCCEEDED,1,ACKED,2026-10-01T00:07:29.923557Z,2026-10-01T00:07:29.924556Z,2026-10-01T00:07:29.952635Z,1.0,28.1
e7a28eef-1a71-4897-8a54-dfa26b9cb735,medium,none,SUCCEEDED,1,ACKED,2026-10-01T00:07:29.954337Z,2026-10-01T00:07:29.955334Z,2026-10-01T00:07:30.061391Z,1.0,106.1
01fdbae7-272b-4363-a698-2dd882f22975,long,none,SUCCEEDED,1,ACKED,2026-10-01T00:07:29.986470Z,2026-10-01T00:07:29.987470Z,2026-10-01T00:07:31.577674Z,1.0,1590.2
965db522-50fb-4cba-b2f0-b1980a279f63,short,none,SUCCEEDED,1,ACKED,2026-10-01T00:07:30.016234Z,2026-10-01T00:07:30.017235Z,2026-10-01T00:07:30.076778Z,1.0,59.5
e93f359b-d58f-406a-9c39-d8029fd1a9b5,medium,none,SUCCEEDED,1,ACKED,2026-10-01T00:07:30.048262Z,2026-10-01T00:07:30.062719Z,2026-10-01T00:07:30.296378Z,14.5,233.7
a4548519-17b9-4c6f-aa9c-e05d3541388b,short,none,SUCCEEDED,1,ACKED,2026-10-01T00:07:30.094270Z,2026-10-01T00:07:30.095266Z,2026-10-01T00:07:30.107780Z,1.0,12.5
2c084735-6ed8-4ad3-be41-4c8449a23909,short,none,SUCCEEDED,1,ACKED,2026-10-01T00:07:30.124815Z,2026-10-01T00:07:30.125820Z,2026-10-01T00:07:30.154837Z,1.0,29.0
f25a24ca-bfa4-4bde-b80e-6fd2d9ba3e84,medium,none,SUCCEEDED,1,ACKED,2026-10-01T00:07:30.156339Z,2026-10-01T00:07:30.157342Z,2026-10-01T00:07:30.391996Z,1.0,234.7
22ee68a3-066f-4433-9aee-1be9c44c481f,short,none,SUCCEEDED,1,ACKED,2026-10-01T00:07:30.189370Z,2026-10-01T00:07:30.190370Z,2026-10-01T00:07:30.234400Z,1.0,44.0
224b2a5d-7d8c-4d1d-8205-ac611a53177c,medium,none,SUCCEEDED,1,ACKED,2026-10-01T00:07:30.220888Z,2026-10-01T00:07:30.221888Z,2026-10-01T00:07:30.343413Z,1.0,121.5
96718915-4479-4b13-9158-da3ca2a230a9,short,none,SUCCEEDED,1,ACKED,2026-10-01T00:07:30.251755Z,2026-10-01T00:07:30.253285Z,2026-10-01T00:07:30.280349Z,1.5,27.1
0f32af24-6053-4198-a097-eb4f4a1ea703,short,none,SUCCEEDED,1,ACKED,2026-10-01T00:07:30.282329Z,2026-10-01T00:07:30.283326Z,2026-10-01T00:07:30.343413Z,1.0,60.1
aa9365a6-47cd-41bc-97e7-2f65853c9f7e,short,none,SUCCEEDED,1,ACKED,2026-10-01T00:07:30.329902Z,2026-10-01T00:07:30.330901Z,2026-10-01T00:07:30.359457Z,1.0,28.6
fe663908-e9a7-4efd-b575-40e0fb786bba,short,none,SUCCEEDED,1,ACKED,2026-10-01T00:07:30.360461Z,2026-10-01T00:07:30.361461Z,2026-10-01T00:07:30.391996Z,1.0,30.5
ab06beff-1802-4d52-8e09-47153c6ff2eb,short,transient,SUCCEEDED,1,NACKED,2026-10-01T00:07:30.393999Z,2026-10-01T00:07:30.394999Z,2026-10-01T00:07:30.438706Z,1.0,43.7
ab06beff-1802-4d52-8e09-47153c6ff2eb,short,transient,SUCCEEDED,2,ACKED,2026-10-01T00:07:30.979706Z,2026-10-01T00:07:31.017855Z,2026-10-01T00:07:31.063316Z,38.1,45.5
c8ae9c97-dda6-4728-a826-e93f35b24536,medium,none,SUCCEEDED,1,ACKED,2026-10-01T00:07:30.424192Z,2026-10-01T00:07:30.425192Z,2026-10-01T00:07:30.656891Z,1.0,231.7
13cb36c2-b080-44d7-b749-9de4620d3fbb,short,none,SUCCEEDED,1,ACKED,2026-10-01T00:07:30.455625Z,2026-10-01T00:07:30.457627Z,2026-10-01T00:07:30.501450Z,2.0,43.8
b5de28a2-deb3-4f29-9293-e69cca8367ca,short,none,SUCCEEDED,1,ACKED,2026-10-01T00:07:30.487426Z,2026-10-01T00:07:30.488426Z,2026-10-01T00:07:30.501450Z,1.0,13.0
8e1ede73-f88c-4469-b8b1-663cad9c3539,medium,none,SUCCEEDED,1,ACKED,2026-10-01T00:07:30.518032Z,2026-10-01T00:07:30.520036Z,2026-10-01T00:07:30.830727Z,2.0,310.7
13bb93dc-1bd4-42c6-a59e-e614eb17d3da,short,none,SUCCEEDED,1,ACKED,2026-10-01T00:07:30.550310Z,2026-10-01T00:07:30.551307Z,2026-10-01T00:07:30.578844Z,1.0,27.5
75ee98f8-032d-43a8-8b46-d4bdb654025f,short,none,SUCCEEDED,1,ACKED,2026-10-01T00:07:30.596139Z,2026-10-01T00:07:30.596643Z,2026-10-01T00:07:30.641381Z,0.5,44.7
507fe317-02dc-4e7f-b5e8-daf8da89747b,short,none,SUCCEEDED,1,ACKED,2026-10-01T00:07:30.627730Z,2026-10-01T00:07:30.627730Z,2026-10-01T00:07:30.656891Z,0.0,29.2
83ab72b8-9247-456d-bce6-0dc059cfd227,short,none,SUCCEEDED,1,ACKED,2026-10-01T00:07:30.658899Z,2026-10-01T00:07:30.660408Z,2026-10-01T00:07:30.703664Z,1.5,43.3
f4a28c70-4708-4a58-bf55-c516a028508d,short,none,SUCCEEDED,1,ACKED,2026-10-01T00:07:30.689832Z,2026-10-01T00:07:30.691156Z,2026-10-01T00:07:30.751218Z,1.3,60.1
23ce1a0e-6ea6-42b5-b9ea-892641f5d700,short,none,SUCCEEDED,1,ACKED,2026-10-01T00:07:30.721178Z,2026-10-01T00:07:30.722690Z,2026-10-01T00:07:30.751218Z,1.5,28.5
37f53cda-4160-4994-8f29-ba5d9406d782,long,none,SUCCEEDED,1,ACKED,2026-10-01T00:07:30.752723Z,2026-10-01T00:07:30.753729Z,2026-10-01T00:07:32.549179Z,1.0,1795.5
163e7348-1fdd-4842-be68-ee9ff46c65b0,short,none,SUCCEEDED,1,ACKED,2026-10-01T00:07:30.784777Z,2026-10-01T00:07:30.785783Z,2026-10-01T00:07:30.813866Z,1.0,28.1
9a602449-0483-4e64-acee-b3b3370b789c,medium,none,SUCCEEDED,1,ACKED,2026-10-01T00:07:30.814873Z,2026-10-01T00:07:30.816373Z,2026-10-01T00:07:31.001862Z,1.5,185.5
1993cfed-7791-42c5-a56b-5a822cf11784,short,none,SUCCEEDED,1,ACKED,2026-10-01T00:07:30.863897Z,2026-10-01T00:07:30.864897Z,2026-10-01T00:07:30.892622Z,1.0,27.7
3bb9b3ac-d91e-4742-a20e-a5937bb95e7e,short,transient,SUCCEEDED,1,NACKED,2026-10-01T00:07:30.894129Z,2026-10-01T00:07:30.895645Z,2026-10-01T00:07:30.924381Z,1.5,28.7
3bb9b3ac-d91e-4742-a20e-a5937bb95e7e,short,transient,SUCCEEDED,2,ACKED,2026-10-01T00:07:31.706381Z,2026-10-01T00:07:32.063629Z,2026-10-01T00:07:32.093339Z,357.2,29.7
e369f3d0-3195-4b37-8046-9056db5074a8,short,none,SUCCEEDED,1,ACKED,2026-10-01T00:07:30.926382Z,2026-10-01T00:07:30.927981Z,2026-10-01T00:07:30.971160Z,1.6,43.2
bfd9e381-80ce-43cd-be70-770cf4021e7c,short,none,SUCCEEDED,1,ACKED,2026-10-01T00:07:30.958644Z,2026-10-01T00:07:30.960147Z,2026-10-01T00:07:30.986422Z,1.5,26.3
694c45b4-3c93-44c4-877e-b928d36f5ece,short,none,SUCCEEDED,1,ACKED,2026-10-01T00:07:30.988426Z,2026-10-01T00:07:30.989424Z,2026-10-01T00:07:31.048308Z,1.0,58.9
5a0f4f3d-1cfe-4a7e-af96-84948d8dcd30,short,none,SUCCEEDED,1,ACKED,2026-10-01T00:07:31.020197Z,2026-10-01T00:07:31.021197Z,2026-10-01T00:07:31.048308Z,1.0,27.1
92eb5152-edd3-4097-8f25-68495bc3bd3b,medium,none,SUCCEEDED,1,ACKED,2026-10-01T00:07:31.051308Z,2026-10-01T00:07:31.052312Z,2026-10-01T00:07:31.312186Z,1.0,259.9
117c69fe-becf-41d1-868b-c89ef7b77e63,short,none,SUCCEEDED,1,ACKED,2026-10-01T00:07:31.096650Z,2026-10-01T00:07:31.097653Z,2026-10-01T00:07:31.158291Z,1.0,60.6
86910849-f3f8-4c3f-9794-95126cd19d13,long,none,SUCCEEDED,1,ACKED,2026-10-01T00:07:31.128255Z,2026-10-01T00:07:31.129260Z,2026-10-01T00:07:32.409413Z,1.0,1280.2
46d8b663-c49f-48e7-899b-a7d203da7deb,medium,none,SUCCEEDED,1,ACKED,2026-10-01T00:07:31.160798Z,2026-10-01T00:07:31.161798Z,2026-10-01T00:07:31.437264Z,1.0,275.5
9ea4e0e8-c0ce-44f4-8e6f-ad8c7ca301c6,long,none,SUCCEEDED,1,ACKED,2026-10-01T00:07:31.190014Z,2026-10-01T00:07:31.191520Z,2026-10-01T00:07:32.409413Z,1.5,1217.9
7020fef2-ab82-470f-86ad-84cfe2f1184b,long,none,SUCCEEDED,1,ACKED,2026-10-01T00:07:31.220263Z,2026-10-01T00:07:31.221263Z,2026-10-01T00:07:32.298640Z,1.0,1077.4
e3c8eca9-2a38-422d-b21d-7f2159b69083,short,none,SUCCEEDED,1,ACKED,2026-10-01T00:07:31.251347Z,2026-10-01T00:07:31.314186Z,2026-10-01T00:07:31.358063Z,62.8,43.9
8bd84ddb-2979-4b66-aed9-863e69366fc9,medium,none,SUCCEEDED,1,ACKED,2026-10-01T00:07:31.282640Z,2026-10-01T00:07:31.360075Z,2026-10-01T00:07:31.640762Z,77.4,280.7
5cdc9d5b-6703-4164-a252-14f41be810b8,medium,transient,SUCCEEDED,1,NACKED,2026-10-01T00:07:31.329203Z,2026-10-01T00:07:31.438262Z,2026-10-01T00:07:31.672320Z,109.1,234.1
5cdc9d5b-6703-4164-a252-14f41be810b8,medium,transient,SUCCEEDED,2,NACKED,2026-10-01T00:07:32.298320Z,2026-10-01T00:07:32.472776Z,2026-10-01T00:07:32.706385Z,174.5,233.6
5cdc9d5b-6703-4164-a252-14f41be810b8,medium,transient,SUCCEEDED,3,ACKED,2026-10-01T00:07:34.320385Z,2026-10-01T00:07:34.415586Z,2026-10-01T00:07:34.647677Z,95.2,232.1
9becdc57-3e31-4574-8033-3794b2d1ea2e,medium,none,SUCCEEDED,1,ACKED,2026-10-01T00:07:31.360075Z,2026-10-01T00:07:31.578674Z,2026-10-01T00:07:31.828616Z,218.6,249.9
77c073b7-600b-4e20-a0c5-e32aae3ea565,short,none,SUCCEEDED,1,ACKED,2026-10-01T00:07:31.391150Z,2026-10-01T00:07:31.642271Z,2026-10-01T00:07:31.672320Z,251.1,30.0
19fde9a4-f8da-4e5d-83e4-1c7a4d5c2834,short,none,SUCCEEDED,1,ACKED,2026-10-01T00:07:31.422758Z,2026-10-01T00:07:31.673324Z,2026-10-01T00:07:31.702839Z,250.6,29.5
bf68d99f-ecc0-4c8e-b0cc-7bd9627674d3,short,none,SUCCEEDED,1,ACKED,2026-10-01T00:07:31.454283Z,2026-10-01T00:07:31.673324Z,2026-10-01T00:07:31.718861Z,219.0,45.5
0578897e-edb7-4ac8-a9c9-fe7b5b2845a6,short,none,SUCCEEDED,1,ACKED,2026-10-01T00:07:31.485439Z,2026-10-01T00:07:31.704346Z,2026-10-01T00:07:31.750392Z,218.9,46.0
1704a5b8-43d1-424a-8888-06e5c7c1df17,medium,none,SUCCEEDED,1,ACKED,2026-10-01T00:07:31.514979Z,2026-10-01T00:07:31.719861Z,2026-10-01T00:07:31.967808Z,204.9,247.9
03a273ec-5bc8-4e43-b305-8ecfff124d4e,short,none,SUCCEEDED,1,ACKED,2026-10-01T00:07:31.562650Z,2026-10-01T00:07:31.751389Z,2026-10-01T00:07:31.797769Z,188.7,46.4
48b6a49d-613b-425a-8f39-c3f1b4d454c5,medium,none,SUCCEEDED,1,ACKED,2026-10-01T00:07:31.595199Z,2026-10-01T00:07:31.798771Z,2026-10-01T00:07:32.062628Z,203.6,263.9
40feb674-1bf2-41dd-8fd1-c85cd1db3811,short,none,SUCCEEDED,1,ACKED,2026-10-01T00:07:31.627259Z,2026-10-01T00:07:31.830642Z,2026-10-01T00:07:31.858998Z,203.4,28.4
77518e9c-2661-43f2-9295-b66d7f49b085,medium,none,SUCCEEDED,1,ACKED,2026-10-01T00:07:31.657788Z,2026-10-01T00:07:31.861416Z,2026-10-01T00:07:32.093339Z,203.6,231.9
f7a06068-1b0b-4d71-870e-372a636f1f66,short,none,SUCCEEDED,1,ACKED,2026-10-01T00:07:31.689326Z,2026-10-01T00:07:31.968808Z,2026-10-01T00:07:31.998901Z,279.5,30.1
f9c16755-29b5-4efa-9c99-85c0f04e5e21,short,none,SUCCEEDED,1,ACKED,2026-10-01T00:07:31.720861Z,2026-10-01T00:07:31.999900Z,2026-10-01T00:07:32.014949Z,279.0,15.0
c973c597-5363-4369-b944-c05df62ef459,short,none,SUCCEEDED,1,ACKED,2026-10-01T00:07:31.751389Z,2026-10-01T00:07:32.016458Z,2026-10-01T00:07:32.062628Z,265.1,46.2
01c65758-9438-49d4-a6de-2dc08f34dc1c,medium,none,SUCCEEDED,1,ACKED,2026-10-01T00:07:31.783759Z,2026-10-01T00:07:32.063629Z,2026-10-01T00:07:32.267512Z,279.9,203.9
0c1216d6-91b2-4f28-898e-c30ac8d92cd2,medium,none,SUCCEEDED,1,ACKED,2026-10-01T00:07:31.815108Z,2026-10-01T00:07:32.094851Z,2026-10-01T00:07:32.330172Z,279.7,235.3
99bee1d4-b878-4abf-8695-7fdbe041837f,medium,none,SUCCEEDED,1,ACKED,2026-10-01T00:07:31.860914Z,2026-10-01T00:07:32.094851Z,2026-10-01T00:07:32.346191Z,233.9,251.3
1a874ea6-e1c1-4b7f-9082-c46c7514c1a3,medium,none,SUCCEEDED,1,ACKED,2026-10-01T00:07:31.891670Z,2026-10-01T00:07:32.268514Z,2026-10-01T00:07:32.534055Z,376.8,265.5
c6981180-061c-4432-8fff-0baf1904e8ab,medium,none,SUCCEEDED,1,ACKED,2026-10-01T00:07:31.921720Z,2026-10-01T00:07:32.299643Z,2026-10-01T00:07:32.424512Z,377.9,124.9
9f50ec2d-7d59-4fc2-9648-788ede9b2ea9,short,none,SUCCEEDED,1,ACKED,2026-10-01T00:07:31.953741Z,2026-10-01T00:07:32.331172Z,2026-10-01T00:07:32.362010Z,377.4,30.8
c6509194-d1a2-45bb-8626-11a7c4a38446,short,none,SUCCEEDED,1,ACKED,2026-10-01T00:07:31.984370Z,2026-10-01T00:07:32.347190Z,2026-10-01T00:07:32.362010Z,362.8,14.8
3057dff7-7e28-4161-8553-51b2525453d4,medium,none,SUCCEEDED,1,ACKED,2026-10-01T00:07:32.016458Z,2026-10-01T00:07:32.363515Z,2026-10-01T00:07:32.643221Z,347.1,279.7
54c5a10c-5777-4bb6-b414-09ef9bb6c3e4,medium,none,SUCCEEDED,1,ACKED,2026-10-01T00:07:32.048097Z,2026-10-01T00:07:32.363515Z,2026-10-01T00:07:32.534055Z,315.4,170.5
5b3fea94-3d9b-4a23-a21d-78adf0d401f4,short,none,SUCCEEDED,1,ACKED,2026-10-01T00:07:32.094851Z,2026-10-01T00:07:32.410418Z,2026-10-01T00:07:32.440532Z,315.6,30.1
e7e6d0cf-a333-4292-bd01-2319e79a2dbd,short,none,SUCCEEDED,1,ACKED,2026-10-01T00:07:32.125914Z,2026-10-01T00:07:32.410418Z,2026-10-01T00:07:32.440532Z,284.5,30.1
1dcc5f95-0770-49fc-a416-0cb65d089777,short,none,SUCCEEDED,1,ACKED,2026-10-01T00:07:32.158969Z,2026-10-01T00:07:32.426016Z,2026-10-01T00:07:32.440532Z,267.0,14.5
0982d39a-c40a-4134-afbc-5f66a056a251,short,none,SUCCEEDED,1,ACKED,2026-10-01T00:07:32.190512Z,2026-10-01T00:07:32.441532Z,2026-10-01T00:07:32.456044Z,251.0,14.5
fd1090d6-8807-4586-aa06-c5dcc199c30f,short,none,SUCCEEDED,1,ACKED,2026-10-01T00:07:32.220964Z,2026-10-01T00:07:32.441532Z,2026-10-01T00:07:32.471852Z,220.6,30.3
df494ccf-48ed-440a-b1df-57c081760f24,short,none,SUCCEEDED,1,ACKED,2026-10-01T00:07:32.253484Z,2026-10-01T00:07:32.441532Z,2026-10-01T00:07:32.471852Z,188.0,30.3
caff4235-6094-4eff-9b3b-0f278b3aa0f8,medium,none,SUCCEEDED,1,ACKED,2026-10-01T00:07:32.284116Z,2026-10-01T00:07:32.457549Z,2026-10-01T00:07:32.596902Z,173.4,139.4
ec04097e-c91d-47a4-a603-8fcf42477d3e,short,none,SUCCEEDED,1,ACKED,2026-10-01T00:07:32.315661Z,2026-10-01T00:07:32.472776Z,2026-10-01T00:07:32.503187Z,157.1,30.4
1ba9c848-224a-4d30-bf3e-8a4958d4f86a,short,none,SUCCEEDED,1,ACKED,2026-10-01T00:07:32.363515Z,2026-10-01T00:07:32.504184Z,2026-10-01T00:07:32.534055Z,140.7,29.9
c667ce54-5731-4a7e-827b-1d435a244015,medium,none,SUCCEEDED,1,ACKED,2026-10-01T00:07:32.394838Z,2026-10-01T00:07:32.534786Z,2026-10-01T00:07:32.816781Z,139.9,282.0
bbb5842e-2f6c-46a4-968f-0cea9cd7ecd7,short,none,SUCCEEDED,1,ACKED,2026-10-01T00:07:32.426016Z,2026-10-01T00:07:32.534786Z,2026-10-01T00:07:32.549179Z,108.8,14.4
4c302ae9-7fd3-4497-ade0-49864508901e,short,none,SUCCEEDED,1,ACKED,2026-10-01T00:07:32.458059Z,2026-10-01T00:07:32.534786Z,2026-10-01T00:07:32.580719Z,76.7,45.9
8799ace9-c106-4899-b18b-8f4e7b078b0d,short,none,SUCCEEDED,1,ACKED,2026-10-01T00:07:32.488653Z,2026-10-01T00:07:32.550177Z,2026-10-01T00:07:32.564702Z,61.5,14.5
1ae71ff7-59aa-4970-808a-e6b01bb705e7,short,none,SUCCEEDED,1,ACKED,2026-10-01T00:07:32.520026Z,2026-10-01T00:07:32.550177Z,2026-10-01T00:07:32.580719Z,30.2,30.5
7abaa7b6-f622-4091-868c-5ca27c1b8593,medium,transient,SUCCEEDED,1,NACKED,2026-10-01T00:07:32.550177Z,2026-10-01T00:07:32.565704Z,2026-10-01T00:07:32.737930Z,15.5,172.2
7abaa7b6-f622-4091-868c-5ca27c1b8593,medium,transient,SUCCEEDED,2,ACKED,2026-10-01T00:07:33.649930Z,2026-10-01T00:07:33.758520Z,2026-10-01T00:07:33.944513Z,108.6,186.0
5c774950-8902-43de-adf3-1a46bc111eb2,medium,none,SUCCEEDED,1,ACKED,2026-10-01T00:07:32.582719Z,2026-10-01T00:07:32.583221Z,2026-10-01T00:07:32.894775Z,0.5,311.6
af24a56c-67d9-4710-873c-1404e3173c40,medium,transient,SUCCEEDED,1,NACKED,2026-10-01T00:07:32.629718Z,2026-10-01T00:07:32.630719Z,2026-10-01T00:07:32.894775Z,1.0,264.1
af24a56c-67d9-4710-873c-1404e3173c40,medium,transient,SUCCEEDED,2,ACKED,2026-10-01T00:07:33.790775Z,2026-10-01T00:07:33.866976Z,2026-10-01T00:07:34.132039Z,76.2,265.1
3c293daa-7655-44a0-aafd-5772ff397440,medium,none,SUCCEEDED,1,ACKED,2026-10-01T00:07:32.660738Z,2026-10-01T00:07:32.661744Z,2026-10-01T00:07:32.863930Z,1.0,202.2
f6f074bc-e28e-44db-a296-fe2d0672a970,medium,transient,SUCCEEDED,1,NACKED,2026-10-01T00:07:32.692361Z,2026-10-01T00:07:32.693362Z,2026-10-01T00:07:32.832296Z,1.0,138.9
f6f074bc-e28e-44db-a296-fe2d0672a970,medium,transient,SUCCEEDED,2,ACKED,2026-10-01T00:07:33.535296Z,2026-10-01T00:07:33.536618Z,2026-10-01T00:07:33.678131Z,1.3,141.5
17e0e2a3-bd88-4d32-a4c6-ad3bc3cf9c31,short,none,SUCCEEDED,1,ACKED,2026-10-01T00:07:32.724408Z,2026-10-01T00:07:32.725409Z,2026-10-01T00:07:32.769976Z,1.0,44.6
51093c58-d19d-452d-a0eb-d5c753ebaa92,medium,none,SUCCEEDED,1,ACKED,2026-10-01T00:07:32.755947Z,2026-10-01T00:07:32.756946Z,2026-10-01T00:07:33.005412Z,1.0,248.5
65052dbc-2c83-4c80-8be2-d76135768ec0,short,none,SUCCEEDED,1,ACKED,2026-10-01T00:07:32.787576Z,2026-10-01T00:07:32.787576Z,2026-10-01T00:07:32.816781Z,0.0,29.2
de16ec35-045e-4cb2-ac90-118c3edad7d1,short,none,SUCCEEDED,1,ACKED,2026-10-01T00:07:32.817783Z,2026-10-01T00:07:32.819287Z,2026-10-01T00:07:32.879572Z,1.5,60.3
6560a4ec-4d90-4aa2-8d01-019d792171e6,short,none,SUCCEEDED,1,ACKED,2026-10-01T00:07:32.849412Z,2026-10-01T00:07:32.851411Z,2026-10-01T00:07:32.879572Z,2.0,28.2
e3c87ef0-df1d-489b-92d2-282c84038979,short,transient,SUCCEEDED,1,NACKED,2026-10-01T00:07:32.896281Z,2026-10-01T00:07:32.897287Z,2026-10-01T00:07:32.942350Z,1.0,45.1
e3c87ef0-df1d-489b-92d2-282c84038979,short,transient,SUCCEEDED,2,ACKED,2026-10-01T00:07:33.530350Z,2026-10-01T00:07:33.536618Z,2026-10-01T00:07:33.583129Z,6.3,46.5
e18dedef-697f-4ee9-9179-a1000dd5eb5c,short,none,SUCCEEDED,1,ACKED,2026-10-01T00:07:32.928324Z,2026-10-01T00:07:32.929830Z,2026-10-01T00:07:32.957852Z,1.5,28.0
6132c2e3-4c79-47a8-97dc-67f0621fba25,short,none,SUCCEEDED,1,ACKED,2026-10-01T00:07:32.959358Z,2026-10-01T00:07:32.960866Z,2026-10-01T00:07:32.989385Z,1.5,28.5
cdd4bee8-0064-4605-b701-bff8e8dcd550,short,transient,DEAD_LETTER,1,NACKED,2026-10-01T00:07:32.990891Z,2026-10-01T00:07:32.991898Z,2026-10-01T00:07:33.036949Z,1.0,45.1
cdd4bee8-0064-4605-b701-bff8e8dcd550,short,transient,DEAD_LETTER,2,NACKED,2026-10-01T00:07:33.950949Z,2026-10-01T00:07:33.976612Z,2026-10-01T00:07:34.022722Z,25.7,46.1
cdd4bee8-0064-4605-b701-bff8e8dcd550,short,transient,DEAD_LETTER,3,NACKED,2026-10-01T00:07:35.442722Z,2026-10-01T00:07:35.505209Z,2026-10-01T00:07:35.551042Z,62.5,45.8
f6e25c41-65bf-41a4-abb4-2d2b14160c40,short,none,SUCCEEDED,1,ACKED,2026-10-01T00:07:33.022428Z,2026-10-01T00:07:33.023434Z,2026-10-01T00:07:33.068080Z,1.0,44.6
1c43e1bb-3f6b-4647-9801-14a7280381e5,short,none,SUCCEEDED,1,ACKED,2026-10-01T00:07:33.053655Z,2026-10-01T00:07:33.054659Z,2026-10-01T00:07:33.099306Z,1.0,44.6
1fcb8a4a-11ee-477f-8d65-e0684b1b27e3,short,none,SUCCEEDED,1,ACKED,2026-10-01T00:07:33.085270Z,2026-10-01T00:07:33.086275Z,2026-10-01T00:07:33.130578Z,1.0,44.3
2c18dfc7-0f7a-4b2b-86d2-0042334af9b9,long,none,SUCCEEDED,1,ACKED,2026-10-01T00:07:33.117068Z,2026-10-01T00:07:33.118068Z,2026-10-01T00:07:35.053346Z,1.0,1935.3
903f869e-4972-4b84-ba60-088440a9df95,medium,none,SUCCEEDED,1,ACKED,2026-10-01T00:07:33.163608Z,2026-10-01T00:07:33.164608Z,2026-10-01T00:07:33.365254Z,1.0,200.6
ad6a7a9b-241f-4f9f-a0bd-80c294fedc93,short,permanent,FAILED,1,NACKED,2026-10-01T00:07:33.194652Z,2026-10-01T00:07:33.195651Z,2026-10-01T00:07:33.224020Z,1.0,28.4
319b5f80-f341-49e7-ad7d-fb365c33dc0e,short,none,SUCCEEDED,1,ACKED,2026-10-01T00:07:33.225021Z,2026-10-01T00:07:33.226020Z,2026-10-01T00:07:33.271012Z,1.0,45.0
d5364975-da90-4da5-a771-aec428607912,medium,none,SUCCEEDED,1,ACKED,2026-10-01T00:07:33.256003Z,2026-10-01T00:07:33.257002Z,2026-10-01T00:07:33.551136Z,1.0,294.1
2ce9e379-3856-44fc-952f-2caee5713584,long,none,SUCCEEDED,1,ACKED,2026-10-01T00:07:33.288670Z,2026-10-01T00:07:33.289670Z,2026-10-01T00:07:34.725884Z,1.0,1436.2
5003027c-0b8b-4bac-a30b-546560d0d3f7,medium,none,SUCCEEDED,1,ACKED,2026-10-01T00:07:33.320719Z,2026-10-01T00:07:33.320719Z,2026-10-01T00:07:33.520210Z,0.0,199.5
53479016-058c-4b1b-b004-8ea7ccc9eef4,medium,none,SUCCEEDED,1,ACKED,2026-10-01T00:07:33.351235Z,2026-10-01T00:07:33.352236Z,2026-10-01T00:07:33.504183Z,1.0,151.9
0252edc9-026a-45fc-8aab-930e5790c3c1,short,transient,SUCCEEDED,1,NACKED,2026-10-01T00:07:33.382317Z,2026-10-01T00:07:33.384317Z,2026-10-01T00:07:33.411801Z,2.0,27.5
0252edc9-026a-45fc-8aab-930e5790c3c1,short,transient,SUCCEEDED,2,ACKED,2026-10-01T00:07:34.118801Z,2026-10-01T00:07:34.196653Z,2026-10-01T00:07:34.226689Z,77.9,30.0
4831cc24-861d-419e-bcab-2ea8c3c1846a,short,transient,SUCCEEDED,1,NACKED,2026-10-01T00:07:33.428326Z,2026-10-01T00:07:33.429326Z,2026-10-01T00:07:33.488613Z,1.0,59.3
4831cc24-861d-419e-bcab-2ea8c3c1846a,short,transient,SUCCEEDED,2,ACKED,2026-10-01T00:07:34.113613Z,2026-10-01T00:07:34.196653Z,2026-10-01T00:07:34.243205Z,83.0,46.6
79843546-2824-42d5-99a1-c52f883319e2,medium,none,SUCCEEDED,1,ACKED,2026-10-01T00:07:33.459354Z,2026-10-01T00:07:33.460358Z,2026-10-01T00:07:33.662118Z,1.0,201.8
f3701b2c-b653-48c9-b8f8-421e013ff28a,short,none,SUCCEEDED,1,ACKED,2026-10-01T00:07:33.490176Z,2026-10-01T00:07:33.491175Z,2026-10-01T00:07:33.535714Z,1.0,44.5
b4847b3b-b773-44b6-a71e-e2dc4a2a7cd2,short,none,SUCCEEDED,1,ACKED,2026-10-01T00:07:33.521207Z,2026-10-01T00:07:33.522208Z,2026-10-01T00:07:33.583129Z,1.0,60.9
b8eadaef-8bc2-4537-945c-7e6bb97d9efb,long,none,SUCCEEDED,1,ACKED,2026-10-01T00:07:33.553137Z,2026-10-01T00:07:33.554136Z,2026-10-01T00:07:35.488968Z,1.0,1934.8
c582c95a-5af0-457b-a29e-2ef88fd89ac6,short,none,SUCCEEDED,1,ACKED,2026-10-01T00:07:33.585129Z,2026-10-01T00:07:33.586128Z,2026-10-01T00:07:33.630579Z,1.0,44.5
ca873064-c898-41cc-a5d2-abb503168f73,short,none,SUCCEEDED,1,ACKED,2026-10-01T00:07:33.617311Z,2026-10-01T00:07:33.618312Z,2026-10-01T00:07:33.662118Z,1.0,43.8
75c6ad49-1bae-431f-925a-9868d1ea6f5a,short,none,SUCCEEDED,1,ACKED,2026-10-01T00:07:33.663628Z,2026-10-01T00:07:33.663628Z,2026-10-01T00:07:33.694213Z,0.0,30.6
a8fff285-0446-449a-8be9-fa02d3a4e873,short,none,SUCCEEDED,1,ACKED,2026-10-01T00:07:33.695826Z,2026-10-01T00:07:33.696825Z,2026-10-01T00:07:33.741495Z,1.0,44.7
bc17c68c-868e-4634-bfa7-3b877c4a3215,medium,none,SUCCEEDED,1,ACKED,2026-10-01T00:07:33.727874Z,2026-10-01T00:07:33.728378Z,2026-10-01T00:07:33.865976Z,0.5,137.6
1a3432c8-88ac-4f4e-b0a5-ff9ce1929546,medium,none,SUCCEEDED,1,ACKED,2026-10-01T00:07:33.758520Z,2026-10-01T00:07:33.759520Z,2026-10-01T00:07:33.976109Z,1.0,216.6
05d160a9-f02a-4fb5-9fe8-f1e5ae9ee499,short,none,SUCCEEDED,1,ACKED,2026-10-01T00:07:33.789578Z,2026-10-01T00:07:33.791577Z,2026-10-01T00:07:33.835211Z,2.0,43.6
c5219012-c720-4310-9b62-b0bd79523dd0,short,none,SUCCEEDED,1,ACKED,2026-10-01T00:07:33.821171Z,2026-10-01T00:07:33.822677Z,2026-10-01T00:07:33.881499Z,1.5,58.8
cbf46c5a-1ed2-4ee5-868e-15337bb2f29f,short,none,SUCCEEDED,1,ACKED,2026-10-01T00:07:33.852459Z,2026-10-01T00:07:33.853462Z,2026-10-01T00:07:33.897270Z,1.0,43.8
4f4f7e01-590b-4f5c-98b4-13fa1b85d226,short,none,SUCCEEDED,1,ACKED,2026-10-01T00:07:33.882764Z,2026-10-01T00:07:33.883771Z,2026-10-01T00:07:33.913289Z,1.0,29.5
e59edd39-49f8-403c-a5c4-06fce1bc2ad3,short,none,SUCCEEDED,1,ACKED,2026-10-01T00:07:33.914797Z,2026-10-01T00:07:33.915798Z,2026-10-01T00:07:33.944513Z,1.0,28.7
56a3b76e-fa25-4944-a915-da08385308f5,medium,none,SUCCEEDED,1,ACKED,2026-10-01T00:07:33.962073Z,2026-10-01T00:07:33.964072Z,2026-10-01T00:07:34.195146Z,2.0,231.1
5991016e-303b-488d-9243-fed5c2b2f7ea,short,transient,SUCCEEDED,1,NACKED,2026-10-01T00:07:33.993631Z,2026-10-01T00:07:33.994630Z,2026-10-01T00:07:34.007156Z,1.0,12.5
5991016e-303b-488d-9243-fed5c2b2f7ea,short,transient,SUCCEEDED,2,ACKED,2026-10-01T00:07:34.722156Z,2026-10-01T00:07:34.742411Z,2026-10-01T00:07:34.756924Z,20.3,14.5
3975b48f-4e81-465d-8dfd-9c6dd487f056,medium,none,SUCCEEDED,1,ACKED,2026-10-01T00:07:34.023727Z,2026-10-01T00:07:34.024728Z,2026-10-01T00:07:34.226689Z,1.0,202.0
2cffe646-47e7-42d9-b29a-42a7a432c9d0,short,permanent,FAILED,1,NACKED,2026-10-01T00:07:34.055488Z,2026-10-01T00:07:34.057486Z,2026-10-01T00:07:34.086083Z,2.0,28.6
fd6ae7aa-7708-45ae-bc6e-d51a6535b834,medium,none,SUCCEEDED,1,ACKED,2026-10-01T00:07:34.087248Z,2026-10-01T00:07:34.088255Z,2026-10-01T00:07:34.398574Z,1.0,310.3
8044e0c3-ed3e-4451-819d-9071f884e8a9,short,none,SUCCEEDED,1,ACKED,2026-10-01T00:07:34.117942Z,2026-10-01T00:07:34.118941Z,2026-10-01T00:07:34.148567Z,1.0,29.6
8681ad04-750f-4971-b398-ae3419e794db,medium,none,SUCCEEDED,1,ACKED,2026-10-01T00:07:34.149573Z,2026-10-01T00:07:34.151574Z,2026-10-01T00:07:34.445670Z,2.0,294.1
2cfe71df-e5ec-468c-afd7-27a8a4106fc5,medium,none,SUCCEEDED,1,ACKED,2026-10-01T00:07:34.196653Z,2026-10-01T00:07:34.226689Z,2026-10-01T00:07:34.445670Z,30.0,219.0
56f4d681-3273-42f6-84a4-d4f3892865c0,short,none,SUCCEEDED,1,ACKED,2026-10-01T00:07:34.228194Z,2026-10-01T00:07:34.229200Z,2026-10-01T00:07:34.258719Z,1.0,29.5
d994645c-4773-471b-ae40-8836c389be84,short,none,SUCCEEDED,1,ACKED,2026-10-01T00:07:34.260222Z,2026-10-01T00:07:34.260222Z,2026-10-01T00:07:34.305385Z,0.0,45.2
43784f93-d44e-4c53-af6b-b1e342c001ab,short,none,SUCCEEDED,1,ACKED,2026-10-01T00:07:34.290846Z,2026-10-01T00:07:34.292851Z,2026-10-01T00:07:34.320900Z,2.0,28.0
9d2d8052-1927-4dd3-9cc0-035775a7b547,medium,none,SUCCEEDED,1,ACKED,2026-10-01T00:07:34.322461Z,2026-10-01T00:07:34.323468Z,2026-10-01T00:07:34.554697Z,1.0,231.2
df89f012-373e-4f4e-a003-df58201187ff,short,transient,SUCCEEDED,1,NACKED,2026-10-01T00:07:34.354151Z,2026-10-01T00:07:34.355153Z,2026-10-01T00:07:34.383046Z,1.0,27.9
df89f012-373e-4f4e-a003-df58201187ff,short,transient,SUCCEEDED,2,ACKED,2026-10-01T00:07:35.007046Z,2026-10-01T00:07:35.069516Z,2026-10-01T00:07:35.100042Z,62.5,30.5
8d78ed2f-790c-4890-8e81-5bc99bbb2065,short,transient,SUCCEEDED,1,NACKED,2026-10-01T00:07:34.384551Z,2026-10-01T00:07:34.386062Z,2026-10-01T00:07:34.414585Z,1.5,28.5
8d78ed2f-790c-4890-8e81-5bc99bbb2065,short,transient,SUCCEEDED,2,ACKED,2026-10-01T00:07:35.399585Z,2026-10-01T00:07:35.505209Z,2026-10-01T00:07:35.535025Z,105.6,29.8
6bcff518-23da-4310-8582-35d3e6d11de4,short,none,SUCCEEDED,1,ACKED,2026-10-01T00:07:34.415586Z,2026-10-01T00:07:34.416585Z,2026-10-01T00:07:34.445670Z,1.0,29.1
e0996c61-b71f-46ae-9830-124cea06ad91,short,none,SUCCEEDED,1,ACKED,2026-10-01T00:07:34.462785Z,2026-10-01T00:07:34.463786Z,2026-10-01T00:07:34.522719Z,1.0,58.9
c10aa42f-4ba6-4d70-9787-da0d7074fd83,medium,none,SUCCEEDED,1,ACKED,2026-10-01T00:07:34.493674Z,2026-10-01T00:07:34.494674Z,2026-10-01T00:07:34.756924Z,1.0,262.3
8cbcd535-6dd9-48e0-be4a-89b72cede7fc,short,none,SUCCEEDED,1,ACKED,2026-10-01T00:07:34.523648Z,2026-10-01T00:07:34.526164Z,2026-10-01T00:07:34.569708Z,2.5,43.5
48da51b1-8863-4db9-9220-9eb74f9963ec,short,transient,SUCCEEDED,1,NACKED,2026-10-01T00:07:34.555696Z,2026-10-01T00:07:34.556698Z,2026-10-01T00:07:34.600607Z,1.0,43.9
48da51b1-8863-4db9-9220-9eb74f9963ec,short,transient,SUCCEEDED,2,ACKED,2026-10-01T00:07:35.422607Z,2026-10-01T00:07:35.505209Z,2026-10-01T00:07:35.551042Z,82.6,45.8
0d5cb9ce-22cd-4ddc-8aa3-a26bfe53170f,short,none,SUCCEEDED,1,ACKED,2026-10-01T00:07:34.586239Z,2026-10-01T00:07:34.587238Z,2026-10-01T00:07:34.647677Z,1.0,60.4
4f840414-edf0-4960-8a90-931aacc36414,short,none,SUCCEEDED,1,ACKED,2026-10-01T00:07:34.618033Z,2026-10-01T00:07:34.618033Z,2026-10-01T00:07:34.647677Z,0.0,29.6
441f50d8-7ec2-41ca-bfbb-13568f7c689f,medium,none,SUCCEEDED,1,ACKED,2026-10-01T00:07:34.648677Z,2026-10-01T00:07:34.649675Z,2026-10-01T00:07:34.897664Z,1.0,248.0
e993ae7a-0f28-4c52-8f36-ade52407140b,short,transient,SUCCEEDED,1,NACKED,2026-10-01T00:07:34.696969Z,2026-10-01T00:07:34.697972Z,2026-10-01T00:07:34.741410Z,1.0,43.4
e993ae7a-0f28-4c52-8f36-ade52407140b,short,transient,SUCCEEDED,2,ACKED,2026-10-01T00:07:35.333410Z,2026-10-01T00:07:35.396962Z,2026-10-01T00:07:35.442594Z,63.6,45.6
0b95c971-af23-49cf-a443-c0ba9bae4f68,long,none,SUCCEEDED,1,ACKED,2026-10-01T00:07:34.727387Z,2026-10-01T00:07:34.727387Z,2026-10-01T00:07:36.347550Z,0.0,1620.2
a22b63c6-cc67-4b29-ba7f-44ca658477ec,long,none,SUCCEEDED,1,ACKED,2026-10-01T00:07:34.757926Z,2026-10-01T00:07:34.758923Z,2026-10-01T00:07:36.363080Z,1.0,1604.2
6b2a29c3-b284-4ecc-9514-91a6268e655f,short,none,SUCCEEDED,1,ACKED,2026-10-01T00:07:34.790981Z,2026-10-01T00:07:34.791981Z,2026-10-01T00:07:34.835687Z,1.0,43.7
69a6b0f0-9b0f-4390-a5e7-fe8b740a9040,short,none,SUCCEEDED,1,ACKED,2026-10-01T00:07:34.821006Z,2026-10-01T00:07:34.822561Z,2026-10-01T00:07:34.866883Z,1.6,44.3
2f0e9697-6e26-4202-8606-efdc3c876d1a,short,none,SUCCEEDED,1,ACKED,2026-10-01T00:07:34.852843Z,2026-10-01T00:07:34.854353Z,2026-10-01T00:07:34.882133Z,1.5,27.8
9a51784a-22c6-45a1-9222-6df20dcf5d8c,short,none,SUCCEEDED,1,ACKED,2026-10-01T00:07:34.883644Z,2026-10-01T00:07:34.884644Z,2026-10-01T00:07:34.913180Z,1.0,28.5
ca59c338-e053-4c3d-92ae-26311fc367ad,short,none,SUCCEEDED,1,ACKED,2026-10-01T00:07:34.914179Z,2026-10-01T00:07:34.915411Z,2026-10-01T00:07:34.959526Z,1.2,44.1
8cfde391-1c2e-4b21-b1b7-14992762aedf,short,none,SUCCEEDED,1,ACKED,2026-10-01T00:07:34.960530Z,2026-10-01T00:07:34.962036Z,2026-10-01T00:07:35.022125Z,1.5,60.1
d97078fa-1ac5-418c-83cb-0094762abcfb,short,transient,SUCCEEDED,1,NACKED,2026-10-01T00:07:34.992594Z,2026-10-01T00:07:34.993596Z,2026-10-01T00:07:35.053346Z,1.0,59.8
d97078fa-1ac5-418c-83cb-0094762abcfb,short,transient,SUCCEEDED,2,ACKED,2026-10-01T00:07:35.845346Z,2026-10-01T00:07:35.944324Z,2026-10-01T00:07:35.990647Z,99.0,46.3
7fc46d3a-22c8-4b4b-a39d-8eda701b57a6,short,transient,SUCCEEDED,1,NACKED,2026-10-01T00:07:35.023640Z,2026-10-01T00:07:35.024647Z,2026-10-01T00:07:35.068514Z,1.0,43.9
7fc46d3a-22c8-4b4b-a39d-8eda701b57a6,short,transient,SUCCEEDED,2,ACKED,2026-10-01T00:07:35.581514Z,2026-10-01T00:07:35.614960Z,2026-10-01T00:07:35.661070Z,33.4,46.1
908a7c18-680c-48bd-a66b-df1e7c054aa7,medium,none,SUCCEEDED,1,ACKED,2026-10-01T00:07:35.054502Z,2026-10-01T00:07:35.055506Z,2026-10-01T00:07:35.256401Z,1.0,200.9
2ff111d8-b2e0-4048-8457-30ace5b9b20f,medium,none,SUCCEEDED,1,ACKED,2026-10-01T00:07:35.086529Z,2026-10-01T00:07:35.087534Z,2026-10-01T00:07:35.395957Z,1.0,308.4
a0155f65-adb4-4b99-8ed6-16509a09dda5,short,none,SUCCEEDED,1,ACKED,2026-10-01T00:07:35.117119Z,2026-10-01T00:07:35.119123Z,2026-10-01T00:07:35.162168Z,2.0,43.0
f4b5a5ca-357c-4245-a10e-6c8f9b1ad796,short,none,SUCCEEDED,1,ACKED,2026-10-01T00:07:35.163678Z,2026-10-01T00:07:35.164679Z,2026-10-01T00:07:35.193730Z,1.0,29.1
552a6e5e-4541-4da4-903c-ee676fe2a278,short,none,SUCCEEDED,1,ACKED,2026-10-01T00:07:35.195829Z,2026-10-01T00:07:35.196828Z,2026-10-01T00:07:35.225680Z,1.0,28.9
64fb7ed9-6296-4609-9f96-2cfdd1cfc166,short,none,SUCCEEDED,1,ACKED,2026-10-01T00:07:35.228188Z,2026-10-01T00:07:35.228188Z,2026-10-01T00:07:35.271906Z,0.0,43.7
58a1ee49-98d5-4ce3-9ec7-39b3fa7d9126,medium,none,SUCCEEDED,1,ACKED,2026-10-01T00:07:35.258403Z,2026-10-01T00:07:35.259401Z,2026-10-01T00:07:35.442594Z,1.0,183.2
2eb08a87-2de3-4d54-8fad-2f1ac75e8223,short,none,SUCCEEDED,1,ACKED,2026-10-01T00:07:35.289023Z,2026-10-01T00:07:35.290026Z,2026-10-01T00:07:35.316981Z,1.0,27.0
d9bfa127-a7dd-43e5-a0e5-b5689c235202,short,none,SUCCEEDED,1,ACKED,2026-10-01T00:07:35.318979Z,2026-10-01T00:07:35.319981Z,2026-10-01T00:07:35.363923Z,1.0,43.9
180a2f71-8562-445b-a8c8-9c7ed6d28889,short,none,SUCCEEDED,1,ACKED,2026-10-01T00:07:35.349834Z,2026-10-01T00:07:35.350834Z,2026-10-01T00:07:35.395957Z,1.0,45.1
6d14520a-c99d-496a-a9cc-1968a58ff6db,short,none,SUCCEEDED,1,ACKED,2026-10-01T00:07:35.381938Z,2026-10-01T00:07:35.382938Z,2026-10-01T00:07:35.426994Z,1.0,44.1
6a7b399e-ad28-40f5-bde1-13c518c9e086,medium,none,SUCCEEDED,1,ACKED,2026-10-01T00:07:35.428501Z,2026-10-01T00:07:35.428501Z,2026-10-01T00:07:35.629504Z,0.0,201.0
11d2c11c-6bea-4d07-a3d4-34b5b0d04bee,short,none,SUCCEEDED,1,ACKED,2026-10-01T00:07:35.459099Z,2026-10-01T00:07:35.460099Z,2026-10-01T00:07:35.504203Z,1.0,44.1
a232017e-fcdd-41bb-b19b-a2c96fcb62c3,short,none,SUCCEEDED,1,ACKED,2026-10-01T00:07:35.490685Z,2026-10-01T00:07:35.491685Z,2026-10-01T00:07:35.519517Z,1.0,27.8
8edea721-87d9-4513-b3ee-b55ced1c9dd9,short,none,SUCCEEDED,1,ACKED,2026-10-01T00:07:35.520516Z,2026-10-01T00:07:35.521518Z,2026-10-01T00:07:35.551042Z,1.0,29.5
59de0653-ecd9-4af8-8801-4feaa96a833f,short,none,SUCCEEDED,1,ACKED,2026-10-01T00:07:35.552043Z,2026-10-01T00:07:35.553044Z,2026-10-01T00:07:35.598111Z,1.0,45.1
a79c7700-1fe7-4b7a-8cef-0a2ea1ee715a,short,none,SUCCEEDED,1,ACKED,2026-10-01T00:07:35.583071Z,2026-10-01T00:07:35.585070Z,2026-10-01T00:07:35.613958Z,2.0,28.9
b33b6ba7-e8f0-441b-99d6-2062fec35fa6,short,none,SUCCEEDED,1,ACKED,2026-10-01T00:07:35.614960Z,2026-10-01T00:07:35.615960Z,2026-10-01T00:07:35.645560Z,1.0,29.6
8a58a70f-7305-4fb7-8dbf-d8b4a8b84ff3,short,none,SUCCEEDED,1,ACKED,2026-10-01T00:07:35.662579Z,2026-10-01T00:07:35.663085Z,2026-10-01T00:07:35.708011Z,0.5,44.9
a5ed3bf4-a06a-4921-a85b-53f31a9fd2cf,medium,none,SUCCEEDED,1,ACKED,2026-10-01T00:07:35.693491Z,2026-10-01T00:07:35.695498Z,2026-10-01T00:07:35.881196Z,2.0,185.7
265d4c3f-990a-4634-a5bd-bb525f04999c,medium,none,SUCCEEDED,1,ACKED,2026-10-01T00:07:35.724828Z,2026-10-01T00:07:35.725827Z,2026-10-01T00:07:35.990647Z,1.0,264.8
f1c8862c-41d4-4f80-835b-8fb90328a4a0,long,none,SUCCEEDED,1,ACKED,2026-10-01T00:07:35.756650Z,2026-10-01T00:07:35.757650Z,2026-10-01T00:07:36.906389Z,1.0,1148.7
183c6a14-93b4-4197-8bf9-e2111523c704,short,none,SUCCEEDED,1,ACKED,2026-10-01T00:07:35.786952Z,2026-10-01T00:07:35.788087Z,2026-10-01T00:07:35.833675Z,1.1,45.6
e2cf0ef3-b731-4ddb-a8e9-d4a90267126e,short,none,SUCCEEDED,1,ACKED,2026-10-01T00:07:35.818611Z,2026-10-01T00:07:35.819616Z,2026-10-01T00:07:35.865222Z,1.0,45.6
f1ebaccb-e369-4c9f-8dc5-b7aca26acebe,short,none,SUCCEEDED,1,ACKED,2026-10-01T00:07:35.851211Z,2026-10-01T00:07:35.852211Z,2026-10-01T00:07:35.912192Z,1.0,60.0
f75ab312-34a6-4f8d-bd80-dbec72ed2b6a,short,none,SUCCEEDED,1,ACKED,2026-10-01T00:07:35.882509Z,2026-10-01T00:07:35.884012Z,2026-10-01T00:07:35.943819Z,1.5,59.8
67c6e6f4-07d9-432f-b15e-082218386194,short,none,SUCCEEDED,1,ACKED,2026-10-01T00:07:35.930807Z,2026-10-01T00:07:35.931805Z,2026-10-01T00:07:35.975100Z,1.0,43.3
e4ab8d9a-a4a2-4372-b85e-d42cadcbb8da,short,none,SUCCEEDED,1,ACKED,2026-10-01T00:07:35.961877Z,2026-10-01T00:07:35.962876Z,2026-10-01T00:07:36.021306Z,1.0,58.4
9216efd6-06c7-4b07-a717-d89c95bba9a3,short,none,SUCCEEDED,1,ACKED,2026-10-01T00:07:35.992647Z,2026-10-01T00:07:35.993648Z,2026-10-01T00:07:36.036949Z,1.0,43.3
395d803a-9199-45b7-846b-e5048a4b3a78,short,none,SUCCEEDED,1,ACKED,2026-10-01T00:07:36.023308Z,2026-10-01T00:07:36.024309Z,2026-10-01T00:07:36.069874Z,1.0,45.6
af56d167-76d8-4fe5-a74e-8a36e0a2c950,medium,none,SUCCEEDED,1,ACKED,2026-10-01T00:07:36.054308Z,2026-10-01T00:07:36.055305Z,2026-10-01T00:07:36.192521Z,1.0,137.2
7a12a573-3742-4ca8-8a78-8887536c302b,medium,none,SUCCEEDED,1,ACKED,2026-10-01T00:07:36.086582Z,2026-10-01T00:07:36.088086Z,2026-10-01T00:07:36.192521Z,1.5,104.4
89e783bf-3bfd-4c9b-84d8-fd917bbaa210,short,none,SUCCEEDED,1,ACKED,2026-10-01T00:07:36.116238Z,2026-10-01T00:07:36.117242Z,2026-10-01T00:07:36.146188Z,1.0,28.9
d490a776-7507-4368-bd99-4ff795040ffd,short,none,SUCCEEDED,1,ACKED,2026-10-01T00:07:36.163220Z,2026-10-01T00:07:36.164228Z,2026-10-01T00:07:36.192521Z,1.0,28.3
72d04202-d872-4942-9474-783416a649c0,short,none,SUCCEEDED,1,ACKED,2026-10-01T00:07:36.193519Z,2026-10-01T00:07:36.194522Z,2026-10-01T00:07:36.223248Z,1.0,28.7
16067a9f-7aa0-4a31-8fde-d6f708378250,short,none,SUCCEEDED,1,ACKED,2026-10-01T00:07:36.224756Z,2026-10-01T00:07:36.225764Z,2026-10-01T00:07:36.284941Z,1.0,59.2
b4e9954d-36d3-4a1a-a260-649017c3ab63,short,none,SUCCEEDED,1,ACKED,2026-10-01T00:07:36.255445Z,2026-10-01T00:07:36.256443Z,2026-10-01T00:07:36.301510Z,1.0,45.1
c31466fa-90c8-4ed2-8522-2179630b6c49,short,none,SUCCEEDED,1,ACKED,2026-10-01T00:07:36.286452Z,2026-10-01T00:07:36.287451Z,2026-10-01T00:07:36.317007Z,1.0,29.6
da772e4a-3b97-4f2f-9436-e352e0c1b4ab,short,none,SUCCEEDED,1,ACKED,2026-10-01T00:07:36.319010Z,2026-10-01T00:07:36.320011Z,2026-10-01T00:07:36.347550Z,1.0,27.5
22c8ceb0-211c-4fc1-a6fe-b52a937a5129,short,none,SUCCEEDED,1,ACKED,2026-10-01T00:07:36.348547Z,2026-10-01T00:07:36.349547Z,2026-10-01T00:07:36.363080Z,1.0,13.5
4950b88c-d017-42cb-afb8-6f2d8e198291,short,none,SUCCEEDED,1,ACKED,2026-10-01T00:07:36.396570Z,2026-10-01T00:07:36.398570Z,2026-10-01T00:07:36.442692Z,2.0,44.1
b7718718-f4b4-492b-92b2-ddb46ba64742,short,none,SUCCEEDED,1,ACKED,2026-10-01T00:07:36.428665Z,2026-10-01T00:07:36.429665Z,2026-10-01T00:07:36.474134Z,1.0,44.5
f93c5aa5-bee4-4d5c-aed5-025d8dc7d3e1,short,none,SUCCEEDED,1,ACKED,2026-10-01T00:07:36.459721Z,2026-10-01T00:07:36.460720Z,2026-10-01T00:07:36.489662Z,1.0,28.9
846df068-1d9d-4bbb-a0d7-18894a153ef4,medium,none,SUCCEEDED,1,ACKED,2026-10-01T00:07:36.490278Z,2026-10-01T00:07:36.491788Z,2026-10-01T00:07:36.766372Z,1.5,274.6
a71ce760-01c5-4d34-843e-ec25d525c21c,short,transient,DEAD_LETTER,1,NACKED,2026-10-01T00:07:36.522261Z,2026-10-01T00:07:36.524261Z,2026-10-01T00:07:36.566715Z,2.0,42.5
a71ce760-01c5-4d34-843e-ec25d525c21c,short,transient,DEAD_LETTER,2,NACKED,2026-10-01T00:07:37.210715Z,2026-10-01T00:07:37.253960Z,2026-10-01T00:07:37.298774Z,43.2,44.8
a71ce760-01c5-4d34-843e-ec25d525c21c,short,transient,DEAD_LETTER,3,NACKED,2026-10-01T00:07:38.478774Z,2026-10-01T00:07:38.569945Z,2026-10-01T00:07:38.616300Z,91.2,46.4
7c96eea8-f361-4fd6-a79f-a12e204bf29a,short,none,SUCCEEDED,1,ACKED,2026-10-01T00:07:36.552690Z,2026-10-01T00:07:36.553689Z,2026-10-01T00:07:36.611694Z,1.0,58.0
8f4ede13-32a2-48a5-9598-b2d0e39e77d0,short,none,SUCCEEDED,1,ACKED,2026-10-01T00:07:36.583134Z,2026-10-01T00:07:36.584139Z,2026-10-01T00:07:36.627308Z,1.0,43.2
12604c4e-fb9f-4cc1-999e-12c5188866af,medium,none,SUCCEEDED,1,ACKED,2026-10-01T00:07:36.628313Z,2026-10-01T00:07:36.630312Z,2026-10-01T00:07:36.937508Z,2.0,307.2
d13c8ba5-f355-456b-a396-e77449e9eb76,medium,none,SUCCEEDED,1,ACKED,2026-10-01T00:07:36.660650Z,2026-10-01T00:07:36.661648Z,2026-10-01T00:07:36.890776Z,1.0,229.1
9785c0fa-bd01-4bfb-a8fa-7e75a015acfc,short,none,SUCCEEDED,1,ACKED,2026-10-01T00:07:36.690731Z,2026-10-01T00:07:36.691734Z,2026-10-01T00:07:36.720139Z,1.0,28.4
ce8d2759-5164-422e-86be-f1a86156e980,short,none,SUCCEEDED,1,ACKED,2026-10-01T00:07:36.721784Z,2026-10-01T00:07:36.722791Z,2026-10-01T00:07:36.781351Z,1.0,58.6
5efbdc27-ab1a-4827-b0c4-fa8493644d40,short,none,SUCCEEDED,1,ACKED,2026-10-01T00:07:36.753353Z,2026-10-01T00:07:36.754354Z,2026-10-01T00:07:36.781351Z,1.0,27.0
90976d71-e905-4b8a-9581-40febf712797,medium,none,SUCCEEDED,1,ACKED,2026-10-01T00:07:36.782357Z,2026-10-01T00:07:36.783355Z,2026-10-01T00:07:37.032873Z,1.0,249.5
6513ce99-1239-4421-bf4b-647ecae54b73,short,none,SUCCEEDED,1,ACKED,2026-10-01T00:07:36.830935Z,2026-10-01T00:07:36.831936Z,2026-10-01T00:07:36.859584Z,1.0,27.6
d166b647-8850-4456-9dc3-ece64a73b99b,short,none,SUCCEEDED,1,ACKED,2026-10-01T00:07:36.861383Z,2026-10-01T00:07:36.861383Z,2026-10-01T00:07:36.906389Z,0.0,45.0
d7dc7c32-8f25-43aa-b948-2ea4129145de,short,none,SUCCEEDED,1,ACKED,2026-10-01T00:07:36.892445Z,2026-10-01T00:07:36.893445Z,2026-10-01T00:07:36.937508Z,1.0,44.1
e47978ad-6f3d-4eee-a8aa-9e682b37b00d,long,none,SUCCEEDED,1,ACKED,2026-10-01T00:07:36.923498Z,2026-10-01T00:07:36.924501Z,2026-10-01T00:07:38.131982Z,1.0,1207.5
87a56e03-1f57-41aa-8e33-4009a2508090,medium,none,SUCCEEDED,1,ACKED,2026-10-01T00:07:36.953653Z,2026-10-01T00:07:36.954653Z,2026-10-01T00:07:37.126355Z,1.0,171.7
2a943003-895e-46ab-80e6-f9d49cffba1e,medium,transient,SUCCEEDED,1,NACKED,2026-10-01T00:07:36.985870Z,2026-10-01T00:07:36.987379Z,2026-10-01T00:07:37.204656Z,1.5,217.3
2a943003-895e-46ab-80e6-f9d49cffba1e,medium,transient,SUCCEEDED,2,ACKED,2026-10-01T00:07:37.964656Z,2026-10-01T00:07:38.023371Z,2026-10-01T00:07:38.241380Z,58.7,218.0
f401bf97-09bd-4854-bb16-e379fc88801b,medium,none,SUCCEEDED,1,ACKED,2026-10-01T00:07:37.018863Z,2026-10-01T00:07:37.019366Z,2026-10-01T00:07:37.173742Z,0.5,154.4
1ee1ca8b-8ef4-4d63-aa8f-6f0733246f81,short,none,SUCCEEDED,1,ACKED,2026-10-01T00:07:37.050978Z,2026-10-01T00:07:37.051979Z,2026-10-01T00:07:37.063993Z,1.0,12.0
11ba637e-ab8b-4095-b539-acc46140d748,short,none,SUCCEEDED,1,ACKED,2026-10-01T00:07:37.097062Z,2026-10-01T00:07:37.098061Z,2026-10-01T00:07:37.141931Z,1.0,43.9
c7d2827b-4e2e-4a0a-a1b4-b8e8a085ef1c,long,none,SUCCEEDED,1,ACKED,2026-10-01T00:07:37.127863Z,2026-10-01T00:07:37.128381Z,2026-10-01T00:07:38.288394Z,0.5,1160.0
b0831617-6732-4a83-9816-6d31a5dbe787,short,transient,SUCCEEDED,1,NACKED,2026-10-01T00:07:37.159473Z,2026-10-01T00:07:37.160476Z,2026-10-01T00:07:37.221594Z,1.0,61.1
b0831617-6732-4a83-9816-6d31a5dbe787,short,transient,SUCCEEDED,2,ACKED,2026-10-01T00:07:38.076594Z,2026-10-01T00:07:38.133487Z,2026-10-01T00:07:38.194368Z,56.9,60.9
b14871c3-0c53-49a3-8472-958d9cc06b27,short,transient,SUCCEEDED,1,NACKED,2026-10-01T00:07:37.190426Z,2026-10-01T00:07:37.191432Z,2026-10-01T00:07:37.221594Z,1.0,30.2
b14871c3-0c53-49a3-8472-958d9cc06b27,short,transient,SUCCEEDED,2,NACKED,2026-10-01T00:07:37.747594Z,2026-10-01T00:07:37.803136Z,2026-10-01T00:07:37.832977Z,55.5,29.8
b14871c3-0c53-49a3-8472-958d9cc06b27,short,transient,SUCCEEDED,3,ACKED,2026-10-01T00:07:39.196977Z,2026-10-01T00:07:39.224118Z,2026-10-01T00:07:39.254562Z,27.1,30.4
0ab739ea-4293-48d9-aa77-8a74d999a9bb,medium,none,SUCCEEDED,1,ACKED,2026-10-01T00:07:37.222232Z,2026-10-01T00:07:37.224231Z,2026-10-01T00:07:37.361733Z,2.0,137.5
4b9e8ecc-4b60-4e4c-910e-5a5ca48ffd7b,medium,none,SUCCEEDED,1,ACKED,2026-10-01T00:07:37.253960Z,2026-10-01T00:07:37.254967Z,2026-10-01T00:07:37.423954Z,1.0,169.0
9112bd8e-f67d-4bcf-ae37-1464e406c92f,medium,none,SUCCEEDED,1,ACKED,2026-10-01T00:07:37.285187Z,2026-10-01T00:07:37.286232Z,2026-10-01T00:07:37.550219Z,1.0,264.0
c156fd98-9a85-4b71-ae71-3e783928634c,short,none,SUCCEEDED,1,ACKED,2026-10-01T00:07:37.316001Z,2026-10-01T00:07:37.318Z,2026-10-01T00:07:37.377433Z,2.0,59.4
6eaced43-8663-43b3-963a-76040548929e,short,none,SUCCEEDED,1,ACKED,2026-10-01T00:07:37.362737Z,2026-10-01T00:07:37.364247Z,2026-10-01T00:07:37.423954Z,1.5,59.7
99e607fc-8970-476f-b80f-7628fbf2e13d,short,none,SUCCEEDED,1,ACKED,2026-10-01T00:07:37.393623Z,2026-10-01T00:07:37.395131Z,2026-10-01T00:07:37.423954Z,1.5,28.8
2535e15e-bd4c-47af-ba68-087dad6d8e73,short,none,SUCCEEDED,1,ACKED,2026-10-01T00:07:37.425660Z,2026-10-01T00:07:37.426661Z,2026-10-01T00:07:37.471948Z,1.0,45.3
ff0c627a-feae-44f5-b177-f6fd21ab6894,long,none,SUCCEEDED,1,ACKED,2026-10-01T00:07:37.456949Z,2026-10-01T00:07:37.457948Z,2026-10-01T00:07:39.379274Z,1.0,1921.3
8594496f-b345-4277-b9d6-ddf122c5690a,short,none,SUCCEEDED,1,ACKED,2026-10-01T00:07:37.489648Z,2026-10-01T00:07:37.490651Z,2026-10-01T00:07:37.534700Z,1.0,44.0
faba8428-b360-4f6f-b8e0-cb13960af696,short,none,SUCCEEDED,1,ACKED,2026-10-01T00:07:37.519657Z,2026-10-01T00:07:37.520661Z,2026-10-01T00:07:37.566369Z,1.0,45.7
4b9536e4-ce2c-4ba7-bd9c-39cce45d368d,short,none,SUCCEEDED,1,ACKED,2026-10-01T00:07:37.551217Z,2026-10-01T00:07:37.552218Z,2026-10-01T00:07:37.581633Z,1.0,29.4
8ac3a52b-627b-4ae9-8c07-df3dc6ee6c37,medium,none,SUCCEEDED,1,ACKED,2026-10-01T00:07:37.582630Z,2026-10-01T00:07:37.583630Z,2026-10-01T00:07:37.802136Z,1.0,218.5
94fa06d3-ad64-458c-ac7f-2592718a4921,short,none,SUCCEEDED,1,ACKED,2026-10-01T00:07:37.615194Z,2026-10-01T00:07:37.616194Z,2026-10-01T00:07:37.660401Z,1.0,44.2
b9f440fb-78a3-4be5-a87f-4f7f4f4d34b8,short,none,SUCCEEDED,1,ACKED,2026-10-01T00:07:37.661917Z,2026-10-01T00:07:37.662915Z,2026-10-01T00:07:37.707455Z,1.0,44.5
e8a9e9b6-4e26-437d-b8e1-cacd6df3b71e,medium,none,SUCCEEDED,1,ACKED,2026-10-01T00:07:37.693433Z,2026-10-01T00:07:37.694435Z,2026-10-01T00:07:37.913223Z,1.0,218.8
366e48aa-4a83-4346-b29b-d6e276dbe215,short,none,SUCCEEDED,1,ACKED,2026-10-01T00:07:37.724979Z,2026-10-01T00:07:37.725979Z,2026-10-01T00:07:37.755001Z,1.0,29.0
d355c03f-5249-4950-850c-7d16f09a7282,medium,transient,SUCCEEDED,1,NACKED,2026-10-01T00:07:37.757007Z,2026-10-01T00:07:37.758009Z,2026-10-01T00:07:37.976413Z,1.0,218.4
d355c03f-5249-4950-850c-7d16f09a7282,medium,transient,SUCCEEDED,2,ACKED,2026-10-01T00:07:38.796413Z,2026-10-01T00:07:38.894797Z,2026-10-01T00:07:39.112419Z,98.4,217.6
897031b2-f480-4f57-b057-948a78685a62,medium,none,SUCCEEDED,1,ACKED,2026-10-01T00:07:37.788115Z,2026-10-01T00:07:37.790116Z,2026-10-01T00:07:38.070636Z,2.0,280.5
f54a2b5e-3a11-4585-a2f7-aa485511505c,long,none,SUCCEEDED,1,ACKED,2026-10-01T00:07:37.819464Z,2026-10-01T00:07:37.820463Z,2026-10-01T00:07:38.971559Z,1.0,1151.1
64157e69-8339-4391-badb-3cd8b5aab5fe,short,none,SUCCEEDED,1,ACKED,2026-10-01T00:07:37.850552Z,2026-10-01T00:07:37.851558Z,2026-10-01T00:07:37.897032Z,1.0,45.5
07f3e9bb-c1d9-46b6-9ea1-fc0c66bb70f1,short,none,SUCCEEDED,1,ACKED,2026-10-01T00:07:37.882049Z,2026-10-01T00:07:37.899663Z,2026-10-01T00:07:37.928129Z,17.6,28.5
1be2d836-faa6-40f3-9cc0-620a06a5c9f3,short,transient,SUCCEEDED,1,NACKED,2026-10-01T00:07:37.930128Z,2026-10-01T00:07:37.931128Z,2026-10-01T00:07:37.961193Z,1.0,30.1
1be2d836-faa6-40f3-9cc0-620a06a5c9f3,short,transient,SUCCEEDED,2,ACKED,2026-10-01T00:07:38.777193Z,2026-10-01T00:07:38.788569Z,2026-10-01T00:07:38.817063Z,11.4,28.5
0666185a-0115-4d6a-a6f9-0ce2e7212b93,short,none,SUCCEEDED,1,ACKED,2026-10-01T00:07:37.962830Z,2026-10-01T00:07:37.963349Z,2026-10-01T00:07:37.991933Z,0.5,28.6
b4116b28-a3af-4baf-b55b-4a246e9a6590,medium,none,SUCCEEDED,1,ACKED,2026-10-01T00:07:37.992934Z,2026-10-01T00:07:37.994443Z,2026-10-01T00:07:38.178856Z,1.5,184.4
c10b21cd-bc92-4de8-afb1-de59fa3fb35b,short,none,SUCCEEDED,1,ACKED,2026-10-01T00:07:38.023371Z,2026-10-01T00:07:38.028883Z,2026-10-01T00:07:38.070636Z,5.5,41.8
cd0cfb66-ea72-4cdc-afe0-e989ad31006d,short,none,SUCCEEDED,1,ACKED,2026-10-01T00:07:38.055590Z,2026-10-01T00:07:38.071646Z,2026-10-01T00:07:38.116485Z,16.1,44.8
33b0376e-41d0-4f60-b86c-e545ff2211fe,long,none,SUCCEEDED,1,ACKED,2026-10-01T00:07:38.086407Z,2026-10-01T00:07:38.087922Z,2026-10-01T00:07:39.487754Z,1.5,1399.8
de2bd52d-686b-425e-9c23-fc645e41a437,short,none,SUCCEEDED,1,ACKED,2026-10-01T00:07:38.118463Z,2026-10-01T00:07:38.119470Z,2026-10-01T00:07:38.163302Z,1.0,43.8
6f156c68-71f7-459d-a292-3df1563cca41,medium,none,SUCCEEDED,1,ACKED,2026-10-01T00:07:38.148261Z,2026-10-01T00:07:38.164807Z,2026-10-01T00:07:38.365781Z,16.5,201.0
80e8a107-0ecd-492b-bbc3-cce708a7fefa,short,none,SUCCEEDED,1,ACKED,2026-10-01T00:07:38.195367Z,2026-10-01T00:07:38.196868Z,2026-10-01T00:07:38.257438Z,1.5,60.6
35e64754-b13a-4e93-b667-8c85bdf7171e,short,none,SUCCEEDED,1,ACKED,2026-10-01T00:07:38.226851Z,2026-10-01T00:07:38.228354Z,2026-10-01T00:07:38.257438Z,1.5,29.1
1cb69636-430b-403e-b1af-03e913429ef1,short,none,SUCCEEDED,1,ACKED,2026-10-01T00:07:38.258436Z,2026-10-01T00:07:38.259936Z,2026-10-01T00:07:38.288394Z,1.5,28.5
4476e5b8-820d-4def-836a-5af8afc65971,medium,none,SUCCEEDED,1,ACKED,2026-10-01T00:07:38.289052Z,2026-10-01T00:07:38.290565Z,2026-10-01T00:07:38.459097Z,1.5,168.5
4b6af041-ce74-48d2-be46-794765cf22c7,short,none,SUCCEEDED,1,ACKED,2026-10-01T00:07:38.321225Z,2026-10-01T00:07:38.322233Z,2026-10-01T00:07:38.365781Z,1.0,43.5
0d7b5e4d-cedc-47c4-93f3-a27904e135f2,medium,transient,SUCCEEDED,1,NACKED,2026-10-01T00:07:38.351269Z,2026-10-01T00:07:38.352269Z,2026-10-01T00:07:38.505375Z,1.0,153.1
0d7b5e4d-cedc-47c4-93f3-a27904e135f2,medium,transient,SUCCEEDED,2,ACKED,2026-10-01T00:07:39.288375Z,2026-10-01T00:07:39.333571Z,2026-10-01T00:07:39.487754Z,45.2,154.2
beb93ffb-fb0f-4591-bcb4-9b72c42c780c,medium,none,SUCCEEDED,1,ACKED,2026-10-01T00:07:38.382815Z,2026-10-01T00:07:38.383814Z,2026-10-01T00:07:38.536186Z,1.0,152.4
2f139cdf-e632-46ae-a951-5ec3433301d9,short,none,SUCCEEDED,1,ACKED,2026-10-01T00:07:38.428998Z,2026-10-01T00:07:38.430500Z,2026-10-01T00:07:38.459097Z,1.5,28.6
6fe3a00f-0b46-4200-bfe9-dd9f34d404e1,short,none,SUCCEEDED,1,ACKED,2026-10-01T00:07:38.460606Z,2026-10-01T00:07:38.461605Z,2026-10-01T00:07:38.505375Z,1.0,43.8
dd3785bb-1ef9-4f9b-b24c-7940e9819467,short,none,SUCCEEDED,1,ACKED,2026-10-01T00:07:38.491851Z,2026-10-01T00:07:38.492853Z,2026-10-01T00:07:38.552267Z,1.0,59.4
188f7ecd-07b4-4ff0-a598-4cf2f75ab729,medium,none,SUCCEEDED,1,ACKED,2026-10-01T00:07:38.522455Z,2026-10-01T00:07:38.523498Z,2026-10-01T00:07:38.817063Z,1.0,293.6
e9da2970-4a87-4b45-a86e-556c68d29722,short,none,SUCCEEDED,1,ACKED,2026-10-01T00:07:38.553776Z,2026-10-01T00:07:38.555787Z,2026-10-01T00:07:38.584938Z,2.0,29.2
b0288a91-5a7f-49f9-823b-4ca624f6aa61,medium,none,SUCCEEDED,1,ACKED,2026-10-01T00:07:38.586942Z,2026-10-01T00:07:38.587942Z,2026-10-01T00:07:38.848257Z,1.0,260.3
d718dab0-9dc2-4391-aa9e-a9d3b0a677b2,medium,none,SUCCEEDED,1,ACKED,2026-10-01T00:07:38.618203Z,2026-10-01T00:07:38.618711Z,2026-10-01T00:07:38.740157Z,0.5,121.4
c74c78b9-5387-43c6-b9f0-68a3b1eaf8ad,medium,none,SUCCEEDED,1,ACKED,2026-10-01T00:07:38.649009Z,2026-10-01T00:07:38.649009Z,2026-10-01T00:07:38.894163Z,0.0,245.2
12e43ef1-c748-48d8-8faa-38adacb14fc9,short,none,SUCCEEDED,1,ACKED,2026-10-01T00:07:38.695293Z,2026-10-01T00:07:38.696295Z,2026-10-01T00:07:38.755310Z,1.0,59.0
a108eec8-29ec-4924-9a1c-71bcd92cd5cc,short,none,SUCCEEDED,1,ACKED,2026-10-01T00:07:38.725653Z,2026-10-01T00:07:38.741660Z,2026-10-01T00:07:38.786568Z,16.0,44.9
2e106649-291a-47c1-ae5e-cc92bc0d394b,short,none,SUCCEEDED,1,ACKED,2026-10-01T00:07:38.756311Z,2026-10-01T00:07:38.757306Z,2026-10-01T00:07:38.770547Z,1.0,13.2
24d62650-b45c-40f0-89f8-d230c35027ef,short,permanent,FAILED,1,NACKED,2026-10-01T00:07:38.787570Z,2026-10-01T00:07:38.788569Z,2026-10-01T00:07:38.817063Z,1.0,28.5
2708b47d-7cae-471c-af5d-84ee72eb4cc2,short,none,SUCCEEDED,1,ACKED,2026-10-01T00:07:38.822573Z,2026-10-01T00:07:38.826078Z,2026-10-01T00:07:38.863028Z,3.5,37.0
2d19948e-0d95-452b-8774-584bbdf8d7bb,short,transient,SUCCEEDED,1,NACKED,2026-10-01T00:07:38.849476Z,2026-10-01T00:07:38.850981Z,2026-10-01T00:07:38.909349Z,1.5,58.4
2d19948e-0d95-452b-8774-584bbdf8d7bb,short,transient,SUCCEEDED,2,ACKED,2026-10-01T00:07:39.681349Z,2026-10-01T00:07:39.770648Z,2026-10-01T00:07:39.833337Z,89.3,62.7
34d29bb6-55e8-4610-9e7e-b38e281b9c93,short,none,SUCCEEDED,1,ACKED,2026-10-01T00:07:38.895806Z,2026-10-01T00:07:38.896807Z,2026-10-01T00:07:38.924557Z,1.0,27.8
68f0cc47-5654-447d-802a-6e1c9e6243b5,short,none,SUCCEEDED,1,ACKED,2026-10-01T00:07:38.925556Z,2026-10-01T00:07:38.927557Z,2026-10-01T00:07:38.956103Z,2.0,28.5
4f57ca99-207d-4a2c-b09e-c519e7d65da1,short,none,SUCCEEDED,1,ACKED,2026-10-01T00:07:38.957612Z,2026-10-01T00:07:38.958618Z,2026-10-01T00:07:38.987065Z,1.0,28.4
de1360a3-048e-4840-8a32-1842e6f627b9,short,transient,SUCCEEDED,1,NACKED,2026-10-01T00:07:38.988066Z,2026-10-01T00:07:38.989067Z,2026-10-01T00:07:39.018171Z,1.0,29.1
de1360a3-048e-4840-8a32-1842e6f627b9,short,transient,SUCCEEDED,2,ACKED,2026-10-01T00:07:39.782171Z,2026-10-01T00:07:39.881063Z,2026-10-01T00:07:39.911161Z,98.9,30.1
3dee898f-a814-4080-af8f-1dd514cfa823,medium,none,SUCCEEDED,1,ACKED,2026-10-01T00:07:39.019679Z,2026-10-01T00:07:39.020688Z,2026-10-01T00:07:39.207390Z,1.0,186.7
96710c90-4fc9-47ea-928c-385c125eef9c,short,none,SUCCEEDED,1,ACKED,2026-10-01T00:07:39.050915Z,2026-10-01T00:07:39.052458Z,2026-10-01T00:07:39.096768Z,1.5,44.3
fa961811-212c-43f8-9c28-09722a7fcfd8,short,none,SUCCEEDED,1,ACKED,2026-10-01T00:07:39.082720Z,2026-10-01T00:07:39.083719Z,2026-10-01T00:07:39.096768Z,1.0,13.0
adc2434f-f456-4c0a-a41e-ec31608432f6,long,none,SUCCEEDED,1,ACKED,2026-10-01T00:07:39.129988Z,2026-10-01T00:07:39.130986Z,2026-10-01T00:07:40.519020Z,1.0,1388.0
cf80a423-1ba3-4926-9397-824bf668a72f,short,none,SUCCEEDED,1,ACKED,2026-10-01T00:07:39.161529Z,2026-10-01T00:07:39.162535Z,2026-10-01T00:07:39.191365Z,1.0,28.8
9dedc6e9-1d69-470a-ab02-015a92ff6cd8,short,none,SUCCEEDED,1,ACKED,2026-10-01T00:07:39.192880Z,2026-10-01T00:07:39.193880Z,2026-10-01T00:07:39.222943Z,1.0,29.1
65107e82-fd8d-4a3e-bffa-64c64a316a8e,long,none,SUCCEEDED,1,ACKED,2026-10-01T00:07:39.224118Z,2026-10-01T00:07:39.224118Z,2026-10-01T00:07:40.689744Z,0.0,1465.6
fae437ab-cea3-4587-892a-ac231505ec1a,short,none,SUCCEEDED,1,ACKED,2026-10-01T00:07:39.256076Z,2026-10-01T00:07:39.257074Z,2026-10-01T00:07:39.301211Z,1.0,44.1
c2577803-deae-420a-ae53-1895018979e4,short,none,SUCCEEDED,1,ACKED,2026-10-01T00:07:39.287195Z,2026-10-01T00:07:39.288193Z,2026-10-01T00:07:39.332570Z,1.0,44.4
0607feee-2d35-4bad-9be3-75b3c0f0914e,short,none,SUCCEEDED,1,ACKED,2026-10-01T00:07:39.318550Z,2026-10-01T00:07:39.320061Z,2026-10-01T00:07:39.348587Z,1.5,28.5
635b1762-53c7-4520-8ab1-56049be0568a,medium,none,SUCCEEDED,1,ACKED,2026-10-01T00:07:39.350231Z,2026-10-01T00:07:39.351227Z,2026-10-01T00:07:39.629777Z,1.0,278.6
88fcce9b-5ae1-45e7-aa06-e6d4b927a73d,short,none,SUCCEEDED,1,ACKED,2026-10-01T00:07:39.395078Z,2026-10-01T00:07:39.397077Z,2026-10-01T00:07:39.425636Z,2.0,28.6
ae5f137d-bf83-42a8-b96e-e9c98241e049,short,none,SUCCEEDED,1,ACKED,2026-10-01T00:07:39.428636Z,2026-10-01T00:07:39.429637Z,2026-10-01T00:07:39.472321Z,1.0,42.7
af5a32c7-c8d3-4cad-b254-38b940212662,short,none,SUCCEEDED,1,ACKED,2026-10-01T00:07:39.457766Z,2026-10-01T00:07:39.459274Z,2026-10-01T00:07:39.487754Z,1.5,28.5
f0fef593-873f-4eef-b56f-9bf834b5bb10,short,transient,SUCCEEDED,1,NACKED,2026-10-01T00:07:39.489754Z,2026-10-01T00:07:39.489754Z,2026-10-01T00:07:39.519687Z,0.0,29.9
f0fef593-873f-4eef-b56f-9bf834b5bb10,short,transient,SUCCEEDED,2,ACKED,2026-10-01T00:07:40.285687Z,2026-10-01T00:07:40.317259Z,2026-10-01T00:07:40.347426Z,31.6,30.2
a4921516-646a-4be3-9d59-0c78705a27d6,short,none,SUCCEEDED,1,ACKED,2026-10-01T00:07:39.522692Z,2026-10-01T00:07:39.523687Z,2026-10-01T00:07:39.566317Z,1.0,42.6
7c69ae9a-5dc4-4113-a838-ce9808c932f4,short,transient,SUCCEEDED,1,NACKED,2026-10-01T00:07:39.552804Z,2026-10-01T00:07:39.553802Z,2026-10-01T00:07:39.582144Z,1.0,28.3
7c69ae9a-5dc4-4113-a838-ce9808c932f4,short,transient,SUCCEEDED,2,ACKED,2026-10-01T00:07:40.169144Z,2026-10-01T00:07:40.207647Z,2026-10-01T00:07:40.238109Z,38.5,30.5
dc3a8784-878b-4814-960b-873e14c49ce0,short,permanent,FAILED,1,NACKED,2026-10-01T00:07:39.584140Z,2026-10-01T00:07:39.585140Z,2026-10-01T00:07:39.645806Z,1.0,60.7
fc6c459c-980f-4fd7-962d-247fadfb75f4,short,none,SUCCEEDED,1,ACKED,2026-10-01T00:07:39.615697Z,2026-10-01T00:07:39.616700Z,2026-10-01T00:07:39.660896Z,1.0,44.2
b451faf6-6cfa-46e7-83b9-be83331503f4,medium,none,SUCCEEDED,1,ACKED,2026-10-01T00:07:39.661895Z,2026-10-01T00:07:39.663399Z,2026-10-01T00:07:39.926371Z,1.5,263.0
83346506-54ca-4b86-83d7-55d62d0f5dee,short,none,SUCCEEDED,1,ACKED,2026-10-01T00:07:39.693824Z,2026-10-01T00:07:39.694329Z,2026-10-01T00:07:39.738547Z,0.5,44.2
834b9d31-70ee-4df0-af65-0476c1c4d150,short,none,SUCCEEDED,1,ACKED,2026-10-01T00:07:39.725029Z,2026-10-01T00:07:39.726036Z,2026-10-01T00:07:39.754232Z,1.0,28.2
8eeb1416-97c7-432a-b311-e0f04c54bbad,short,none,SUCCEEDED,1,ACKED,2026-10-01T00:07:39.755237Z,2026-10-01T00:07:39.756245Z,2026-10-01T00:07:39.801693Z,1.0,45.4
fe9569b8-a650-4eb6-909e-880b3fc517a9,short,transient,SUCCEEDED,1,NACKED,2026-10-01T00:07:39.786666Z,2026-10-01T00:07:39.788174Z,2026-10-01T00:07:39.833337Z,1.5,45.2
fe9569b8-a650-4eb6-909e-880b3fc517a9,short,transient,SUCCEEDED,2,ACKED,2026-10-01T00:07:40.758337Z,2026-10-01T00:07:40.860990Z,2026-10-01T00:07:40.907730Z,102.7,46.7
3774bfcb-61c0-4425-883e-46ce66177d9d,medium,none,SUCCEEDED,1,ACKED,2026-10-01T00:07:39.818908Z,2026-10-01T00:07:39.819412Z,2026-10-01T00:07:40.099420Z,0.5,280.0
0be2d232-0708-4ace-974e-29b3a0576f50,short,none,SUCCEEDED,1,ACKED,2026-10-01T00:07:39.850471Z,2026-10-01T00:07:39.852028Z,2026-10-01T00:07:39.911161Z,1.6,59.1
e91e5148-ca86-4a05-b838-ed9e94006da6,short,none,SUCCEEDED,1,ACKED,2026-10-01T00:07:39.881063Z,2026-10-01T00:07:39.882563Z,2026-10-01T00:07:39.942402Z,1.5,59.8
40faed62-9eac-42ca-8e22-4064084f890d,short,none,SUCCEEDED,1,ACKED,2026-10-01T00:07:39.927373Z,2026-10-01T00:07:39.928372Z,2026-10-01T00:07:39.957929Z,1.0,29.6
77412559-5d3b-479d-81b0-6af229fa5327,short,none,SUCCEEDED,1,ACKED,2026-10-01T00:07:39.959087Z,2026-10-01T00:07:39.960092Z,2026-10-01T00:07:39.990020Z,1.0,29.9
b1ddac5c-0b94-4b62-a50a-2815b05f995f,medium,none,SUCCEEDED,1,ACKED,2026-10-01T00:07:39.991021Z,2026-10-01T00:07:39.992019Z,2026-10-01T00:07:40.238109Z,1.0,246.1
a8d901c7-4d5b-40d5-aef9-b499490cd134,short,none,SUCCEEDED,1,ACKED,2026-10-01T00:07:40.022370Z,2026-10-01T00:07:40.023369Z,2026-10-01T00:07:40.052618Z,1.0,29.2
8c513966-8d5b-4f12-bc52-2c148449243a,short,none,SUCCEEDED,1,ACKED,2026-10-01T00:07:40.053633Z,2026-10-01T00:07:40.053633Z,2026-10-01T00:07:40.083776Z,0.0,30.1
2965598d-4724-4908-8542-ef2e7a3c6011,short,none,SUCCEEDED,1,ACKED,2026-10-01T00:07:40.084391Z,2026-10-01T00:07:40.085398Z,2026-10-01T00:07:40.129552Z,1.0,44.2
6e3bfeeb-41a2-4afc-8ae5-cb923c07684d,medium,none,SUCCEEDED,1,ACKED,2026-10-01T00:07:40.115605Z,2026-10-01T00:07:40.117604Z,2026-10-01T00:07:40.331413Z,2.0,213.8
fbf648e9-0a5e-41a9-9e1a-a04717ddf69c,short,none,SUCCEEDED,1,ACKED,2026-10-01T00:07:40.161588Z,2026-10-01T00:07:40.163589Z,2026-10-01T00:07:40.206642Z,2.0,43.1
c62f5cdf-0e8b-4d47-ab6e-1c03903ac428,medium,none,SUCCEEDED,1,ACKED,2026-10-01T00:07:40.192637Z,2026-10-01T00:07:40.194633Z,2026-10-01T00:07:40.363965Z,2.0,169.3
6bfcc487-6030-424f-9ce6-08b20b92f4cc,medium,none,SUCCEEDED,1,ACKED,2026-10-01T00:07:40.223099Z,2026-10-01T00:07:40.224098Z,2026-10-01T00:07:40.488313Z,1.0,264.2
c5fc4f02-b47d-4f8b-9ab0-4860ebbec8a4,medium,none,SUCCEEDED,1,ACKED,2026-10-01T00:07:40.255720Z,2026-10-01T00:07:40.256730Z,2026-10-01T00:07:40.519020Z,1.0,262.3
a1ab3e77-ef70-408a-961d-ad6532302300,medium,transient,DEAD_LETTER,1,NACKED,2026-10-01T00:07:40.286414Z,2026-10-01T00:07:40.287416Z,2026-10-01T00:07:40.488313Z,1.0,200.9
a1ab3e77-ef70-408a-961d-ad6532302300,medium,transient,DEAD_LETTER,2,NACKED,2026-10-01T00:07:41.072313Z,2026-10-01T00:07:41.079590Z,2026-10-01T00:07:41.281558Z,7.3,202.0
a1ab3e77-ef70-408a-961d-ad6532302300,medium,transient,DEAD_LETTER,3,NACKED,2026-10-01T00:07:42.795558Z,2026-10-01T00:07:42.824766Z,2026-10-01T00:07:43.025711Z,29.2,200.9
2926ea0f-1491-4517-ad59-752fd0e5b807,medium,none,SUCCEEDED,1,ACKED,2026-10-01T00:07:40.317259Z,2026-10-01T00:07:40.332414Z,2026-10-01T00:07:40.564985Z,15.2,232.6
8f9b200b-d2fa-4caa-9eab-7b3a6b2f2a64,short,none,SUCCEEDED,1,ACKED,2026-10-01T00:07:40.353428Z,2026-10-01T00:07:40.355937Z,2026-10-01T00:07:40.394707Z,2.5,38.8
643ff1c4-4f46-4d99-92e0-4ecebc17a083,short,none,SUCCEEDED,1,ACKED,2026-10-01T00:07:40.396221Z,2026-10-01T00:07:40.396221Z,2026-10-01T00:07:40.441741Z,0.0,45.5
8955f647-e35f-4970-9dfc-a32a74e75b7a,short,none,SUCCEEDED,1,ACKED,2026-10-01T00:07:40.427206Z,2026-10-01T00:07:40.427712Z,2026-10-01T00:07:40.488313Z,0.5,60.6
423cc753-11b6-430e-8b26-2c6242d7ef71,short,none,SUCCEEDED,1,ACKED,2026-10-01T00:07:40.458791Z,2026-10-01T00:07:40.459798Z,2026-10-01T00:07:40.488313Z,1.0,28.5
78066e13-94c4-4957-b912-7a0b2eb976ee,short,none,SUCCEEDED,1,ACKED,2026-10-01T00:07:40.489312Z,2026-10-01T00:07:40.490815Z,2026-10-01T00:07:40.534148Z,1.5,43.3
ca264fb6-c620-4333-ac5a-b5dca82264e3,medium,none,SUCCEEDED,1,ACKED,2026-10-01T00:07:40.524615Z,2026-10-01T00:07:40.526615Z,2026-10-01T00:07:40.830099Z,2.0,303.5
f7f038fb-86a4-4d01-891a-87a504e18608,long,none,SUCCEEDED,1,ACKED,2026-10-01T00:07:40.550304Z,2026-10-01T00:07:40.552307Z,2026-10-01T00:07:42.277024Z,2.0,1724.7
ab79a171-7561-42fa-9fb2-98cba2b2b09a,medium,none,SUCCEEDED,1,ACKED,2026-10-01T00:07:40.581364Z,2026-10-01T00:07:40.582361Z,2026-10-01T00:07:40.782772Z,1.0,200.4
bf548a45-8b64-49b1-9563-bf545a828033,short,none,SUCCEEDED,1,ACKED,2026-10-01T00:07:40.627909Z,2026-10-01T00:07:40.629416Z,2026-10-01T00:07:40.657990Z,1.5,28.6
afb3a599-6526-4b44-8777-f56803a9fb82,medium,none,SUCCEEDED,1,ACKED,2026-10-01T00:07:40.658997Z,2026-10-01T00:07:40.659995Z,2026-10-01T00:07:40.860184Z,1.0,200.2
e8cbe9cd-abf4-4873-bb86-7157fa43936e,short,transient,SUCCEEDED,1,NACKED,2026-10-01T00:07:40.690584Z,2026-10-01T00:07:40.692097Z,2026-10-01T00:07:40.720660Z,1.5,28.6
e8cbe9cd-abf4-4873-bb86-7157fa43936e,short,transient,SUCCEEDED,2,NACKED,2026-10-01T00:07:41.490660Z,2026-10-01T00:07:41.513894Z,2026-10-01T00:07:41.543551Z,23.2,29.7
e8cbe9cd-abf4-4873-bb86-7157fa43936e,short,transient,SUCCEEDED,3,ACKED,2026-10-01T00:07:43.123551Z,2026-10-01T00:07:43.150341Z,2026-10-01T00:07:43.179118Z,26.8,28.8
f88f0565-f8c4-4522-8b66-900ac64f8791,medium,transient,SUCCEEDED,1,NACKED,2026-10-01T00:07:40.721666Z,2026-10-01T00:07:40.722665Z,2026-10-01T00:07:40.985535Z,1.0,262.9
f88f0565-f8c4-4522-8b66-900ac64f8791,medium,transient,SUCCEEDED,2,NACKED,2026-10-01T00:07:41.896535Z,2026-10-01T00:07:41.951936Z,2026-10-01T00:07:42.213821Z,55.4,261.9
f88f0565-f8c4-4522-8b66-900ac64f8791,medium,transient,SUCCEEDED,3,ACKED,2026-10-01T00:07:43.842821Z,2026-10-01T00:07:43.938881Z,2026-10-01T00:07:44.199941Z,96.1,261.1
5ae9b93e-a18e-41ed-902b-4251a64c9d0b,medium,none,SUCCEEDED,1,ACKED,2026-10-01T00:07:40.752205Z,2026-10-01T00:07:40.753207Z,2026-10-01T00:07:40.892499Z,1.0,139.3
5f34ed86-8a38-41af-ba9c-aaefc62a2643,short,none,SUCCEEDED,1,ACKED,2026-10-01T00:07:40.783779Z,2026-10-01T00:07:40.784780Z,2026-10-01T00:07:40.798291Z,1.0,13.5
419c84ee-7b23-42e2-9ad3-1bf7e2704fb2,short,transient,SUCCEEDED,1,NACKED,2026-10-01T00:07:40.815830Z,2026-10-01T00:07:40.816827Z,2026-10-01T00:07:40.860486Z,1.0,43.7
419c84ee-7b23-42e2-9ad3-1bf7e2704fb2,short,transient,SUCCEEDED,2,ACKED,2026-10-01T00:07:41.720486Z,2026-10-01T00:07:41.749058Z,2026-10-01T00:07:41.794407Z,28.6,45.3
2aab8c45-d160-4b7d-82b8-81ed0fa62eb7,medium,none,SUCCEEDED,1,ACKED,2026-10-01T00:07:40.860990Z,2026-10-01T00:07:40.861997Z,2026-10-01T00:07:41.063343Z,1.0,201.3
0fa159e4-d4a4-4a68-a422-7b84a003c917,short,none,SUCCEEDED,1,ACKED,2026-10-01T00:07:40.894215Z,2026-10-01T00:07:40.895216Z,2026-10-01T00:07:40.938785Z,1.0,43.6
39c0b1aa-7a55-4a95-bee4-3eecd1c93079,short,none,SUCCEEDED,1,ACKED,2026-10-01T00:07:40.924251Z,2026-10-01T00:07:40.925247Z,2026-10-01T00:07:40.970322Z,1.0,45.1
9848ebf2-5fa5-4790-bdea-d3923e5c4b79,short,transient,SUCCEEDED,1,NACKED,2026-10-01T00:07:40.956804Z,2026-10-01T00:07:40.957805Z,2026-10-01T00:07:40.985535Z,1.0,27.7
9848ebf2-5fa5-4790-bdea-d3923e5c4b79,short,transient,SUCCEEDED,2,ACKED,2026-10-01T00:07:41.888535Z,2026-10-01T00:07:41.950935Z,2026-10-01T00:07:41.982243Z,62.4,31.3
e60aa6c6-4275-4131-93f1-bc57494a2191,short,none,SUCCEEDED,1,ACKED,2026-10-01T00:07:40.986531Z,2026-10-01T00:07:40.987530Z,2026-10-01T00:07:41.032571Z,1.0,45.0
c00172e4-ba09-40ff-8203-c306cb0d8184,medium,none,SUCCEEDED,1,ACKED,2026-10-01T00:07:41.017557Z,2026-10-01T00:07:41.018557Z,2026-10-01T00:07:41.141210Z,1.0,122.7
078b8528-e354-4b01-9ada-27e588922847,short,none,SUCCEEDED,1,ACKED,2026-10-01T00:07:41.049314Z,2026-10-01T00:07:41.051314Z,2026-10-01T00:07:41.094112Z,2.0,42.8
5f10011b-19a4-45db-ad8a-73627fb826cc,medium,none,SUCCEEDED,1,ACKED,2026-10-01T00:07:41.094746Z,2026-10-01T00:07:41.095752Z,2026-10-01T00:07:41.390881Z,1.0,295.1
612da32d-49b2-457b-b2c7-ef5faad68d6c,short,none,SUCCEEDED,1,ACKED,2026-10-01T00:07:41.126739Z,2026-10-01T00:07:41.127738Z,2026-10-01T00:07:41.156726Z,1.0,29.0
565fb687-8668-4cd5-86de-2be58a8f39d1,short,transient,SUCCEEDED,1,NACKED,2026-10-01T00:07:41.157727Z,2026-10-01T00:07:41.158726Z,2026-10-01T00:07:41.219580Z,1.0,60.9
565fb687-8668-4cd5-86de-2be58a8f39d1,short,transient,SUCCEEDED,2,NACKED,2026-10-01T00:07:41.787580Z,2026-10-01T00:07:41.842743Z,2026-10-01T00:07:41.903882Z,55.2,61.1
565fb687-8668-4cd5-86de-2be58a8f39d1,short,transient,SUCCEEDED,3,ACKED,2026-10-01T00:07:43.588882Z,2026-10-01T00:07:43.722045Z,2026-10-01T00:07:43.783599Z,133.2,61.6
4c724568-7682-45be-a86b-4e3cec96055d,short,none,SUCCEEDED,1,ACKED,2026-10-01T00:07:41.188955Z,2026-10-01T00:07:41.190017Z,2026-10-01T00:07:41.219580Z,1.1,29.6
543f2c7d-7fba-4920-b37b-9979cc02111e,short,none,SUCCEEDED,1,ACKED,2026-10-01T00:07:41.220579Z,2026-10-01T00:07:41.222270Z,2026-10-01T00:07:41.250087Z,1.7,27.8
07ec459c-a45c-410b-b68f-c28bd6263e76,medium,none,SUCCEEDED,1,ACKED,2026-10-01T00:07:41.251272Z,2026-10-01T00:07:41.251940Z,2026-10-01T00:07:41.406781Z,0.7,154.8
ab527cfb-8018-4a73-acf6-ab7c5fe31eaf,short,none,SUCCEEDED,1,ACKED,2026-10-01T00:07:41.282562Z,2026-10-01T00:07:41.283566Z,2026-10-01T00:07:41.344372Z,1.0,60.8
f9d0c0ce-50b6-4a7e-8038-98ed19d592be,short,none,SUCCEEDED,1,ACKED,2026-10-01T00:07:41.329862Z,2026-10-01T00:07:41.330863Z,2026-10-01T00:07:41.375370Z,1.0,44.5
421cf506-be9a-46ed-b043-b5c4fa41a086,long,none,SUCCEEDED,1,ACKED,2026-10-01T00:07:41.360884Z,2026-10-01T00:07:41.360884Z,2026-10-01T00:07:42.636826Z,0.0,1275.9
6c7ef6b6-a90c-4b61-ba0d-cde9b52ac925,short,none,SUCCEEDED,1,ACKED,2026-10-01T00:07:41.391883Z,2026-10-01T00:07:41.393204Z,2026-10-01T00:07:41.437600Z,1.3,44.4
f90b04a2-fe88-4b42-aa58-18a909efc7c5,short,none,SUCCEEDED,1,ACKED,2026-10-01T00:07:41.422795Z,2026-10-01T00:07:41.424361Z,2026-10-01T00:07:41.468074Z,1.6,43.7
e2f5a0d7-518f-4163-844a-d837f8548f36,short,none,SUCCEEDED,1,ACKED,2026-10-01T00:07:41.454081Z,2026-10-01T00:07:41.455071Z,2026-10-01T00:07:41.497994Z,1.0,42.9
e85c8a65-9c0e-4065-9a77-c65733805df4,long,none,SUCCEEDED,1,ACKED,2026-10-01T00:07:41.484217Z,2026-10-01T00:07:41.485215Z,2026-10-01T00:07:43.041328Z,1.0,1556.1
2d9ce579-852d-4156-b1a2-11d95c19865f,short,transient,SUCCEEDED,1,NACKED,2026-10-01T00:07:41.529405Z,2026-10-01T00:07:41.530405Z,2026-10-01T00:07:41.576043Z,1.0,45.6
2d9ce579-852d-4156-b1a2-11d95c19865f,short,transient,SUCCEEDED,2,ACKED,2026-10-01T00:07:42.260043Z,2026-10-01T00:07:42.277024Z,2026-10-01T00:07:42.323614Z,17.0,46.6
8c8da41c-6d5d-40c1-8130-9b8a769e4aeb,short,none,SUCCEEDED,1,ACKED,2026-10-01T00:07:41.560568Z,2026-10-01T00:07:41.561568Z,2026-10-01T00:07:41.591551Z,1.0,30.0
209d740b-043a-42c2-897d-6090ec6874e5,medium,permanent,FAILED,1,NACKED,2026-10-01T00:07:41.592551Z,2026-10-01T00:07:41.593552Z,2026-10-01T00:07:41.778869Z,1.0,185.3
38c98bf2-f458-47d0-8322-03071b1ef013,medium,none,SUCCEEDED,1,ACKED,2026-10-01T00:07:41.630125Z,2026-10-01T00:07:41.631128Z,2026-10-01T00:07:41.888349Z,1.0,257.2
7c0be5be-2790-4996-aed7-36481b9b1ced,medium,none,SUCCEEDED,1,ACKED,2026-10-01T00:07:41.655609Z,2026-10-01T00:07:41.656610Z,2026-10-01T00:07:41.856278Z,1.0,199.7
c01502fb-69ef-4678-b89a-e66562af0563,long,none,SUCCEEDED,1,ACKED,2026-10-01T00:07:41.686947Z,2026-10-01T00:07:41.687952Z,2026-10-01T00:07:43.302882Z,1.0,1614.9
f52e746b-529e-4729-9d09-f78ba4835d46,short,none,SUCCEEDED,1,ACKED,2026-10-01T00:07:41.718016Z,2026-10-01T00:07:41.719016Z,2026-10-01T00:07:41.748059Z,1.0,29.0
8a21c8d1-cffb-4841-a38d-26e5e839b7c8,short,transient,SUCCEEDED,1,NACKED,2026-10-01T00:07:41.749058Z,2026-10-01T00:07:41.779871Z,2026-10-01T00:07:41.825443Z,30.8,45.6
8a21c8d1-cffb-4841-a38d-26e5e839b7c8,short,transient,SUCCEEDED,2,ACKED,2026-10-01T00:07:42.476443Z,2026-10-01T00:07:42.499600Z,2026-10-01T00:07:42.543760Z,23.2,44.2
1b2db932-9773-4922-8d1a-64f76fec0674,short,none,SUCCEEDED,1,ACKED,2026-10-01T00:07:41.796913Z,2026-10-01T00:07:41.796913Z,2026-10-01T00:07:41.825443Z,0.0,28.5
f59a4f15-89e3-4ff2-b6e0-0c13bba3223c,short,none,SUCCEEDED,1,ACKED,2026-10-01T00:07:41.826444Z,2026-10-01T00:07:41.826444Z,2026-10-01T00:07:41.872324Z,0.0,45.9
2d85b194-1e8d-4b4c-aa61-0b0636e137fa,short,none,SUCCEEDED,1,ACKED,2026-10-01T00:07:41.857281Z,2026-10-01T00:07:41.858277Z,2026-10-01T00:07:41.903882Z,1.0,45.6
08abc269-6059-4286-94d4-f7d795d5e457,short,transient,SUCCEEDED,1,NACKED,2026-10-01T00:07:41.889350Z,2026-10-01T00:07:41.889350Z,2026-10-01T00:07:41.934680Z,0.0,45.3
08abc269-6059-4286-94d4-f7d795d5e457,short,transient,SUCCEEDED,2,ACKED,2026-10-01T00:07:42.649680Z,2026-10-01T00:07:42.717281Z,2026-10-01T00:07:42.761324Z,67.6,44.0
693da926-62d0-43f7-94eb-4eb642d8ed21,medium,none,SUCCEEDED,1,ACKED,2026-10-01T00:07:41.920512Z,2026-10-01T00:07:41.920512Z,2026-10-01T00:07:42.213821Z,0.0,293.3
3c07709f-bbe0-4e77-9d6f-a36eb0001577,short,none,SUCCEEDED,1,ACKED,2026-10-01T00:07:41.950935Z,2026-10-01T00:07:41.951936Z,2026-10-01T00:07:42.012340Z,1.0,60.4
01022ab5-2e62-46d7-8ee5-0b72663eeaba,short,none,SUCCEEDED,1,ACKED,2026-10-01T00:07:41.982243Z,2026-10-01T00:07:41.983244Z,2026-10-01T00:07:42.027910Z,1.0,44.7
fb5cf26a-1d52-4795-b10d-d5e403436c5f,medium,none,SUCCEEDED,1,ACKED,2026-10-01T00:07:42.028915Z,2026-10-01T00:07:42.029915Z,2026-10-01T00:07:42.277024Z,1.0,247.1
d50939c5-b344-48dd-b495-a48a27e786c5,short,none,SUCCEEDED,1,ACKED,2026-10-01T00:07:42.059469Z,2026-10-01T00:07:42.060467Z,2026-10-01T00:07:42.090093Z,1.0,29.6
bd0d22be-dd15-4c7e-a872-be6258f83f08,short,none,SUCCEEDED,1,ACKED,2026-10-01T00:07:42.091098Z,2026-10-01T00:07:42.092098Z,2026-10-01T00:07:42.105625Z,1.0,13.5
42dadb4d-051c-4294-a091-99d2f2f8d4a5,medium,none,SUCCEEDED,1,ACKED,2026-10-01T00:07:42.122393Z,2026-10-01T00:07:42.123394Z,2026-10-01T00:07:42.323614Z,1.0,200.2
175e1b97-2f99-439a-a6fb-f4a671e05c87,short,none,SUCCEEDED,1,ACKED,2026-10-01T00:07:42.153749Z,2026-10-01T00:07:42.215327Z,2026-10-01T00:07:42.261182Z,61.6,45.9
f2988807-e6c5-4554-80d2-abbc3791ca06,long,none,SUCCEEDED,1,ACKED,2026-10-01T00:07:42.184789Z,2026-10-01T00:07:42.215327Z,2026-10-01T00:07:43.581703Z,30.5,1366.4
f18e6af3-8ff9-426a-8e7e-ef33ab86ea91,short,none,SUCCEEDED,1,ACKED,2026-10-01T00:07:42.215327Z,2026-10-01T00:07:42.262992Z,2026-10-01T00:07:42.292563Z,47.7,29.6
35826e37-330b-466b-9fc2-c474db896d70,short,none,SUCCEEDED,1,ACKED,2026-10-01T00:07:42.261182Z,2026-10-01T00:07:42.277024Z,2026-10-01T00:07:42.308097Z,15.8,31.1
c5d263c3-d771-42e3-b4ab-d4189723a7ad,short,none,SUCCEEDED,1,ACKED,2026-10-01T00:07:42.293563Z,2026-10-01T00:07:42.294564Z,2026-10-01T00:07:42.339287Z,1.0,44.7
44037c46-8a2e-4f4f-9ab8-aad2b29bc102,short,none,SUCCEEDED,1,ACKED,2026-10-01T00:07:42.324615Z,2026-10-01T00:07:42.325614Z,2026-10-01T00:07:42.385656Z,1.0,60.0
1cd04674-ec48-4cd1-b0f6-6883fa49c3f1,short,none,SUCCEEDED,1,ACKED,2026-10-01T00:07:42.355302Z,2026-10-01T00:07:42.356303Z,2026-10-01T00:07:42.402196Z,1.0,45.9
8f688fdb-40ee-4cea-8dc2-2f08ae33ac46,short,none,SUCCEEDED,1,ACKED,2026-10-01T00:07:42.386661Z,2026-10-01T00:07:42.387667Z,2026-10-01T00:07:42.417826Z,1.0,30.2
619d904e-54f4-4105-bc34-28789d6fd9a7,short,none,SUCCEEDED,1,ACKED,2026-10-01T00:07:42.418824Z,2026-10-01T00:07:42.419826Z,2026-10-01T00:07:42.449858Z,1.0,30.0
d62b3b3a-ccb4-4e01-b7af-dcfa1316e445,short,none,SUCCEEDED,1,ACKED,2026-10-01T00:07:42.450860Z,2026-10-01T00:07:42.451860Z,2026-10-01T00:07:42.498471Z,1.0,46.6
a4857d38-0bf2-4679-afd6-b205286c9de6,short,none,SUCCEEDED,1,ACKED,2026-10-01T00:07:42.482911Z,2026-10-01T00:07:42.483911Z,2026-10-01T00:07:42.498471Z,1.0,14.6
44c6e7f8-9fa8-4162-9868-56da877ed4c0,medium,transient,DEAD_LETTER,1,NACKED,2026-10-01T00:07:42.514630Z,2026-10-01T00:07:42.515630Z,2026-10-01T00:07:42.636826Z,1.0,121.2
44c6e7f8-9fa8-4162-9868-56da877ed4c0,medium,transient,DEAD_LETTER,2,NACKED,2026-10-01T00:07:43.201826Z,2026-10-01T00:07:43.257723Z,2026-10-01T00:07:43.379038Z,55.9,121.3
44c6e7f8-9fa8-4162-9868-56da877ed4c0,medium,transient,DEAD_LETTER,3,NACKED,2026-10-01T00:07:44.763038Z,2026-10-01T00:07:44.893977Z,2026-10-01T00:07:45.015725Z,130.9,121.7
77a0f92c-4fb1-4c2d-a063-c2ecf4616f1a,short,none,SUCCEEDED,1,ACKED,2026-10-01T00:07:42.560267Z,2026-10-01T00:07:42.561769Z,2026-10-01T00:07:42.605487Z,1.5,43.7
170594bd-58f8-46c2-b085-50bb65e0f666,short,none,SUCCEEDED,1,ACKED,2026-10-01T00:07:42.591286Z,2026-10-01T00:07:42.592287Z,2026-10-01T00:07:42.636826Z,1.0,44.5
a12b7e84-37c3-4fb1-8ebe-61537635ecb8,short,none,SUCCEEDED,1,ACKED,2026-10-01T00:07:42.622513Z,2026-10-01T00:07:42.623512Z,2026-10-01T00:07:42.684165Z,1.0,60.7
8aafdacd-d59b-4f63-9e17-34f7ca0092ec,medium,none,SUCCEEDED,1,ACKED,2026-10-01T00:07:42.653341Z,2026-10-01T00:07:42.654342Z,2026-10-01T00:07:42.900895Z,1.0,246.6
7b8adad8-68b4-43b5-9945-1a24f99e55fc,medium,transient,SUCCEEDED,1,NACKED,2026-10-01T00:07:42.685385Z,2026-10-01T00:07:42.686391Z,2026-10-01T00:07:42.869935Z,1.0,183.5
7b8adad8-68b4-43b5-9945-1a24f99e55fc,medium,transient,SUCCEEDED,2,ACKED,2026-10-01T00:07:43.467935Z,2026-10-01T00:07:43.489Z,2026-10-01T00:07:43.674049Z,21.1,185.0
924f546c-5733-4110-9450-3c2a76abb020,short,none,SUCCEEDED,1,ACKED,2026-10-01T00:07:42.717281Z,2026-10-01T00:07:42.717281Z,2026-10-01T00:07:42.761324Z,0.0,44.0
211f968b-2f12-4e59-ba97-0af770dcf0c2,short,none,SUCCEEDED,1,ACKED,2026-10-01T00:07:42.762662Z,2026-10-01T00:07:42.763666Z,2026-10-01T00:07:42.793223Z,1.0,29.6
89db7a48-3785-4dbc-b05a-14af2f7b62f2,short,none,SUCCEEDED,1,ACKED,2026-10-01T00:07:42.794229Z,2026-10-01T00:07:42.795229Z,2026-10-01T00:07:42.823767Z,1.0,28.5
19fcbd46-f13e-4ec3-9b07-9af70d0defcd,long,none,SUCCEEDED,1,ACKED,2026-10-01T00:07:42.824766Z,2026-10-01T00:07:42.825964Z,2026-10-01T00:07:44.245415Z,1.2,1419.5
ae5c6366-e64e-4ca8-9245-809d18ea7cf7,medium,none,SUCCEEDED,1,ACKED,2026-10-01T00:07:42.855612Z,2026-10-01T00:07:42.857041Z,2026-10-01T00:07:43.133583Z,1.4,276.5
29de593e-98b2-4d1e-9687-d50d8b361e10,short,none,SUCCEEDED,1,ACKED,2026-10-01T00:07:42.886873Z,2026-10-01T00:07:42.886873Z,2026-10-01T00:07:42.916122Z,0.0,29.2
2eb21a02-eda4-4e9d-9a0a-b2f9565f5f55,short,none,SUCCEEDED,1,ACKED,2026-10-01T00:07:42.916122Z,2026-10-01T00:07:42.918144Z,2026-10-01T00:07:42.963372Z,2.0,45.2
8b477e0f-531e-480e-831d-6eab65aebbc3,short,none,SUCCEEDED,1,ACKED,2026-10-01T00:07:42.948629Z,2026-10-01T00:07:42.949661Z,2026-10-01T00:07:43.010577Z,1.0,60.9
99eb8ba8-25b9-4049-bbf4-21528a3b3287,short,none,SUCCEEDED,1,ACKED,2026-10-01T00:07:42.995623Z,2026-10-01T00:07:42.996669Z,2026-10-01T00:07:43.041328Z,1.0,44.7
1eeeb075-a44c-492a-84c9-99de5c2cf88b,medium,none,SUCCEEDED,1,ACKED,2026-10-01T00:07:43.027316Z,2026-10-01T00:07:43.028315Z,2026-10-01T00:07:43.179118Z,1.0,150.8
4b2cd914-82a0-4e12-aac0-15d0373bfb57,short,none,SUCCEEDED,1,ACKED,2026-10-01T00:07:43.058168Z,2026-10-01T00:07:43.059169Z,2026-10-01T00:07:43.088086Z,1.0,28.9
b609c304-678b-4713-acfc-940806913f24,medium,none,SUCCEEDED,1,ACKED,2026-10-01T00:07:43.088840Z,2026-10-01T00:07:43.089847Z,2026-10-01T00:07:43.209551Z,1.0,119.7
3c95e3d8-034f-4247-9ac6-afa1ba6e0b25,long,none,SUCCEEDED,1,ACKED,2026-10-01T00:07:43.119124Z,2026-10-01T00:07:43.120171Z,2026-10-01T00:07:44.538989Z,1.0,1418.8
e89088fe-d9a3-423a-ae5a-5c4fbfe56534,long,none,SUCCEEDED,1,ACKED,2026-10-01T00:07:43.150341Z,2026-10-01T00:07:43.150845Z,2026-10-01T00:07:45.092396Z,0.5,1941.6
b9bba39b-914c-46d1-9a3d-5425d53448a9,short,none,SUCCEEDED,1,ACKED,2026-10-01T00:07:43.195847Z,2026-10-01T00:07:43.196367Z,2026-10-01T00:07:43.224738Z,0.5,28.4
fdce8a2b-f7dd-47cf-a920-a17fa58ebb86,short,none,SUCCEEDED,1,ACKED,2026-10-01T00:07:43.224738Z,2026-10-01T00:07:43.226402Z,2026-10-01T00:07:43.272289Z,1.7,45.9
d75f6242-505f-42dd-8990-5b714878f759,short,none,SUCCEEDED,1,ACKED,2026-10-01T00:07:43.257723Z,2026-10-01T00:07:43.258234Z,2026-10-01T00:07:43.302882Z,0.5,44.6
0aa1c58e-9b21-4a60-af08-8a229cc420b6,short,none,SUCCEEDED,1,ACKED,2026-10-01T00:07:43.287517Z,2026-10-01T00:07:43.289151Z,2026-10-01T00:07:43.348428Z,1.6,59.3
c22dc90c-a024-4a4a-81a8-b8cce8bb46b9,medium,none,SUCCEEDED,1,ACKED,2026-10-01T00:07:43.319015Z,2026-10-01T00:07:43.320043Z,2026-10-01T00:07:43.566576Z,1.0,246.5
70b48467-6d4f-4544-935b-4b59d8f1c7b3,long,none,SUCCEEDED,1,ACKED,2026-10-01T00:07:43.349935Z,2026-10-01T00:07:43.350456Z,2026-10-01T00:07:45.031737Z,0.5,1681.3
f51d2390-bad5-44b8-9f30-dbeed8bb9af5,short,none,SUCCEEDED,1,ACKED,2026-10-01T00:07:43.396259Z,2026-10-01T00:07:43.396780Z,2026-10-01T00:07:43.410335Z,0.5,13.6
aaff3851-4bd6-44c9-8d8c-8c37c7f95bb6,medium,none,SUCCEEDED,1,ACKED,2026-10-01T00:07:43.427190Z,2026-10-01T00:07:43.428191Z,2026-10-01T00:07:43.658812Z,1.0,230.6
506b4a78-d036-4030-b1e3-cd31402c81b2,short,none,SUCCEEDED,1,ACKED,2026-10-01T00:07:43.458484Z,2026-10-01T00:07:43.459488Z,2026-10-01T00:07:43.488403Z,1.0,28.9
19a2f120-7805-4dad-96dc-99402857a9ea,short,none,SUCCEEDED,1,ACKED,2026-10-01T00:07:43.489Z,2026-10-01T00:07:43.567576Z,2026-10-01T00:07:43.627576Z,78.6,60.0
42a47d71-5e08-43a4-8e07-239e9c56d000,long,none,SUCCEEDED,1,ACKED,2026-10-01T00:07:43.520993Z,2026-10-01T00:07:43.582848Z,2026-10-01T00:07:45.077694Z,61.9,1494.8
0b8ba605-6612-416e-a5ff-13fda422d846,medium,none,SUCCEEDED,1,ACKED,2026-10-01T00:07:43.552070Z,2026-10-01T00:07:43.628743Z,2026-10-01T00:07:43.922962Z,76.7,294.2
88a8945f-6454-46e8-bafb-87595e4005c0,short,transient,SUCCEEDED,1,NACKED,2026-10-01T00:07:43.583369Z,2026-10-01T00:07:43.659810Z,2026-10-01T00:07:43.689940Z,76.4,30.1
88a8945f-6454-46e8-bafb-87595e4005c0,short,transient,SUCCEEDED,2,NACKED,2026-10-01T00:07:44.502940Z,2026-10-01T00:07:44.555511Z,2026-10-01T00:07:44.584782Z,52.6,29.3
88a8945f-6454-46e8-bafb-87595e4005c0,short,transient,SUCCEEDED,3,ACKED,2026-10-01T00:07:45.957782Z,2026-10-01T00:07:45.961615Z,2026-10-01T00:07:45.990661Z,3.8,29.0
8ce524c8-55e8-45e2-8a56-cb99e154e0d1,short,none,SUCCEEDED,1,ACKED,2026-10-01T00:07:43.634297Z,2026-10-01T00:07:43.675056Z,2026-10-01T00:07:43.721043Z,40.8,46.0
dfaa0940-7cb2-4c33-9283-def4dafb7f13,medium,none,SUCCEEDED,1,ACKED,2026-10-01T00:07:43.659810Z,2026-10-01T00:07:43.690628Z,2026-10-01T00:07:43.890901Z,30.8,200.3
c089c8c0-b4bf-4b14-a1bc-e06c044885cf,short,none,SUCCEEDED,1,ACKED,2026-10-01T00:07:43.691154Z,2026-10-01T00:07:43.784597Z,2026-10-01T00:07:43.814591Z,93.4,30.0
e306c6bc-5802-4e57-b330-601e44ed9114,short,none,SUCCEEDED,1,ACKED,2026-10-01T00:07:43.722549Z,2026-10-01T00:07:43.815592Z,2026-10-01T00:07:43.875364Z,93.0,59.8
d4e52333-2c58-487b-9276-2397f765103f,short,none,SUCCEEDED,1,ACKED,2026-10-01T00:07:43.754079Z,2026-10-01T00:07:43.877039Z,2026-10-01T00:07:43.906895Z,123.0,29.9
649d9a59-bb31-441d-b1c2-c0a2372ffdca,short,none,SUCCEEDED,1,ACKED,2026-10-01T00:07:43.785597Z,2026-10-01T00:07:43.891902Z,2026-10-01T00:07:43.938287Z,106.3,46.4
aecdc3b9-5a2a-435d-aaf5-92a978d932ce,short,none,SUCCEEDED,1,ACKED,2026-10-01T00:07:43.816915Z,2026-10-01T00:07:43.908423Z,2026-10-01T00:07:43.938287Z,91.5,29.9
72130a2d-b208-41b0-bae5-79ee55429c2d,medium,transient,SUCCEEDED,1,NACKED,2026-10-01T00:07:43.861687Z,2026-10-01T00:07:43.923967Z,2026-10-01T00:07:44.139583Z,62.3,215.6
72130a2d-b208-41b0-bae5-79ee55429c2d,medium,transient,SUCCEEDED,2,ACKED,2026-10-01T00:07:44.791583Z,2026-10-01T00:07:45.001333Z,2026-10-01T00:07:45.215867Z,209.8,214.5
a27e03b5-5adf-4dc0-8d6b-96b1ad513872,short,none,SUCCEEDED,1,ACKED,2026-10-01T00:07:43.891902Z,2026-10-01T00:07:43.938881Z,2026-10-01T00:07:43.984598Z,47.0,45.7
de9cb9ff-c56d-4ef8-91ae-fbcd1cc8dfa5,medium,none,SUCCEEDED,1,ACKED,2026-10-01T00:07:43.923967Z,2026-10-01T00:07:43.985599Z,2026-10-01T00:07:44.123854Z,61.6,138.3
57c22b54-4eb1-4cb2-9433-7d587e35b591,short,none,SUCCEEDED,1,ACKED,2026-10-01T00:07:43.954804Z,2026-10-01T00:07:44.125022Z,2026-10-01T00:07:44.169956Z,170.2,44.9
17affe2d-8fe0-40a4-9284-45a33c736091,short,transient,SUCCEEDED,1,NACKED,2026-10-01T00:07:43.985599Z,2026-10-01T00:07:44.140583Z,2026-10-01T00:07:44.169956Z,155.0,29.4
17affe2d-8fe0-40a4-9284-45a33c736091,short,transient,SUCCEEDED,2,ACKED,2026-10-01T00:07:44.715956Z,2026-10-01T00:07:44.863939Z,2026-10-01T00:07:44.893164Z,148.0,29.2
a7005f63-ac1f-484d-9f13-7b11f058f51e,short,none,SUCCEEDED,1,ACKED,2026-10-01T00:07:44.016966Z,2026-10-01T00:07:44.171087Z,2026-10-01T00:07:44.230027Z,154.1,58.9
ead38f0e-8829-4c94-9710-f913406ab144,short,transient,SUCCEEDED,1,NACKED,2026-10-01T00:07:44.047541Z,2026-10-01T00:07:44.171087Z,2026-10-01T00:07:44.230027Z,123.5,58.9
ead38f0e-8829-4c94-9710-f913406ab144,short,transient,SUCCEEDED,2,NACKED,2026-10-01T00:07:45.132027Z,2026-10-01T00:07:45.201161Z,2026-10-01T00:07:45.262675Z,69.1,61.5
ead38f0e-8829-4c94-9710-f913406ab144,short,transient,SUCCEEDED,3,ACKED,2026-10-01T00:07:46.799675Z,2026-10-01T00:07:46.823223Z,2026-10-01T00:07:46.881963Z,23.5,58.7
8cf6e5ae-2afe-457b-b35c-50188465cee7,short,none,SUCCEEDED,1,ACKED,2026-10-01T00:07:44.093933Z,2026-10-01T00:07:44.200942Z,2026-10-01T00:07:44.260643Z,107.0,59.7
6e250e88-432d-4e4a-934a-f8e07baa33b3,short,none,SUCCEEDED,1,ACKED,2026-10-01T00:07:44.125022Z,2026-10-01T00:07:44.231055Z,2026-10-01T00:07:44.260643Z,106.0,29.6
07ffdaf4-b880-490a-b6bd-acd62e37dd29,short,none,SUCCEEDED,1,ACKED,2026-10-01T00:07:44.156147Z,2026-10-01T00:07:44.231055Z,2026-10-01T00:07:44.275899Z,74.9,44.8
57cee350-7eff-4586-81cc-c2a4bd2c8110,medium,none,SUCCEEDED,1,ACKED,2026-10-01T00:07:44.186351Z,2026-10-01T00:07:44.246918Z,2026-10-01T00:07:44.493227Z,60.6,246.3
6dd49175-60bc-42ee-8dfc-9f2527aee89b,short,none,SUCCEEDED,1,ACKED,2026-10-01T00:07:44.215186Z,2026-10-01T00:07:44.261842Z,2026-10-01T00:07:44.306360Z,46.7,44.5
0f9da0c8-6516-4789-ad01-1bb39f81a085,medium,none,SUCCEEDED,1,ACKED,2026-10-01T00:07:44.261335Z,2026-10-01T00:07:44.262367Z,2026-10-01T00:07:44.554478Z,1.0,292.1
cbd15b8f-e03f-490a-88cc-191212c82358,medium,none,SUCCEEDED,1,ACKED,2026-10-01T00:07:44.292173Z,2026-10-01T00:07:44.294198Z,2026-10-01T00:07:44.477023Z,2.0,182.8
bde25004-21fa-48a7-b1b0-3108a3378828,medium,none,SUCCEEDED,1,ACKED,2026-10-01T00:07:44.322598Z,2026-10-01T00:07:44.323599Z,2026-10-01T00:07:44.431186Z,1.0,107.6
6490fa75-a493-40be-88ec-2c6c2c8b14ba,short,none,SUCCEEDED,1,ACKED,2026-10-01T00:07:44.353659Z,2026-10-01T00:07:44.432234Z,2026-10-01T00:07:44.446549Z,78.6,14.3
f22ae948-f7b4-49dc-98e1-36653a5689ce,short,none,SUCCEEDED,1,ACKED,2026-10-01T00:07:44.385525Z,2026-10-01T00:07:44.447767Z,2026-10-01T00:07:44.477023Z,62.2,29.3
4b30e1d0-7318-4b96-b145-24b2d256f938,short,none,SUCCEEDED,1,ACKED,2026-10-01T00:07:44.416944Z,2026-10-01T00:07:44.477527Z,2026-10-01T00:07:44.523983Z,60.6,46.5
64e3e831-8674-4e10-9453-9413b55e4562,long,none,SUCCEEDED,1,ACKED,2026-10-01T00:07:44.447767Z,2026-10-01T00:07:44.477527Z,2026-10-01T00:07:45.680676Z,29.8,1203.1
7571276d-133d-4f9f-9f01-3359a392368c,short,none,SUCCEEDED,1,ACKED,2026-10-01T00:07:44.494822Z,2026-10-01T00:07:44.495381Z,2026-10-01T00:07:44.523983Z,0.6,28.6
7d7dc518-21d5-4e56-a622-077e62c3484f,medium,none,SUCCEEDED,1,ACKED,2026-10-01T00:07:44.525212Z,2026-10-01T00:07:44.526269Z,2026-10-01T00:07:44.630947Z,1.1,104.7
25ef02cb-acaf-49e5-bee7-775b6761f904,short,transient,SUCCEEDED,1,NACKED,2026-10-01T00:07:44.555511Z,2026-10-01T00:07:44.556560Z,2026-10-01T00:07:44.584782Z,1.0,28.2
25ef02cb-acaf-49e5-bee7-775b6761f904,short,transient,SUCCEEDED,2,ACKED,2026-10-01T00:07:45.180782Z,2026-10-01T00:07:45.201161Z,2026-10-01T00:07:45.231303Z,20.4,30.1
a6813877-393b-4bab-a98a-43c6805e6e62,medium,none,SUCCEEDED,1,ACKED,2026-10-01T00:07:44.585452Z,2026-10-01T00:07:44.586495Z,2026-10-01T00:07:44.846569Z,1.0,260.1
d3aa9b64-061f-453f-afc2-252779b0b744,short,none,SUCCEEDED,1,ACKED,2026-10-01T00:07:44.616592Z,2026-10-01T00:07:44.617560Z,2026-10-01T00:07:44.661818Z,1.0,44.3
b1564597-600e-4046-870a-6f16c16e42d6,medium,none,SUCCEEDED,1,ACKED,2026-10-01T00:07:44.661818Z,2026-10-01T00:07:44.663323Z,2026-10-01T00:07:44.954446Z,1.5,291.1
18e49046-46fd-4a2c-a7b4-a1869ea0e84b,medium,none,SUCCEEDED,1,ACKED,2026-10-01T00:07:44.692767Z,2026-10-01T00:07:44.694278Z,2026-10-01T00:07:44.862186Z,1.5,167.9
553e1bd3-2dde-43af-9e55-1324891f144c,medium,none,SUCCEEDED,1,ACKED,2026-10-01T00:07:44.724965Z,2026-10-01T00:07:44.726018Z,2026-10-01T00:07:44.893164Z,1.1,167.1
af8887e3-efcc-42fa-917a-23b77351f3d4,short,none,SUCCEEDED,1,ACKED,2026-10-01T00:07:44.755145Z,2026-10-01T00:07:44.847811Z,2026-10-01T00:07:44.893164Z,92.7,45.4
99a779e5-269b-4351-b6b5-bc8a3357e347,medium,none,SUCCEEDED,1,ACKED,2026-10-01T00:07:44.785339Z,2026-10-01T00:07:44.893977Z,2026-10-01T00:07:45.122895Z,108.6,228.9
03970129-e3e6-48ea-b632-96197223703c,medium,none,SUCCEEDED,1,ACKED,2026-10-01T00:07:44.816639Z,2026-10-01T00:07:44.893977Z,2026-10-01T00:07:45.015725Z,77.3,121.7
2209f7a3-70b2-49f9-a864-4210abf1bce8,short,none,SUCCEEDED,1,ACKED,2026-10-01T00:07:44.847811Z,2026-10-01T00:07:44.955448Z,2026-10-01T00:07:45.000328Z,107.6,44.9
3420cece-628b-4499-8f12-b350e6262ec9,medium,none,SUCCEEDED,1,ACKED,2026-10-01T00:07:44.894506Z,2026-10-01T00:07:45.017730Z,2026-10-01T00:07:45.215867Z,123.2,198.1
a93c850d-04cf-4fe4-9a73-61bf2df383b5,short,none,SUCCEEDED,1,ACKED,2026-10-01T00:07:44.925437Z,2026-10-01T00:07:45.017730Z,2026-10-01T00:07:45.062766Z,92.3,45.0
cac6184e-d3b3-4f8c-80c1-e4d340a3b395,short,none,SUCCEEDED,1,ACKED,2026-10-01T00:07:44.956450Z,2026-10-01T00:07:45.033427Z,2026-10-01T00:07:45.062766Z,77.0,29.3
61f9e3d7-b192-4f6b-a826-61c41ab6d3fd,short,none,SUCCEEDED,1,ACKED,2026-10-01T00:07:44.986364Z,2026-10-01T00:07:45.064273Z,2026-10-01T00:07:45.107415Z,77.9,43.1
800f3320-051f-43c6-afc3-9225937d6ec7,short,none,SUCCEEDED,1,ACKED,2026-10-01T00:07:45.016731Z,2026-10-01T00:07:45.064273Z,2026-10-01T00:07:45.107415Z,47.5,43.1
84f51b77-2356-427b-b13b-ea2bdb830dc4,short,none,SUCCEEDED,1,ACKED,2026-10-01T00:07:45.048242Z,2026-10-01T00:07:45.078705Z,2026-10-01T00:07:45.122895Z,30.5,44.2
06e71179-e369-4a9e-a1a6-7d4590372f00,short,none,SUCCEEDED,1,ACKED,2026-10-01T00:07:45.092971Z,2026-10-01T00:07:45.093976Z,2026-10-01T00:07:45.107415Z,1.0,13.4
7a6570e1-814c-4ebb-a644-60d77b8658d9,short,none,SUCCEEDED,1,ACKED,2026-10-01T00:07:45.124079Z,2026-10-01T00:07:45.124600Z,2026-10-01T00:07:45.153375Z,0.5,28.8
eab50434-c80e-4034-8d3d-312c640268c0,short,none,SUCCEEDED,1,ACKED,2026-10-01T00:07:45.154374Z,2026-10-01T00:07:45.155373Z,2026-10-01T00:07:45.215867Z,1.0,60.5
4d79ba67-51c5-4642-9432-3bd0ef368431,medium,none,SUCCEEDED,1,ACKED,2026-10-01T00:07:45.186130Z,2026-10-01T00:07:45.187135Z,2026-10-01T00:07:45.370769Z,1.0,183.6
4dcab1f7-b8ba-45df-877b-782d37d5ab69,short,none,SUCCEEDED,1,ACKED,2026-10-01T00:07:45.216867Z,2026-10-01T00:07:45.217868Z,2026-10-01T00:07:45.246695Z,1.0,28.8
a219635a-2986-4d66-8c71-03efe35fbce6,short,none,SUCCEEDED,1,ACKED,2026-10-01T00:07:45.247861Z,2026-10-01T00:07:45.248375Z,2026-10-01T00:07:45.293353Z,0.5,45.0
9b7382ac-cf40-4288-a279-f1b7609ad294,short,none,SUCCEEDED,1,ACKED,2026-10-01T00:07:45.293353Z,2026-10-01T00:07:45.294860Z,2026-10-01T00:07:45.324113Z,1.5,29.3
c636abe7-340f-4a99-bf46-ccc19b28855e,short,none,SUCCEEDED,1,ACKED,2026-10-01T00:07:45.325248Z,2026-10-01T00:07:45.326277Z,2026-10-01T00:07:45.370769Z,1.0,44.5
d8955303-ef9e-4d3e-8376-f7bbd8818c29,short,none,SUCCEEDED,1,ACKED,2026-10-01T00:07:45.354908Z,2026-10-01T00:07:45.356411Z,2026-10-01T00:07:45.401877Z,1.5,45.5
987b4350-9c0a-45bb-8abe-d2c93bda85f7,medium,none,SUCCEEDED,1,ACKED,2026-10-01T00:07:45.387272Z,2026-10-01T00:07:45.387272Z,2026-10-01T00:07:45.649319Z,0.0,262.0
f5423c5c-6094-4218-a011-1d526f0169ed,short,transient,SUCCEEDED,1,NACKED,2026-10-01T00:07:45.418831Z,2026-10-01T00:07:45.419833Z,2026-10-01T00:07:45.463922Z,1.0,44.1
f5423c5c-6094-4218-a011-1d526f0169ed,short,transient,SUCCEEDED,2,NACKED,2026-10-01T00:07:46.311922Z,2026-10-01T00:07:46.392149Z,2026-10-01T00:07:46.437360Z,80.2,45.2
f5423c5c-6094-4218-a011-1d526f0169ed,short,transient,SUCCEEDED,3,ACKED,2026-10-01T00:07:47.954360Z,2026-10-01T00:07:48.004731Z,2026-10-01T00:07:48.050912Z,50.4,46.2
f42eaa8e-6b31-4515-8918-add2ad424ba4,short,none,SUCCEEDED,1,ACKED,2026-10-01T00:07:45.449922Z,2026-10-01T00:07:45.450926Z,2026-10-01T00:07:45.495566Z,1.0,44.6
f2c11f29-d629-422f-a38b-47deabe738e3,short,transient,SUCCEEDED,1,NACKED,2026-10-01T00:07:45.497073Z,2026-10-01T00:07:45.497073Z,2026-10-01T00:07:45.526025Z,0.0,29.0
f2c11f29-d629-422f-a38b-47deabe738e3,short,transient,SUCCEEDED,2,ACKED,2026-10-01T00:07:46.257025Z,2026-10-01T00:07:46.283789Z,2026-10-01T00:07:46.313239Z,26.8,29.5
53e92444-8535-408e-8ca3-309f4e72bea1,short,none,SUCCEEDED,1,ACKED,2026-10-01T00:07:45.526734Z,2026-10-01T00:07:45.528265Z,2026-10-01T00:07:45.557657Z,1.5,29.4
81889196-4c44-41aa-8e21-6d88d295c45d,medium,transient,SUCCEEDED,1,NACKED,2026-10-01T00:07:45.559281Z,2026-10-01T00:07:45.560325Z,2026-10-01T00:07:45.789589Z,1.0,229.3
81889196-4c44-41aa-8e21-6d88d295c45d,medium,transient,SUCCEEDED,2,ACKED,2026-10-01T00:07:46.726589Z,2026-10-01T00:07:46.822693Z,2026-10-01T00:07:47.051502Z,96.1,228.8
621d4179-0e98-4e54-913e-71ffa15a68a9,short,none,SUCCEEDED,1,ACKED,2026-10-01T00:07:45.589614Z,2026-10-01T00:07:45.590146Z,2026-10-01T00:07:45.618861Z,0.5,28.7
bfacf2db-c787-4d96-afca-6d95018db4c8,short,transient,SUCCEEDED,1,NACKED,2026-10-01T00:07:45.619860Z,2026-10-01T00:07:45.620860Z,2026-10-01T00:07:45.649319Z,1.0,28.5
bfacf2db-c787-4d96-afca-6d95018db4c8,short,transient,SUCCEEDED,2,ACKED,2026-10-01T00:07:46.332319Z,2026-10-01T00:07:46.392149Z,2026-10-01T00:07:46.406641Z,59.8,14.5
a3d36edb-50db-40cb-ba22-1df12ce002e4,short,none,SUCCEEDED,1,ACKED,2026-10-01T00:07:45.650323Z,2026-10-01T00:07:45.650323Z,2026-10-01T00:07:45.695949Z,0.0,45.6
71ed48cc-8bc5-4a32-ac0f-e9b61bf78792,short,none,SUCCEEDED,1,ACKED,2026-10-01T00:07:45.684679Z,2026-10-01T00:07:45.686679Z,2026-10-01T00:07:45.727408Z,2.0,40.7
eff16ece-81e9-44bc-a78c-e2d591cbd204,short,none,SUCCEEDED,1,ACKED,2026-10-01T00:07:45.728408Z,2026-10-01T00:07:45.728408Z,2026-10-01T00:07:45.742688Z,0.0,14.3
9f1a5356-a752-461e-88f8-75b567bac18e,short,none,SUCCEEDED,1,ACKED,2026-10-01T00:07:45.759307Z,2026-10-01T00:07:45.760645Z,2026-10-01T00:07:45.789589Z,1.3,28.9
5e7709ea-efa3-437a-bdd9-bf56b0c6b6da,short,none,SUCCEEDED,1,ACKED,2026-10-01T00:07:45.790813Z,2026-10-01T00:07:45.790813Z,2026-10-01T00:07:45.820606Z,0.0,29.8
2d859401-fcd4-4207-9bbb-1d247d44522f,long,none,SUCCEEDED,1,ACKED,2026-10-01T00:07:45.821608Z,2026-10-01T00:07:45.822870Z,2026-10-01T00:07:46.836459Z,1.3,1013.6
673a7049-058f-4e96-b5e3-a79d4f2aece7,medium,none,SUCCEEDED,1,ACKED,2026-10-01T00:07:45.853063Z,2026-10-01T00:07:45.854062Z,2026-10-01T00:07:46.158969Z,1.0,304.9
5899d3a6-747e-4790-8b7a-36716c9940ae,short,none,SUCCEEDED,1,ACKED,2026-10-01T00:07:45.883968Z,2026-10-01T00:07:45.885011Z,2026-10-01T00:07:45.913352Z,1.0,28.3
7ea96095-0772-4b73-8052-8000506d92e1,short,none,SUCCEEDED,1,ACKED,2026-10-01T00:07:45.914551Z,2026-10-01T00:07:45.915071Z,2026-10-01T00:07:45.975186Z,0.5,60.1
78257249-a48d-4c4a-be2e-2db615d2ef71,short,none,SUCCEEDED,1,ACKED,2026-10-01T00:07:45.961615Z,2026-10-01T00:07:45.962147Z,2026-10-01T00:07:45.990661Z,0.5,28.5
471a07bc-8f4a-4176-a84b-97507d73b14a,short,transient,SUCCEEDED,1,NACKED,2026-10-01T00:07:45.991721Z,2026-10-01T00:07:45.992241Z,2026-10-01T00:07:46.005823Z,0.5,13.6
471a07bc-8f4a-4176-a84b-97507d73b14a,short,transient,SUCCEEDED,2,ACKED,2026-10-01T00:07:46.757823Z,2026-10-01T00:07:46.823223Z,2026-10-01T00:07:46.836459Z,65.4,13.2
610ce0ad-8956-4804-aab9-accac1f839f1,short,transient,SUCCEEDED,1,NACKED,2026-10-01T00:07:46.022213Z,2026-10-01T00:07:46.023270Z,2026-10-01T00:07:46.067576Z,1.1,44.3
610ce0ad-8956-4804-aab9-accac1f839f1,short,transient,SUCCEEDED,2,NACKED,2026-10-01T00:07:47.054576Z,2026-10-01T00:07:47.143758Z,2026-10-01T00:07:47.188483Z,89.2,44.7
610ce0ad-8956-4804-aab9-accac1f839f1,short,transient,SUCCEEDED,3,ACKED,2026-10-01T00:07:48.533483Z,2026-10-01T00:07:48.545211Z,2026-10-01T00:07:48.590058Z,11.7,44.8
22ec2b96-0260-4ffe-9469-12931fe7d2a7,medium,none,SUCCEEDED,1,ACKED,2026-10-01T00:07:46.053359Z,2026-10-01T00:07:46.054399Z,2026-10-01T00:07:46.282194Z,1.0,227.8
d7d78663-a73d-42a0-a580-52559ee95681,short,none,SUCCEEDED,1,ACKED,2026-10-01T00:07:46.084029Z,2026-10-01T00:07:46.085036Z,2026-10-01T00:07:46.128495Z,1.0,43.5
e0f92697-b4d2-4f45-b26c-6da087a4f308,short,none,SUCCEEDED,1,ACKED,2026-10-01T00:07:46.113949Z,2026-10-01T00:07:46.114955Z,2026-10-01T00:07:46.143673Z,1.0,28.7
e8035e35-033a-46c4-a823-ae18280890d7,short,permanent,FAILED,1,NACKED,2026-10-01T00:07:46.160288Z,2026-10-01T00:07:46.160288Z,2026-10-01T00:07:46.205366Z,0.0,45.1
8a2d6adc-79d1-4582-babf-447c628b2033,short,none,SUCCEEDED,1,ACKED,2026-10-01T00:07:46.191625Z,2026-10-01T00:07:46.192146Z,2026-10-01T00:07:46.220987Z,0.5,28.8
3beb9cc7-954d-4de9-adb3-407c2d28c27e,medium,none,SUCCEEDED,1,ACKED,2026-10-01T00:07:46.222091Z,2026-10-01T00:07:46.222617Z,2026-10-01T00:07:46.529419Z,0.5,306.8
1477b6d3-7029-476b-858a-dd19d9dcc3b4,short,none,SUCCEEDED,1,ACKED,2026-10-01T00:07:46.253209Z,2026-10-01T00:07:46.254232Z,2026-10-01T00:07:46.282194Z,1.0,28.0
834ba327-9e17-46d0-afe8-f70c08557904,short,none,SUCCEEDED,1,ACKED,2026-10-01T00:07:46.282785Z,2026-10-01T00:07:46.283789Z,2026-10-01T00:07:46.313239Z,1.0,29.5
4c010575-0525-41a9-8bd3-00e545834891,short,transient,SUCCEEDED,1,NACKED,2026-10-01T00:07:46.314237Z,2026-10-01T00:07:46.315744Z,2026-10-01T00:07:46.360156Z,1.5,44.4
4c010575-0525-41a9-8bd3-00e545834891,short,transient,SUCCEEDED,2,ACKED,2026-10-01T00:07:47.342156Z,2026-10-01T00:07:47.360730Z,2026-10-01T00:07:47.406631Z,18.6,45.9
9d6081b2-0c5d-4cd3-84c2-77cd7e7e1978,short,none,SUCCEEDED,1,ACKED,2026-10-01T00:07:46.361164Z,2026-10-01T00:07:46.361670Z,2026-10-01T00:07:46.391151Z,0.5,29.5
29167539-c41a-4afa-8d0e-93a715416fff,short,none,SUCCEEDED,1,ACKED,2026-10-01T00:07:46.392149Z,2026-10-01T00:07:46.393827Z,2026-10-01T00:07:46.452602Z,1.7,58.8
7ac8f266-0e23-406e-bc7b-ab73c6815cdb,short,none,SUCCEEDED,1,ACKED,2026-10-01T00:07:46.423198Z,2026-10-01T00:07:46.424245Z,2026-10-01T00:07:46.467848Z,1.0,43.6
d7251afe-e6be-4993-b1f6-4968b35b39f0,short,none,SUCCEEDED,1,ACKED,2026-10-01T00:07:46.453787Z,2026-10-01T00:07:46.454308Z,2026-10-01T00:07:46.483475Z,0.5,29.2
b4d255eb-d758-4857-a3c7-e0c8cbd99003,medium,none,SUCCEEDED,1,ACKED,2026-10-01T00:07:46.483980Z,2026-10-01T00:07:46.484984Z,2026-10-01T00:07:46.682731Z,1.0,197.7
88dfbb8d-a4c6-4d4f-8936-48f89830ae3a,short,none,SUCCEEDED,1,ACKED,2026-10-01T00:07:46.515177Z,2026-10-01T00:07:46.515699Z,2026-10-01T00:07:46.545064Z,0.5,29.4
f99f13fc-7ea7-4417-9da2-e5c6d441b46b,short,none,SUCCEEDED,1,ACKED,2026-10-01T00:07:46.561272Z,2026-10-01T00:07:46.562278Z,2026-10-01T00:07:46.606625Z,1.0,44.3
6f7b7e0f-0c5e-470b-902b-46df34cf96d7,short,none,SUCCEEDED,1,ACKED,2026-10-01T00:07:46.591815Z,2026-10-01T00:07:46.593063Z,2026-10-01T00:07:46.636698Z,1.2,43.6
d399dd98-a530-4390-a426-5e4449b2bf29,short,none,SUCCEEDED,1,ACKED,2026-10-01T00:07:46.622865Z,2026-10-01T00:07:46.623908Z,2026-10-01T00:07:46.667420Z,1.0,43.5
945d0be0-065d-4de0-8aa9-461183b9c0e6,medium,none,SUCCEEDED,1,ACKED,2026-10-01T00:07:46.652971Z,2026-10-01T00:07:46.654020Z,2026-10-01T00:07:46.821419Z,1.0,167.4
97c58451-4234-4420-a019-bc51e926a5ad,medium,none,SUCCEEDED,1,ACKED,2026-10-01T00:07:46.683889Z,2026-10-01T00:07:46.684896Z,2026-10-01T00:07:46.944019Z,1.0,259.1
728aae18-bb5f-45b4-afa5-f150963f0d5d,short,none,SUCCEEDED,1,ACKED,2026-10-01T00:07:46.714813Z,2026-10-01T00:07:46.715856Z,2026-10-01T00:07:46.744173Z,1.0,28.3
8a8837a1-0487-4340-8d02-7d7fbb2f16f9,medium,none,SUCCEEDED,1,ACKED,2026-10-01T00:07:46.760700Z,2026-10-01T00:07:46.761745Z,2026-10-01T00:07:46.927906Z,1.0,166.2
68f04354-c757-4479-868c-a6bf20c6e812,long,none,SUCCEEDED,1,ACKED,2026-10-01T00:07:46.790974Z,2026-10-01T00:07:46.791973Z,2026-10-01T00:07:48.004731Z,1.0,1212.8
2d53c43b-2d46-4e82-830d-f691963f3a6a,medium,none,SUCCEEDED,1,ACKED,2026-10-01T00:07:46.822693Z,2026-10-01T00:07:46.823223Z,2026-10-01T00:07:46.927906Z,0.5,104.7
f13d36fe-ce55-4c7d-bf27-86e26aba1db5,short,none,SUCCEEDED,1,ACKED,2026-10-01T00:07:46.852496Z,2026-10-01T00:07:46.853495Z,2026-10-01T00:07:46.881963Z,1.0,28.5
ef68c03c-e1de-4817-8a48-e5f00ec9256a,short,none,SUCCEEDED,1,ACKED,2026-10-01T00:07:46.882965Z,2026-10-01T00:07:46.882965Z,2026-10-01T00:07:46.912622Z,0.0,29.7
08b044d4-cf18-4c0d-a7ff-fcb232097ccd,short,none,SUCCEEDED,1,ACKED,2026-10-01T00:07:46.929113Z,2026-10-01T00:07:46.929632Z,2026-10-01T00:07:46.989389Z,0.5,59.8
50d41d0f-dfb9-45f1-8ff3-7088ae7ee78c,short,none,SUCCEEDED,1,ACKED,2026-10-01T00:07:46.960132Z,2026-10-01T00:07:46.960655Z,2026-10-01T00:07:47.004808Z,0.5,44.2
bb492b94-5ec1-4443-a79a-41be3f442d0b,medium,none,SUCCEEDED,1,ACKED,2026-10-01T00:07:46.990135Z,2026-10-01T00:07:46.991181Z,2026-10-01T00:07:47.126970Z,1.0,135.8
42ca76d0-7bed-4e51-826d-9bf33f706060,short,none,SUCCEEDED,1,ACKED,2026-10-01T00:07:47.021896Z,2026-10-01T00:07:47.023052Z,2026-10-01T00:07:47.066642Z,1.2,43.6
44ff4946-f39d-4577-8c30-275e9d751f38,medium,none,SUCCEEDED,1,ACKED,2026-10-01T00:07:47.052508Z,2026-10-01T00:07:47.053013Z,2026-10-01T00:07:47.235455Z,0.5,182.4
5353c71c-e17c-41a2-85c6-961ddd0cb093,short,none,SUCCEEDED,1,ACKED,2026-10-01T00:07:47.082980Z,2026-10-01T00:07:47.083491Z,2026-10-01T00:07:47.142370Z,0.5,58.9
be95cfc2-8db4-473f-9c98-da59ee8c8420,medium,none,SUCCEEDED,1,ACKED,2026-10-01T00:07:47.128264Z,2026-10-01T00:07:47.129368Z,2026-10-01T00:07:47.391452Z,1.1,262.1
c24585ea-b198-4058-b667-d3e093fe3eb4,medium,none,SUCCEEDED,1,ACKED,2026-10-01T00:07:47.158856Z,2026-10-01T00:07:47.159894Z,2026-10-01T00:07:47.343764Z,1.0,183.9
c8807aa5-5328-430d-8246-311da219f024,short,none,SUCCEEDED,1,ACKED,2026-10-01T00:07:47.189678Z,2026-10-01T00:07:47.190200Z,2026-10-01T00:07:47.250911Z,0.5,60.7
cc5bd9e2-9119-4792-8951-6e880a994609,short,none,SUCCEEDED,1,ACKED,2026-10-01T00:07:47.219832Z,2026-10-01T00:07:47.220878Z,2026-10-01T00:07:47.266523Z,1.0,45.6
c0679365-0b97-4e2c-9eae-6d6636943459,short,none,SUCCEEDED,1,ACKED,2026-10-01T00:07:47.252208Z,2026-10-01T00:07:47.252730Z,2026-10-01T00:07:47.297314Z,0.5,44.6
e098dc9f-0bb5-4bac-9ca0-2c80e84d6921,long,none,SUCCEEDED,1,ACKED,2026-10-01T00:07:47.283015Z,2026-10-01T00:07:47.283541Z,2026-10-01T00:07:48.912306Z,0.5,1628.8
1740c596-b151-4bc1-9859-2539f3d285a5,short,none,SUCCEEDED,1,ACKED,2026-10-01T00:07:47.314380Z,2026-10-01T00:07:47.315423Z,2026-10-01T00:07:47.359727Z,1.0,44.3
08832f4d-d5c8-4ee1-b685-ae78d5eec885,short,none,SUCCEEDED,1,ACKED,2026-10-01T00:07:47.360730Z,2026-10-01T00:07:47.361728Z,2026-10-01T00:07:47.422460Z,1.0,60.7
e4ead269-7aff-4156-979e-a87a1a66e4d8,medium,none,SUCCEEDED,1,ACKED,2026-10-01T00:07:47.392457Z,2026-10-01T00:07:47.392457Z,2026-10-01T00:07:47.514868Z,0.0,122.4
2b694072-b84b-44b0-bb93-b6ec64288880,short,none,SUCCEEDED,1,ACKED,2026-10-01T00:07:47.423460Z,2026-10-01T00:07:47.424460Z,2026-10-01T00:07:47.452817Z,1.0,28.4
7dccd07c-c5c1-4796-91b0-72d89f755747,short,transient,DEAD_LETTER,1,NACKED,2026-10-01T00:07:47.454089Z,2026-10-01T00:07:47.455131Z,2026-10-01T00:07:47.499477Z,1.0,44.3
7dccd07c-c5c1-4796-91b0-72d89f755747,short,transient,DEAD_LETTER,2,NACKED,2026-10-01T00:07:48.302477Z,2026-10-01T00:07:48.329972Z,2026-10-01T00:07:48.375369Z,27.5,45.4
7dccd07c-c5c1-4796-91b0-72d89f755747,short,transient,DEAD_LETTER,3,NACKED,2026-10-01T00:07:49.605369Z,2026-10-01T00:07:49.629143Z,2026-10-01T00:07:49.675895Z,23.8,46.8
131e3e46-1c26-48c9-b2b1-70b6e8adbe12,short,none,SUCCEEDED,1,ACKED,2026-10-01T00:07:47.485323Z,2026-10-01T00:07:47.486829Z,2026-10-01T00:07:47.530194Z,1.5,43.4
c690fce6-7b76-4921-8e61-cfe0a0f373ab,short,none,SUCCEEDED,1,ACKED,2026-10-01T00:07:47.516037Z,2026-10-01T00:07:47.516558Z,2026-10-01T00:07:47.576156Z,0.5,59.6
178bb9a4-b0c7-4943-be57-723f6a1f15f1,short,none,SUCCEEDED,1,ACKED,2026-10-01T00:07:47.561617Z,2026-10-01T00:07:47.562662Z,2026-10-01T00:07:47.606213Z,1.0,43.6
84f5f160-c9c8-4746-bc25-e7d37b3e5cf0,short,transient,SUCCEEDED,1,NACKED,2026-10-01T00:07:47.592292Z,2026-10-01T00:07:47.592817Z,2026-10-01T00:07:47.651468Z,0.5,58.7
84f5f160-c9c8-4746-bc25-e7d37b3e5cf0,short,transient,SUCCEEDED,2,ACKED,2026-10-01T00:07:48.181468Z,2026-10-01T00:07:48.221576Z,2026-10-01T00:07:48.282049Z,40.1,60.5
74b8775e-e060-409f-81f8-4dcc9fe425d6,short,none,SUCCEEDED,1,ACKED,2026-10-01T00:07:47.621991Z,2026-10-01T00:07:47.622997Z,2026-10-01T00:07:47.682757Z,1.0,59.8
2e81e1b6-a6d6-4b45-bc67-9e447c771849,short,none,SUCCEEDED,1,ACKED,2026-10-01T00:07:47.652469Z,2026-10-01T00:07:47.652974Z,2026-10-01T00:07:47.698060Z,0.5,45.1
bc7f6d8a-69fa-4f03-885b-6208101e5a1a,short,none,SUCCEEDED,1,ACKED,2026-10-01T00:07:47.683358Z,2026-10-01T00:07:47.684365Z,2026-10-01T00:07:47.743740Z,1.0,59.4
9bb01c18-5963-46c1-823c-767e06323a26,long,none,SUCCEEDED,1,ACKED,2026-10-01T00:07:47.713597Z,2026-10-01T00:07:47.715578Z,2026-10-01T00:07:48.835374Z,2.0,1119.8
ea288c76-80c1-4f37-9848-9e3b376b0292,short,none,SUCCEEDED,1,ACKED,2026-10-01T00:07:47.761028Z,2026-10-01T00:07:47.762575Z,2026-10-01T00:07:47.805393Z,1.5,42.8
10e3223f-433f-40bf-9b46-9641570c7823,short,none,SUCCEEDED,1,ACKED,2026-10-01T00:07:47.790746Z,2026-10-01T00:07:47.791753Z,2026-10-01T00:07:47.835909Z,1.0,44.2
6844beb8-e91b-4973-8d19-116dbcf05034,short,none,SUCCEEDED,1,ACKED,2026-10-01T00:07:47.821462Z,2026-10-01T00:07:47.822469Z,2026-10-01T00:07:47.881853Z,1.0,59.4
65801e84-66cc-4b25-b57d-c967ef487186,medium,none,SUCCEEDED,1,ACKED,2026-10-01T00:07:47.851733Z,2026-10-01T00:07:47.852741Z,2026-10-01T00:07:48.097815Z,1.0,245.1
7e68006d-98ca-4dc9-9be8-0237482139f6,short,none,SUCCEEDED,1,ACKED,2026-10-01T00:07:47.882853Z,2026-10-01T00:07:47.882853Z,2026-10-01T00:07:47.927708Z,0.0,44.9
acddc093-e7cc-4240-b462-7dcef3fac8d6,medium,none,SUCCEEDED,1,ACKED,2026-10-01T00:07:47.929707Z,2026-10-01T00:07:47.930707Z,2026-10-01T00:07:48.113006Z,1.0,182.3
e24564ee-c788-43ff-b9e0-447653a6789a,short,none,SUCCEEDED,1,ACKED,2026-10-01T00:07:47.959868Z,2026-10-01T00:07:47.960927Z,2026-10-01T00:07:47.988749Z,1.1,27.8
f176a698-b587-47f4-afbe-93fbb53a2756,medium,none,SUCCEEDED,1,ACKED,2026-10-01T00:07:47.990362Z,2026-10-01T00:07:47.993363Z,2026-10-01T00:07:48.097815Z,3.0,104.5
1870e58a-6a93-4b74-b0dc-fdd39c42c2fb,short,none,SUCCEEDED,1,ACKED,2026-10-01T00:07:48.021736Z,2026-10-01T00:07:48.022261Z,2026-10-01T00:07:48.082031Z,0.5,59.8
26eaacfb-856f-4696-8a28-532fac8d256b,medium,none,SUCCEEDED,1,ACKED,2026-10-01T00:07:48.051878Z,2026-10-01T00:07:48.052883Z,2026-10-01T00:07:48.266416Z,1.0,213.5
04cbbd4b-2778-4a69-a7ad-3eea75b83f68,short,none,SUCCEEDED,1,ACKED,2026-10-01T00:07:48.082622Z,2026-10-01T00:07:48.084131Z,2026-10-01T00:07:48.143458Z,1.5,59.3
1dd927f8-5d5d-4abb-8caa-8fd5e1a2d57e,short,transient,SUCCEEDED,1,NACKED,2026-10-01T00:07:48.129363Z,2026-10-01T00:07:48.130480Z,2026-10-01T00:07:48.143458Z,1.1,13.0
1dd927f8-5d5d-4abb-8caa-8fd5e1a2d57e,short,transient,SUCCEEDED,2,ACKED,2026-10-01T00:07:48.951458Z,2026-10-01T00:07:48.974866Z,2026-10-01T00:07:48.988879Z,23.4,14.0
bebd57ae-d230-4e6e-8af9-13dd960faeee,short,none,SUCCEEDED,1,ACKED,2026-10-01T00:07:48.159222Z,2026-10-01T00:07:48.160728Z,2026-10-01T00:07:48.190491Z,1.5,29.8
ff606332-8ce5-4619-983b-7b330929250a,medium,transient,SUCCEEDED,1,NACKED,2026-10-01T00:07:48.191995Z,2026-10-01T00:07:48.191995Z,2026-10-01T00:07:48.344152Z,0.0,152.2
ff606332-8ce5-4619-983b-7b330929250a,medium,transient,SUCCEEDED,2,ACKED,2026-10-01T00:07:49.021152Z,2026-10-01T00:07:49.084126Z,2026-10-01T00:07:49.238944Z,63.0,154.8
8a192ce9-5e27-452f-8d4a-06b8d97d3e99,short,none,SUCCEEDED,1,ACKED,2026-10-01T00:07:48.221576Z,2026-10-01T00:07:48.222095Z,2026-10-01T00:07:48.250899Z,0.5,28.8
78dbb9a9-bea2-4e3f-9b2c-3536a314e5ea,medium,none,SUCCEEDED,1,ACKED,2026-10-01T00:07:48.251529Z,2026-10-01T00:07:48.252534Z,2026-10-01T00:07:48.559655Z,1.0,307.1
22d6bc31-3c9d-48b9-8f93-87c4755f7db7,medium,none,SUCCEEDED,1,ACKED,2026-10-01T00:07:48.283171Z,2026-10-01T00:07:48.283692Z,2026-10-01T00:07:48.451499Z,0.5,167.8
62e05b9f-d6be-4198-a17d-e4d21f7e0504,medium,transient,SUCCEEDED,1,NACKED,2026-10-01T00:07:48.314569Z,2026-10-01T00:07:48.315614Z,2026-10-01T00:07:48.513800Z,1.0,198.2
62e05b9f-d6be-4198-a17d-e4d21f7e0504,medium,transient,SUCCEEDED,2,ACKED,2026-10-01T00:07:49.066800Z,2026-10-01T00:07:49.085124Z,2026-10-01T00:07:49.285122Z,18.3,200.0
829aa948-58b8-4fd3-9ea3-48962833e868,short,none,SUCCEEDED,1,ACKED,2026-10-01T00:07:48.360693Z,2026-10-01T00:07:48.361223Z,2026-10-01T00:07:48.421164Z,0.5,59.9
2320d7cc-6301-4e84-95c0-4b9753ca3bc1,medium,none,SUCCEEDED,1,ACKED,2026-10-01T00:07:48.391715Z,2026-10-01T00:07:48.392233Z,2026-10-01T00:07:48.682286Z,0.5,290.1
8e48ce50-8c30-45ee-a0bc-1d42d582df86,short,none,SUCCEEDED,1,ACKED,2026-10-01T00:07:48.421814Z,2026-10-01T00:07:48.422820Z,2026-10-01T00:07:48.467220Z,1.0,44.4
5584d015-a33a-4ae5-946a-d475bb45eed6,short,none,SUCCEEDED,1,ACKED,2026-10-01T00:07:48.454005Z,2026-10-01T00:07:48.455005Z,2026-10-01T00:07:48.467220Z,1.0,12.2
fdfcc621-aacc-4d6c-855f-3182e84d3987,medium,transient,SUCCEEDED,1,NACKED,2026-10-01T00:07:48.484519Z,2026-10-01T00:07:48.485519Z,2026-10-01T00:07:48.651426Z,1.0,165.9
fdfcc621-aacc-4d6c-855f-3182e84d3987,medium,transient,SUCCEEDED,2,ACKED,2026-10-01T00:07:49.352426Z,2026-10-01T00:07:49.409796Z,2026-10-01T00:07:49.565046Z,57.4,155.3
2f0fe230-2996-48f2-a309-46bb95d89eec,short,none,SUCCEEDED,1,ACKED,2026-10-01T00:07:48.515025Z,2026-10-01T00:07:48.515543Z,2026-10-01T00:07:48.559655Z,0.5,44.1
d6c0a493-aefe-49a5-9151-b69517aa9539,medium,none,SUCCEEDED,1,ACKED,2026-10-01T00:07:48.560694Z,2026-10-01T00:07:48.561217Z,2026-10-01T00:07:48.774220Z,0.5,213.0
f52ea00b-3a2c-429f-9c3f-22cafc0f1a35,short,none,SUCCEEDED,1,ACKED,2026-10-01T00:07:48.591284Z,2026-10-01T00:07:48.591876Z,2026-10-01T00:07:48.620837Z,0.6,29.0
b7ae7e40-fea9-4ed2-bc7d-6befa7f634cb,medium,none,SUCCEEDED,1,ACKED,2026-10-01T00:07:48.622028Z,2026-10-01T00:07:48.622554Z,2026-10-01T00:07:48.912306Z,0.5,289.8
ca3d1692-1cc9-40fe-b034-7f4e33db6702,short,none,SUCCEEDED,1,ACKED,2026-10-01T00:07:48.652454Z,2026-10-01T00:07:48.653006Z,2026-10-01T00:07:48.713173Z,0.6,60.2
fe233972-776d-4d14-8000-463fa0dfb1ae,medium,none,SUCCEEDED,1,ACKED,2026-10-01T00:07:48.682988Z,2026-10-01T00:07:48.684050Z,2026-10-01T00:07:48.850675Z,1.1,166.6
ad5b3424-215d-436b-ace0-d6921474f6fb,short,none,SUCCEEDED,1,ACKED,2026-10-01T00:07:48.714313Z,2026-10-01T00:07:48.714836Z,2026-10-01T00:07:48.743976Z,0.5,29.1
c6797e07-5840-4a53-9b19-a18eca80fd4d,short,none,SUCCEEDED,1,ACKED,2026-10-01T00:07:48.760326Z,2026-10-01T00:07:48.761379Z,2026-10-01T00:07:48.804327Z,1.1,42.9
c60145cf-c1c9-45e5-81be-cc2bfc7c4155,short,none,SUCCEEDED,1,ACKED,2026-10-01T00:07:48.790358Z,2026-10-01T00:07:48.791358Z,2026-10-01T00:07:48.835374Z,1.0,44.0
e23ad6bb-da22-4147-b5ce-96e52df3ff15,long,permanent,FAILED,1,NACKED,2026-10-01T00:07:48.820947Z,2026-10-01T00:07:48.821950Z,2026-10-01T00:07:50.503003Z,1.0,1681.1
ae24b17e-ea53-4db7-8113-15f097e90eb8,short,none,SUCCEEDED,1,ACKED,2026-10-01T00:07:48.851806Z,2026-10-01T00:07:48.852849Z,2026-10-01T00:07:48.897082Z,1.0,44.2
cc3650d9-3ab3-4675-a5c1-ef0abfaaccdb,short,none,SUCCEEDED,1,ACKED,2026-10-01T00:07:48.882914Z,2026-10-01T00:07:48.882914Z,2026-10-01T00:07:48.927358Z,0.0,44.4
497e9aec-175f-478d-8b45-6b39b22cc5aa,short,none,SUCCEEDED,1,ACKED,2026-10-01T00:07:48.928100Z,2026-10-01T00:07:48.928100Z,2026-10-01T00:07:48.988879Z,0.0,60.8
11fe3ae0-cf78-4843-bdf4-15c78ab90b2a,short,none,SUCCEEDED,1,ACKED,2026-10-01T00:07:48.958848Z,2026-10-01T00:07:48.959849Z,2026-10-01T00:07:48.988879Z,1.0,29.0
3a947093-a53e-4242-abe2-e583a2e15692,medium,none,SUCCEEDED,1,ACKED,2026-10-01T00:07:48.989627Z,2026-10-01T00:07:48.990632Z,2026-10-01T00:07:49.176145Z,1.0,185.5
aa9451c8-f0b8-415a-9ef0-7afb376c1d4d,medium,none,SUCCEEDED,1,ACKED,2026-10-01T00:07:49.021155Z,2026-10-01T00:07:49.022154Z,2026-10-01T00:07:49.144873Z,1.0,122.7
431796e6-6c7a-4291-ab7d-c5d23bcb175b,short,none,SUCCEEDED,1,ACKED,2026-10-01T00:07:49.052065Z,2026-10-01T00:07:49.053072Z,2026-10-01T00:07:49.113963Z,1.0,60.9
6f806168-fea9-43ae-8f8c-16661556323d,short,none,SUCCEEDED,1,ACKED,2026-10-01T00:07:49.084126Z,2026-10-01T00:07:49.085124Z,2026-10-01T00:07:49.113963Z,1.0,28.8
3455c918-c935-41a4-bf6c-bb0979ad1b6d,short,none,SUCCEEDED,1,ACKED,2026-10-01T00:07:49.115054Z,2026-10-01T00:07:49.115054Z,2026-10-01T00:07:49.160631Z,0.0,45.6
04ceab6f-2207-4f7d-865f-1e61bd124b7c,short,none,SUCCEEDED,1,ACKED,2026-10-01T00:07:49.161630Z,2026-10-01T00:07:49.162135Z,2026-10-01T00:07:49.191334Z,0.5,29.2
cc221346-fb9c-4cc1-9ba8-53f7c168d66d,short,none,SUCCEEDED,1,ACKED,2026-10-01T00:07:49.192332Z,2026-10-01T00:07:49.192332Z,2026-10-01T00:07:49.238944Z,0.0,46.6
9c8d20a6-cbcc-4afc-8703-fca7da64e78b,medium,transient,SUCCEEDED,1,NACKED,2026-10-01T00:07:49.223865Z,2026-10-01T00:07:49.224864Z,2026-10-01T00:07:49.455173Z,1.0,230.3
9c8d20a6-cbcc-4afc-8703-fca7da64e78b,medium,transient,SUCCEEDED,2,NACKED,2026-10-01T00:07:49.967173Z,2026-10-01T00:07:50.067826Z,2026-10-01T00:07:50.299400Z,100.7,231.6
9c8d20a6-cbcc-4afc-8703-fca7da64e78b,medium,transient,SUCCEEDED,3,ACKED,2026-10-01T00:07:51.524400Z,2026-10-01T00:07:51.596539Z,2026-10-01T00:07:51.827197Z,72.1,230.7
63304455-0bc1-43f9-b374-5b9f34675788,medium,none,SUCCEEDED,1,ACKED,2026-10-01T00:07:49.255087Z,2026-10-01T00:07:49.256094Z,2026-10-01T00:07:49.517424Z,1.0,261.3
3533d291-5ec2-4aef-84e0-ec48fd88d21d,medium,none,SUCCEEDED,1,ACKED,2026-10-01T00:07:49.289751Z,2026-10-01T00:07:49.291258Z,2026-10-01T00:07:49.517424Z,1.5,226.2
046de6a5-c40b-4516-91f9-fde9ab9e5152,medium,none,SUCCEEDED,1,ACKED,2026-10-01T00:07:49.316901Z,2026-10-01T00:07:49.318624Z,2026-10-01T00:07:49.580989Z,1.7,262.4
9791e3a3-ef71-4101-97cd-3b39eec6f5b5,short,none,SUCCEEDED,1,ACKED,2026-10-01T00:07:49.349099Z,2026-10-01T00:07:49.350169Z,2026-10-01T00:07:49.408791Z,1.1,58.6
89ecb018-9a89-43c1-804e-f4d2bbdde7ec,medium,none,SUCCEEDED,1,ACKED,2026-10-01T00:07:49.394273Z,2026-10-01T00:07:49.395272Z,2026-10-01T00:07:49.549033Z,1.0,153.8
12e6b1d4-160d-490c-989d-a92f57df5468,short,none,SUCCEEDED,1,ACKED,2026-10-01T00:07:49.424683Z,2026-10-01T00:07:49.425686Z,2026-10-01T00:07:49.471073Z,1.0,45.4
04ce541d-67fc-469d-922b-ab1e2daa383f,short,none,SUCCEEDED,1,ACKED,2026-10-01T00:07:49.455902Z,2026-10-01T00:07:49.456908Z,2026-10-01T00:07:49.501744Z,1.0,44.8
c9bad6f8-2a25-4aff-b0d7-7ddc1f8c805d,medium,none,SUCCEEDED,1,ACKED,2026-10-01T00:07:49.487736Z,2026-10-01T00:07:49.488734Z,2026-10-01T00:07:49.753165Z,1.0,264.4
6202e450-7c75-4a13-8f16-38f7687c2e88,medium,none,SUCCEEDED,1,ACKED,2026-10-01T00:07:49.518141Z,2026-10-01T00:07:49.519147Z,2026-10-01T00:07:49.784058Z,1.0,264.9
7a24ce02-ec90-4ad9-bb7b-2484d28264ce,short,none,SUCCEEDED,1,ACKED,2026-10-01T00:07:49.550157Z,2026-10-01T00:07:49.550850Z,2026-10-01T00:07:49.580989Z,0.7,30.1
a0ea1406-6d9f-4ed0-a0ae-f1d88a782100,short,none,SUCCEEDED,1,ACKED,2026-10-01T00:07:49.581989Z,2026-10-01T00:07:49.581989Z,2026-10-01T00:07:49.612710Z,0.0,30.7
d65db5e7-e390-49cf-be26-86c1fe451c56,short,transient,SUCCEEDED,1,NACKED,2026-10-01T00:07:49.629143Z,2026-10-01T00:07:49.630146Z,2026-10-01T00:07:49.675895Z,1.0,45.7
d65db5e7-e390-49cf-be26-86c1fe451c56,short,transient,SUCCEEDED,2,ACKED,2026-10-01T00:07:50.637895Z,2026-10-01T00:07:50.720632Z,2026-10-01T00:07:50.767199Z,82.7,46.6
8bcb278e-5494-49d0-bb02-38399924dda8,short,none,SUCCEEDED,1,ACKED,2026-10-01T00:07:49.660876Z,2026-10-01T00:07:49.661875Z,2026-10-01T00:07:49.691103Z,1.0,29.2
686aaf46-8738-488a-bfde-970bc248690a,short,none,SUCCEEDED,1,ACKED,2026-10-01T00:07:49.692318Z,2026-10-01T00:07:49.692318Z,2026-10-01T00:07:49.721934Z,0.0,29.6
81eef67b-6a7d-46a1-9992-5239f70a7b56,medium,none,SUCCEEDED,1,ACKED,2026-10-01T00:07:49.723045Z,2026-10-01T00:07:49.723045Z,2026-10-01T00:07:50.004895Z,0.0,281.9
326a0c4d-3f24-4fa1-958e-b6cf43e16c80,short,none,SUCCEEDED,1,ACKED,2026-10-01T00:07:49.754164Z,2026-10-01T00:07:49.754164Z,2026-10-01T00:07:49.784058Z,0.0,29.9
0a30eb9c-e413-4607-acfd-0f673f688544,short,none,SUCCEEDED,1,ACKED,2026-10-01T00:07:49.784058Z,2026-10-01T00:07:49.785562Z,2026-10-01T00:07:49.816590Z,1.5,31.0
81b7d242-21ca-40b4-84fb-755c6bcc3108,short,none,SUCCEEDED,1,ACKED,2026-10-01T00:07:49.818187Z,2026-10-01T00:07:49.818689Z,2026-10-01T00:07:49.864149Z,0.5,45.5
8e3aea0a-dec2-4b89-ad00-79d5d8f3148a,short,none,SUCCEEDED,1,ACKED,2026-10-01T00:07:49.849123Z,2026-10-01T00:07:49.850632Z,2026-10-01T00:07:49.879624Z,1.5,29.0
ce38673d-4e24-4965-8831-748c6aceda4b,short,none,SUCCEEDED,1,ACKED,2026-10-01T00:07:49.897356Z,2026-10-01T00:07:49.898355Z,2026-10-01T00:07:49.956958Z,1.0,58.6
9eaa239c-99a4-4c29-9bdc-44f4966f26c6,medium,none,SUCCEEDED,1,ACKED,2026-10-01T00:07:49.927223Z,2026-10-01T00:07:49.928227Z,2026-10-01T00:07:50.236517Z,1.0,308.3
50c687cc-3fdc-418d-a0c2-a0227fad617e,long,none,SUCCEEDED,1,ACKED,2026-10-01T00:07:49.957625Z,2026-10-01T00:07:49.958631Z,2026-10-01T00:07:51.314985Z,1.0,1356.4
ce6b1bc2-6d8b-44a6-8d4c-7134b2f40e35,short,none,SUCCEEDED,1,ACKED,2026-10-01T00:07:49.989527Z,2026-10-01T00:07:49.990526Z,2026-10-01T00:07:50.020831Z,1.0,30.3
cc8c7fd0-965e-4a06-ba03-9a81720fdd30,short,none,SUCCEEDED,1,ACKED,2026-10-01T00:07:50.021830Z,2026-10-01T00:07:50.022832Z,2026-10-01T00:07:50.051653Z,1.0,28.8
eb3834ec-fa9c-41f9-97f2-86b99c09e1a6,medium,none,SUCCEEDED,1,ACKED,2026-10-01T00:07:50.053302Z,2026-10-01T00:07:50.053302Z,2026-10-01T00:07:50.190645Z,0.0,137.3
9d57675b-43b4-47ab-a686-cdb623070874,short,none,SUCCEEDED,1,ACKED,2026-10-01T00:07:50.083435Z,2026-10-01T00:07:50.084946Z,2026-10-01T00:07:50.114511Z,1.5,29.6
e4039508-38ab-44cf-92f8-0c654b92d6b6,short,none,SUCCEEDED,1,ACKED,2026-10-01T00:07:50.115015Z,2026-10-01T00:07:50.116526Z,2026-10-01T00:07:50.145287Z,1.5,28.8
d9e97cf9-009c-4a8f-870d-79bc86957ce5,short,none,SUCCEEDED,1,ACKED,2026-10-01T00:07:50.161033Z,2026-10-01T00:07:50.161544Z,2026-10-01T00:07:50.205647Z,0.5,44.1
b7f1f8f0-0665-4f29-a929-cf5727ff3174,long,none,SUCCEEDED,1,ACKED,2026-10-01T00:07:50.191650Z,2026-10-01T00:07:50.192154Z,2026-10-01T00:07:51.252303Z,0.5,1060.1
36dd229c-d917-46cf-9cfb-bc786df15d30,medium,none,SUCCEEDED,1,ACKED,2026-10-01T00:07:50.222155Z,2026-10-01T00:07:50.223155Z,2026-10-01T00:07:50.410165Z,1.0,187.0
9edf5231-dff9-4bb7-9355-9049b014509d,short,none,SUCCEEDED,1,ACKED,2026-10-01T00:07:50.252642Z,2026-10-01T00:07:50.253993Z,2026-10-01T00:07:50.283295Z,1.4,29.3
09d34aac-c590-40d6-83fe-fbca0997bb46,short,none,SUCCEEDED,1,ACKED,2026-10-01T00:07:50.284001Z,2026-10-01T00:07:50.284507Z,2026-10-01T00:07:50.315416Z,0.5,30.9
d25bd89f-6536-4431-8e38-bb06cb98feaa,short,none,SUCCEEDED,1,ACKED,2026-10-01T00:07:50.315921Z,2026-10-01T00:07:50.316928Z,2026-10-01T00:07:50.347389Z,1.0,30.5
f715f1cf-894d-4340-8058-5ecb829e359d,short,none,SUCCEEDED,1,ACKED,2026-10-01T00:07:50.348100Z,2026-10-01T00:07:50.349106Z,2026-10-01T00:07:50.410165Z,1.0,61.1
c1fa79f6-065e-4632-acf0-374eadc9a271,short,none,SUCCEEDED,1,ACKED,2026-10-01T00:07:50.395658Z,2026-10-01T00:07:50.396657Z,2026-10-01T00:07:50.441207Z,1.0,44.6
0650cf0b-79f6-460a-8b89-99b6346a2805,short,none,SUCCEEDED,1,ACKED,2026-10-01T00:07:50.426185Z,2026-10-01T00:07:50.427185Z,2026-10-01T00:07:50.441207Z,1.0,14.0
f9cfb1e4-283a-4672-a649-d8ce4ab6dbc3,short,none,SUCCEEDED,1,ACKED,2026-10-01T00:07:50.457882Z,2026-10-01T00:07:50.458888Z,2026-10-01T00:07:50.487664Z,1.0,28.8
939add24-efb3-499c-867b-85f4e402ef84,short,none,SUCCEEDED,1,ACKED,2026-10-01T00:07:50.488390Z,2026-10-01T00:07:50.488902Z,2026-10-01T00:07:50.518322Z,0.5,29.4
1d008318-aeb5-4663-bf20-fe0a766c9084,short,none,SUCCEEDED,1,ACKED,2026-10-01T00:07:50.519089Z,2026-10-01T00:07:50.520092Z,2026-10-01T00:07:50.564592Z,1.0,44.5
bd81b82f-5756-45e7-bc1f-321e5f0eb14a,medium,none,SUCCEEDED,1,ACKED,2026-10-01T00:07:50.550079Z,2026-10-01T00:07:50.551084Z,2026-10-01T00:07:50.767199Z,1.0,216.1
390c2f93-f92d-450f-9d86-62e37f3b1d0c,short,none,SUCCEEDED,1,ACKED,2026-10-01T00:07:50.579672Z,2026-10-01T00:07:50.581254Z,2026-10-01T00:07:50.610333Z,1.6,29.1
667d8ebc-e3a6-45fe-96ef-6ce2d527cea6,medium,none,SUCCEEDED,1,ACKED,2026-10-01T00:07:50.627349Z,2026-10-01T00:07:50.627349Z,2026-10-01T00:07:50.813563Z,0.0,186.2
858bf363-8abb-4421-95ee-789f065a7aa8,short,none,SUCCEEDED,1,ACKED,2026-10-01T00:07:50.658214Z,2026-10-01T00:07:50.659218Z,2026-10-01T00:07:50.719958Z,1.0,60.7
c7417d83-f95b-4c86-bab3-953f68bcae92,medium,none,SUCCEEDED,1,ACKED,2026-10-01T00:07:50.690300Z,2026-10-01T00:07:50.691302Z,2026-10-01T00:07:50.892950Z,1.0,201.6
8dcd79a4-f412-4f62-9930-b11cd748996f,short,none,SUCCEEDED,1,ACKED,2026-10-01T00:07:50.720632Z,2026-10-01T00:07:50.721640Z,2026-10-01T00:07:50.767199Z,1.0,45.6
a157daef-e863-4df4-b008-6c3fdc8b0e58,short,none,SUCCEEDED,1,ACKED,2026-10-01T00:07:50.752191Z,2026-10-01T00:07:50.753194Z,2026-10-01T00:07:50.813563Z,1.0,60.4
d4f331a1-d4e9-40e5-b809-c1e822a1f3f9,short,none,SUCCEEDED,1,ACKED,2026-10-01T00:07:50.783025Z,2026-10-01T00:07:50.784030Z,2026-10-01T00:07:50.829755Z,1.0,45.7
3d1ab22e-f057-4525-a40d-63e5c731fc0f,short,none,SUCCEEDED,1,ACKED,2026-10-01T00:07:50.814562Z,2026-10-01T00:07:50.814562Z,2026-10-01T00:07:50.861369Z,0.0,46.8
b7f62810-356f-4ac3-beb3-bdbc95700161,short,none,SUCCEEDED,1,ACKED,2026-10-01T00:07:50.862166Z,2026-10-01T00:07:50.863171Z,2026-10-01T00:07:50.892950Z,1.0,29.8
600e8469-030c-4b6b-b065-217127f900c5,medium,none,SUCCEEDED,1,ACKED,2026-10-01T00:07:50.893454Z,2026-10-01T00:07:50.894461Z,2026-10-01T00:07:51.081974Z,1.0,187.5
c96035f7-f880-4846-b989-317de711b3e5,medium,none,SUCCEEDED,1,ACKED,2026-10-01T00:07:50.925038Z,2026-10-01T00:07:50.926747Z,2026-10-01T00:07:51.221688Z,1.7,294.9
7f2e053e-ffd3-416e-ad9d-7a236a54e315,medium,none,SUCCEEDED,1,ACKED,2026-10-01T00:07:50.956909Z,2026-10-01T00:07:50.957916Z,2026-10-01T00:07:51.143634Z,1.0,185.7
1c7eeed4-63b9-4a85-846c-3e06931e4c27,short,none,SUCCEEDED,1,ACKED,2026-10-01T00:07:50.988944Z,2026-10-01T00:07:50.989943Z,2026-10-01T00:07:51.035049Z,1.0,45.1
72109107-f9ce-4d79-8e73-60bbda67feaf,short,none,SUCCEEDED,1,ACKED,2026-10-01T00:07:51.019886Z,2026-10-01T00:07:51.021031Z,2026-10-01T00:07:51.050467Z,1.1,29.4
605a82de-a9bf-4460-80fa-ebe606961787,medium,none,SUCCEEDED,1,ACKED,2026-10-01T00:07:51.051771Z,2026-10-01T00:07:51.052819Z,2026-10-01T00:07:51.283457Z,1.0,230.6
dd29ae0c-1e69-4931-8299-870d397a0d76,short,none,SUCCEEDED,1,ACKED,2026-10-01T00:07:51.082478Z,2026-10-01T00:07:51.083482Z,2026-10-01T00:07:51.112697Z,1.0,29.2
5736fc2a-655f-4b8f-a474-fb933daf0ec0,short,none,SUCCEEDED,1,ACKED,2026-10-01T00:07:51.129121Z,2026-10-01T00:07:51.130121Z,2026-10-01T00:07:51.174140Z,1.0,44.0
1146770a-531d-4299-86c8-cfacd5076469,medium,none,SUCCEEDED,1,ACKED,2026-10-01T00:07:51.159623Z,2026-10-01T00:07:51.160628Z,2026-10-01T00:07:51.456603Z,1.0,296.0
6f039eb4-6f55-494f-a418-78480260b0ee,medium,none,SUCCEEDED,1,ACKED,2026-10-01T00:07:51.190665Z,2026-10-01T00:07:51.191664Z,2026-10-01T00:07:51.487781Z,1.0,296.1
e8e8c186-5b61-4a6c-9008-2289bd9b6c3c,long,none,SUCCEEDED,1,ACKED,2026-10-01T00:07:51.222694Z,2026-10-01T00:07:51.223693Z,2026-10-01T00:07:52.464014Z,1.0,1240.3
ee0a23c2-b1a3-4ff7-9c00-bedb11091bf9,short,none,SUCCEEDED,1,ACKED,2026-10-01T00:07:51.253446Z,2026-10-01T00:07:51.253969Z,2026-10-01T00:07:51.298968Z,0.5,45.0
c9f60554-c53e-44bc-890f-b31e08bb70bc,medium,none,SUCCEEDED,1,ACKED,2026-10-01T00:07:51.284455Z,2026-10-01T00:07:51.285456Z,2026-10-01T00:07:51.549220Z,1.0,263.8
f5eaec79-a6ef-4775-b2b8-1c58f6a0f6ba,short,none,SUCCEEDED,1,ACKED,2026-10-01T00:07:51.315732Z,2026-10-01T00:07:51.315732Z,2026-10-01T00:07:51.364027Z,0.0,48.3
1ae4fa6a-1f5f-4bcf-9a59-a4accf479a28,short,none,SUCCEEDED,1,ACKED,2026-10-01T00:07:51.348505Z,2026-10-01T00:07:51.349505Z,2026-10-01T00:07:51.379278Z,1.0,29.8
48875f51-cc6c-4e5f-892c-83fdb8de801d,short,none,SUCCEEDED,1,ACKED,2026-10-01T00:07:51.395831Z,2026-10-01T00:07:51.395831Z,2026-10-01T00:07:51.410341Z,0.0,14.5
2df5c241-18e0-45f2-84a3-edb44183f617,short,none,SUCCEEDED,1,ACKED,2026-10-01T00:07:51.427365Z,2026-10-01T00:07:51.427871Z,2026-10-01T00:07:51.487781Z,0.5,59.9
99fcec3d-b7eb-4a0c-9d1b-89501c1dc14d,short,none,SUCCEEDED,1,ACKED,2026-10-01T00:07:51.457211Z,2026-10-01T00:07:51.458217Z,2026-10-01T00:07:51.472246Z,1.0,14.0
b1e44441-1774-43de-969e-d793ed8edc48,short,none,SUCCEEDED,1,ACKED,2026-10-01T00:07:51.487781Z,2026-10-01T00:07:51.489286Z,2026-10-01T00:07:51.549220Z,1.5,59.9
bc8a80bd-53eb-46f1-971b-b09cfa371139,short,none,SUCCEEDED,1,ACKED,2026-10-01T00:07:51.519115Z,2026-10-01T00:07:51.520122Z,2026-10-01T00:07:51.579998Z,1.0,59.9
c859c790-2ff3-47ca-96c3-cd31dcccf6d4,short,none,SUCCEEDED,1,ACKED,2026-10-01T00:07:51.550221Z,2026-10-01T00:07:51.551222Z,2026-10-01T00:07:51.579998Z,1.0,28.8
a82c0320-e5b4-4ac6-a3a7-3a658ad8cbe9,short,none,SUCCEEDED,1,ACKED,2026-10-01T00:07:51.580503Z,2026-10-01T00:07:51.581510Z,2026-10-01T00:07:51.626476Z,1.0,45.0
d9aef419-27c2-4783-9e81-90b4edb6dd4d,medium,none,SUCCEEDED,1,ACKED,2026-10-01T00:07:51.626981Z,2026-10-01T00:07:51.627990Z,2026-10-01T00:07:51.812161Z,1.0,184.2
519b1a37-2096-4422-b99e-dda38cf1fdec,medium,transient,SUCCEEDED,1,NACKED,2026-10-01T00:07:51.658140Z,2026-10-01T00:07:51.659150Z,2026-10-01T00:07:51.935696Z,1.0,276.5
519b1a37-2096-4422-b99e-dda38cf1fdec,medium,transient,SUCCEEDED,2,ACKED,2026-10-01T00:07:52.749696Z,2026-10-01T00:07:52.792146Z,2026-10-01T00:07:53.072400Z,42.5,280.3
19a33304-2e1a-4667-9d6f-55dab0c81f0e,short,none,SUCCEEDED,1,ACKED,2026-10-01T00:07:51.688681Z,2026-10-01T00:07:51.689688Z,2026-10-01T00:07:51.734531Z,1.0,44.8
4356321d-f6a2-457b-ae12-cee0cf46f0c3,short,transient,SUCCEEDED,1,NACKED,2026-10-01T00:07:51.719500Z,2026-10-01T00:07:51.720505Z,2026-10-01T00:07:51.765694Z,1.0,45.2
4356321d-f6a2-457b-ae12-cee0cf46f0c3,short,transient,SUCCEEDED,2,ACKED,2026-10-01T00:07:52.626694Z,2026-10-01T00:07:52.682559Z,2026-10-01T00:07:52.713195Z,55.9,30.6
4246d199-afbc-44b4-a0b0-a1073b6a9f50,medium,none,SUCCEEDED,1,ACKED,2026-10-01T00:07:51.751100Z,2026-10-01T00:07:51.752105Z,2026-10-01T00:07:52.013465Z,1.0,261.4
3da2a45f-99e4-43a6-995a-1831558e571a,short,none,SUCCEEDED,1,ACKED,2026-10-01T00:07:51.781898Z,2026-10-01T00:07:51.782901Z,2026-10-01T00:07:51.842641Z,1.0,59.7
f8eed770-328d-4251-b5d5-8a2bb805667f,short,none,SUCCEEDED,1,ACKED,2026-10-01T00:07:51.827197Z,2026-10-01T00:07:51.829033Z,2026-10-01T00:07:51.858249Z,1.8,29.2
d991ff5c-75c2-4f1a-afbd-a9251b8d0369,short,transient,SUCCEEDED,1,NACKED,2026-10-01T00:07:51.858896Z,2026-10-01T00:07:51.859902Z,2026-10-01T00:07:51.904481Z,1.0,44.6
d991ff5c-75c2-4f1a-afbd-a9251b8d0369,short,transient,SUCCEEDED,2,ACKED,2026-10-01T00:07:52.455481Z,2026-10-01T00:07:52.464632Z,2026-10-01T00:07:52.511824Z,9.2,47.2
f683225b-d460-4d67-9f3b-922d2c07d700,short,none,SUCCEEDED,1,ACKED,2026-10-01T00:07:51.889567Z,2026-10-01T00:07:51.890567Z,2026-10-01T00:07:51.920003Z,1.0,29.4
3377f046-ee9a-4c45-b760-51799152bdde,short,none,SUCCEEDED,1,ACKED,2026-10-01T00:07:51.921091Z,2026-10-01T00:07:51.922096Z,2026-10-01T00:07:51.967309Z,1.0,45.2
5fb91372-b17c-4914-aea3-982c3ca20d39,medium,none,SUCCEEDED,1,ACKED,2026-10-01T00:07:51.951775Z,2026-10-01T00:07:51.953284Z,2026-10-01T00:07:52.231392Z,1.5,278.1
738d06f2-dc59-4e1c-97c9-63d540f901d1,medium,none,SUCCEEDED,1,ACKED,2026-10-01T00:07:51.983916Z,2026-10-01T00:07:51.984920Z,2026-10-01T00:07:52.277735Z,1.0,292.8
d04c05b8-19c9-45bb-a217-ee0b081f99d3,short,transient,SUCCEEDED,1,NACKED,2026-10-01T00:07:52.014471Z,2026-10-01T00:07:52.015472Z,2026-10-01T00:07:52.028525Z,1.0,13.1
d04c05b8-19c9-45bb-a217-ee0b081f99d3,short,transient,SUCCEEDED,2,ACKED,2026-10-01T00:07:52.813525Z,2026-10-01T00:07:52.903253Z,2026-10-01T00:07:52.918274Z,89.7,15.0
b88116ef-e861-4f00-9328-db6f6878da11,medium,none,SUCCEEDED,1,ACKED,2026-10-01T00:07:52.060477Z,2026-10-01T00:07:52.061989Z,2026-10-01T00:07:52.308383Z,1.5,246.4
c142b6fa-9ebb-4c8b-973e-109f1c55dac4,short,none,SUCCEEDED,1,ACKED,2026-10-01T00:07:52.091423Z,2026-10-01T00:07:52.092430Z,2026-10-01T00:07:52.121489Z,1.0,29.1
a2c613dc-a054-421b-86d4-b1a3ebce76e6,medium,none,SUCCEEDED,1,ACKED,2026-10-01T00:07:52.122093Z,2026-10-01T00:07:52.123101Z,2026-10-01T00:07:52.432688Z,1.0,309.6
6d764d01-0ea5-4044-966f-3d39b51b0e9c,short,transient,DEAD_LETTER,1,NACKED,2026-10-01T00:07:52.156326Z,2026-10-01T00:07:52.157834Z,2026-10-01T00:07:52.199854Z,1.5,42.0
6d764d01-0ea5-4044-966f-3d39b51b0e9c,short,transient,DEAD_LETTER,2,NACKED,2026-10-01T00:07:53.033854Z,2026-10-01T00:07:53.119547Z,2026-10-01T00:07:53.165252Z,85.7,45.7
6d764d01-0ea5-4044-966f-3d39b51b0e9c,short,transient,DEAD_LETTER,3,NACKED,2026-10-01T00:07:54.360252Z,2026-10-01T00:07:54.439244Z,2026-10-01T00:07:54.485079Z,79.0,45.8
26d4105e-ec0c-461c-ad55-b81cfcaf7898,short,transient,SUCCEEDED,1,NACKED,2026-10-01T00:07:52.184831Z,2026-10-01T00:07:52.185832Z,2026-10-01T00:07:52.231805Z,1.0,46.0
26d4105e-ec0c-461c-ad55-b81cfcaf7898,short,transient,SUCCEEDED,2,ACKED,2026-10-01T00:07:53.074805Z,2026-10-01T00:07:53.119547Z,2026-10-01T00:07:53.165252Z,44.7,45.7
f7110ca9-c8a2-42ab-8b1b-d6614ea99f53,medium,none,SUCCEEDED,1,ACKED,2026-10-01T00:07:52.216367Z,2026-10-01T00:07:52.216367Z,2026-10-01T00:07:52.464014Z,0.0,247.6
f1283e6d-c6ee-4ff1-baa4-bf8835d9332f,long,transient,SUCCEEDED,1,NACKED,2026-10-01T00:07:52.247821Z,2026-10-01T00:07:52.247821Z,2026-10-01T00:07:53.324509Z,0.0,1076.7
f1283e6d-c6ee-4ff1-baa4-bf8835d9332f,long,transient,SUCCEEDED,2,ACKED,2026-10-01T00:07:54.255509Z,2026-10-01T00:07:54.327234Z,2026-10-01T00:07:55.394971Z,71.7,1067.7
9d3f223a-a22e-4c97-8141-438a10fd796a,medium,none,SUCCEEDED,1,ACKED,2026-10-01T00:07:52.293344Z,2026-10-01T00:07:52.294348Z,2026-10-01T00:07:52.417240Z,1.0,122.9
9a944409-17ac-495d-a387-eafcb42d5fab,medium,transient,SUCCEEDED,1,NACKED,2026-10-01T00:07:52.325325Z,2026-10-01T00:07:52.326324Z,2026-10-01T00:07:52.479546Z,1.0,153.2
9a944409-17ac-495d-a387-eafcb42d5fab,medium,transient,SUCCEEDED,2,NACKED,2026-10-01T00:07:53.258546Z,2026-10-01T00:07:53.341501Z,2026-10-01T00:07:53.496082Z,83.0,154.6
9a944409-17ac-495d-a387-eafcb42d5fab,medium,transient,SUCCEEDED,3,ACKED,2026-10-01T00:07:55.469082Z,2026-10-01T00:07:55.535029Z,2026-10-01T00:07:55.689711Z,65.9,154.7
8f2070cd-5b7f-472b-aeaa-4df51a234852,medium,none,SUCCEEDED,1,ACKED,2026-10-01T00:07:52.355528Z,2026-10-01T00:07:52.356534Z,2026-10-01T00:07:52.650939Z,1.0,294.4
842f1ff9-14b3-462a-916c-9f8b82169cb9,short,none,SUCCEEDED,1,ACKED,2026-10-01T00:07:52.387695Z,2026-10-01T00:07:52.388699Z,2026-10-01T00:07:52.432688Z,1.0,44.0
5c0ff1d8-61df-497a-9204-1aa41dbebe74,medium,none,SUCCEEDED,1,ACKED,2026-10-01T00:07:52.418238Z,2026-10-01T00:07:52.419312Z,2026-10-01T00:07:52.635420Z,1.1,216.1
cf6b514b-a074-46d5-8e3b-1b85d182b01f,short,transient,SUCCEEDED,1,NACKED,2026-10-01T00:07:52.449713Z,2026-10-01T00:07:52.450997Z,2026-10-01T00:07:52.495954Z,1.3,45.0
cf6b514b-a074-46d5-8e3b-1b85d182b01f,short,transient,SUCCEEDED,2,ACKED,2026-10-01T00:07:53.447954Z,2026-10-01T00:07:53.451962Z,2026-10-01T00:07:53.496082Z,4.0,44.1
43cd7cb5-ec80-4ab1-92c9-8d92bdac401a,short,none,SUCCEEDED,1,ACKED,2026-10-01T00:07:52.496682Z,2026-10-01T00:07:52.497689Z,2026-10-01T00:07:52.527059Z,1.0,29.4
02884b90-35f1-4357-b3a1-0c7e937bd7f9,medium,transient,SUCCEEDED,1,NACKED,2026-10-01T00:07:52.527682Z,2026-10-01T00:07:52.528688Z,2026-10-01T00:07:52.744472Z,1.0,215.8
02884b90-35f1-4357-b3a1-0c7e937bd7f9,medium,transient,SUCCEEDED,2,ACKED,2026-10-01T00:07:53.372472Z,2026-10-01T00:07:53.450963Z,2026-10-01T00:07:53.669159Z,78.5,218.2
eb357c41-7e35-4df5-8145-7e3a8bee3f8b,medium,none,SUCCEEDED,1,ACKED,2026-10-01T00:07:52.558541Z,2026-10-01T00:07:52.559547Z,2026-10-01T00:07:52.713195Z,1.0,153.6
fc1271df-46d4-4825-9c98-2c45a3082eff,short,none,SUCCEEDED,1,ACKED,2026-10-01T00:07:52.589020Z,2026-10-01T00:07:52.590024Z,2026-10-01T00:07:52.635420Z,1.0,45.4
dea62279-f841-4004-a1ec-5a6bc1caa855,short,none,SUCCEEDED,1,ACKED,2026-10-01T00:07:52.621067Z,2026-10-01T00:07:52.622067Z,2026-10-01T00:07:52.666111Z,1.0,44.0
224a8948-f66a-4701-bc8d-806062020f1f,short,none,SUCCEEDED,1,ACKED,2026-10-01T00:07:52.651942Z,2026-10-01T00:07:52.651942Z,2026-10-01T00:07:52.681558Z,0.0,29.6
8c463cbb-22c2-43b2-9b65-7c60c9abe118,medium,none,SUCCEEDED,1,ACKED,2026-10-01T00:07:52.682559Z,2026-10-01T00:07:52.682559Z,2026-10-01T00:07:52.978627Z,0.0,296.1
4551abef-d695-477a-b7cd-837423655a25,medium,none,SUCCEEDED,1,ACKED,2026-10-01T00:07:52.713845Z,2026-10-01T00:07:52.714852Z,2026-10-01T00:07:52.855105Z,1.0,140.3
5ac2a72d-8a56-49d8-9af7-3f7f661c6fb0,short,none,SUCCEEDED,1,ACKED,2026-10-01T00:07:52.761378Z,2026-10-01T00:07:52.762384Z,2026-10-01T00:07:52.791146Z,1.0,28.8
709a553e-13cd-401d-ac7d-a12afe5d0403,medium,none,SUCCEEDED,1,ACKED,2026-10-01T00:07:52.792146Z,2026-10-01T00:07:52.792651Z,2026-10-01T00:07:52.948658Z,0.5,156.0
1507887c-f528-4e79-8306-3c9007cf1487,short,none,SUCCEEDED,1,ACKED,2026-10-01T00:07:52.823677Z,2026-10-01T00:07:52.824182Z,2026-10-01T00:07:52.870732Z,0.5,46.6
b3494e9e-7824-4504-b2f5-73fcbd5e3bf1,short,none,SUCCEEDED,1,ACKED,2026-10-01T00:07:52.855105Z,2026-10-01T00:07:52.856703Z,2026-10-01T00:07:52.870732Z,1.6,14.0
3f228c04-d7b8-4443-a9bd-927d7310cf90,short,none,SUCCEEDED,1,ACKED,2026-10-01T00:07:52.887741Z,2026-10-01T00:07:52.888741Z,2026-10-01T00:07:52.948658Z,1.0,59.9
58487028-2d17-4db4-ac0a-094a48ba7b27,short,none,SUCCEEDED,1,ACKED,2026-10-01T00:07:52.918989Z,2026-10-01T00:07:52.918989Z,2026-10-01T00:07:52.978627Z,0.0,59.6
13c6e05f-09d5-4acc-b844-3dbe63aa5f2d,short,none,SUCCEEDED,1,ACKED,2026-10-01T00:07:52.948658Z,2026-10-01T00:07:52.950162Z,2026-10-01T00:07:52.994317Z,1.5,44.2
6181d233-2ad5-4ad1-a381-d85118878c37,short,none,SUCCEEDED,1,ACKED,2026-10-01T00:07:52.995319Z,2026-10-01T00:07:52.995319Z,2026-10-01T00:07:53.025862Z,0.0,30.5
4164b594-6ce8-4fba-968f-f49e19bcf0d1,short,transient,SUCCEEDED,1,NACKED,2026-10-01T00:07:53.026857Z,2026-10-01T00:07:53.027857Z,2026-10-01T00:07:53.072400Z,1.0,44.5
4164b594-6ce8-4fba-968f-f49e19bcf0d1,short,transient,SUCCEEDED,2,ACKED,2026-10-01T00:07:53.987400Z,2026-10-01T00:07:54.032365Z,2026-10-01T00:07:54.076682Z,45.0,44.3
e7fef4f1-b218-4e46-9188-2cc11b73a8c2,medium,none,SUCCEEDED,1,ACKED,2026-10-01T00:07:53.057301Z,2026-10-01T00:07:53.058363Z,2026-10-01T00:07:53.340499Z,1.1,282.1
08fbfc5d-6b58-4e0f-a9a1-55d2bc67149a,medium,none,SUCCEEDED,1,ACKED,2026-10-01T00:07:53.089027Z,2026-10-01T00:07:53.089536Z,2026-10-01T00:07:53.340499Z,0.5,251.0
3cda06f2-76a8-4a69-a23a-f960fb897af6,short,none,SUCCEEDED,1,ACKED,2026-10-01T00:07:53.118836Z,2026-10-01T00:07:53.119547Z,2026-10-01T00:07:53.181092Z,0.7,61.5
a0bd7871-03dd-4cfb-982b-2393defae17d,long,none,SUCCEEDED,1,ACKED,2026-10-01T00:07:53.150744Z,2026-10-01T00:07:53.151745Z,2026-10-01T00:07:54.564676Z,1.0,1412.9
eef30fc2-3c18-4fea-8426-7134f104d886,short,none,SUCCEEDED,1,ACKED,2026-10-01T00:07:53.182019Z,2026-10-01T00:07:53.183026Z,2026-10-01T00:07:53.212559Z,1.0,29.5
54344fb4-990a-4c07-aaf9-723cfdae943f,short,none,SUCCEEDED,1,ACKED,2026-10-01T00:07:53.228995Z,2026-10-01T00:07:53.228995Z,2026-10-01T00:07:53.260040Z,0.0,31.0
57e8bd71-e89d-4462-8a61-82c9f26ec3d1,long,none,SUCCEEDED,1,ACKED,2026-10-01T00:07:53.260788Z,2026-10-01T00:07:53.261792Z,2026-10-01T00:07:54.611951Z,1.0,1350.2
bd3bc93e-af77-4fac-a93b-fe57bfb5df55,medium,none,SUCCEEDED,1,ACKED,2026-10-01T00:07:53.291655Z,2026-10-01T00:07:53.294164Z,2026-10-01T00:07:53.465679Z,2.5,171.5
670d9729-c1ca-48fb-b379-8cb0be337972,short,transient,SUCCEEDED,1,NACKED,2026-10-01T00:07:53.325097Z,2026-10-01T00:07:53.326103Z,2026-10-01T00:07:53.371365Z,1.0,45.3
670d9729-c1ca-48fb-b379-8cb0be337972,short,transient,SUCCEEDED,2,NACKED,2026-10-01T00:07:54.325365Z,2026-10-01T00:07:54.327234Z,2026-10-01T00:07:54.373638Z,1.9,46.4
670d9729-c1ca-48fb-b379-8cb0be337972,short,transient,SUCCEEDED,3,ACKED,2026-10-01T00:07:55.825638Z,2026-10-01T00:07:55.863833Z,2026-10-01T00:07:55.909923Z,38.2,46.1
88d9ae88-c24b-4521-9ee7-c71638a6e8c9,short,none,SUCCEEDED,1,ACKED,2026-10-01T00:07:53.357342Z,2026-10-01T00:07:53.358349Z,2026-10-01T00:07:53.418357Z,1.0,60.0
c1982f64-9b22-48e6-9d65-16c687394a16,medium,none,SUCCEEDED,1,ACKED,2026-10-01T00:07:53.389150Z,2026-10-01T00:07:53.389150Z,2026-10-01T00:07:53.526239Z,0.0,137.1
b1af8328-4233-487a-ab0b-f680e38c5e17,short,none,SUCCEEDED,1,ACKED,2026-10-01T00:07:53.418860Z,2026-10-01T00:07:53.420373Z,2026-10-01T00:07:53.449956Z,1.5,29.6
29f9a01c-6432-43b7-b054-40bf63493bd9,long,none,SUCCEEDED,1,ACKED,2026-10-01T00:07:53.450963Z,2026-10-01T00:07:53.450963Z,2026-10-01T00:07:54.801256Z,0.0,1350.3
4bce5724-4936-4b17-a910-74ddc9685f6a,medium,none,SUCCEEDED,1,ACKED,2026-10-01T00:07:53.480967Z,2026-10-01T00:07:53.482565Z,2026-10-01T00:07:53.716657Z,1.6,234.1
8fccc5c4-6f55-4f0b-bccb-659cd5ede091,short,none,SUCCEEDED,1,ACKED,2026-10-01T00:07:53.527344Z,2026-10-01T00:07:53.527846Z,2026-10-01T00:07:53.574968Z,0.5,47.1
9f8d0d96-0540-49f0-9901-8440323fca72,short,none,SUCCEEDED,1,ACKED,2026-10-01T00:07:53.559959Z,2026-10-01T00:07:53.559959Z,2026-10-01T00:07:53.606448Z,0.0,46.5
e1d04c41-a128-4bbf-b3b7-8a56fed374ef,short,none,SUCCEEDED,1,ACKED,2026-10-01T00:07:53.591419Z,2026-10-01T00:07:53.592421Z,2026-10-01T00:07:53.621923Z,1.0,29.5
c1f204a4-0acc-4238-97fb-42dc5e7f5a1b,short,none,SUCCEEDED,1,ACKED,2026-10-01T00:07:53.623056Z,2026-10-01T00:07:53.623577Z,2026-10-01T00:07:53.653061Z,0.5,29.5
265bb021-840a-4610-8876-13ee1cbec8c2,long,none,SUCCEEDED,1,ACKED,2026-10-01T00:07:53.654066Z,2026-10-01T00:07:53.654066Z,2026-10-01T00:07:55.333205Z,0.0,1679.1
67931a19-fcf6-4aa8-af0e-06a1a691e087,short,none,SUCCEEDED,1,ACKED,2026-10-01T00:07:53.685574Z,2026-10-01T00:07:53.686581Z,2026-10-01T00:07:53.732602Z,1.0,46.0
d41c3f95-2be3-42b9-91cc-0b36397968e3,short,none,SUCCEEDED,1,ACKED,2026-10-01T00:07:53.717351Z,2026-10-01T00:07:53.718355Z,2026-10-01T00:07:53.748626Z,1.0,30.3
abad9c68-6954-43b9-80fd-554c212958fa,medium,none,SUCCEEDED,1,ACKED,2026-10-01T00:07:53.749626Z,2026-10-01T00:07:53.749626Z,2026-10-01T00:07:54.061622Z,0.0,312.0
40ef57c3-81ac-466d-9a9d-5449e7ed36b4,short,none,SUCCEEDED,1,ACKED,2026-10-01T00:07:53.781370Z,2026-10-01T00:07:53.782919Z,2026-10-01T00:07:53.811453Z,1.5,28.5
fe603d10-63d4-471d-8b35-94f7eee8ce17,medium,none,SUCCEEDED,1,ACKED,2026-10-01T00:07:53.827736Z,2026-10-01T00:07:53.828742Z,2026-10-01T00:07:53.999786Z,1.0,171.0
00236dfd-e4f8-4499-aa88-69538057e0c9,short,none,SUCCEEDED,1,ACKED,2026-10-01T00:07:53.859237Z,2026-10-01T00:07:53.860238Z,2026-10-01T00:07:53.888710Z,1.0,28.5
1a4cddef-f027-4bd3-9e9e-5f4570518975,medium,none,SUCCEEDED,1,ACKED,2026-10-01T00:07:53.889711Z,2026-10-01T00:07:53.889711Z,2026-10-01T00:07:54.186669Z,0.0,297.0
e637051c-600e-424f-886b-19cef1caa1d4,short,none,SUCCEEDED,1,ACKED,2026-10-01T00:07:53.921021Z,2026-10-01T00:07:53.922026Z,2026-10-01T00:07:53.983778Z,1.0,61.8
fe691d2a-85c0-4f51-86ac-d820cfd4f596,short,none,SUCCEEDED,1,ACKED,2026-10-01T00:07:53.953487Z,2026-10-01T00:07:53.984779Z,2026-10-01T00:07:54.031367Z,31.3,46.6
fd8a2ddb-ad2c-4311-90c4-3f710b354f4b,short,none,SUCCEEDED,1,ACKED,2026-10-01T00:07:53.984779Z,2026-10-01T00:07:54.000790Z,2026-10-01T00:07:54.031367Z,16.0,30.6
21defb66-7ffd-4f92-b322-33d74ae24114,short,none,SUCCEEDED,1,ACKED,2026-10-01T00:07:54.016828Z,2026-10-01T00:07:54.032365Z,2026-10-01T00:07:54.061622Z,15.5,29.3
84dbb595-d32e-4f72-a901-ec3011b65e5c,medium,none,SUCCEEDED,1,ACKED,2026-10-01T00:07:54.047694Z,2026-10-01T00:07:54.062627Z,2026-10-01T00:07:54.265241Z,14.9,202.6
2899d2ff-9001-47b9-9db4-a2a9ae144bfb,medium,none,SUCCEEDED,1,ACKED,2026-10-01T00:07:54.092965Z,2026-10-01T00:07:54.092965Z,2026-10-01T00:07:54.217687Z,0.0,124.7
72f17ffb-b397-48d3-aed9-1b2a3f0a5d6f,short,none,SUCCEEDED,1,ACKED,2026-10-01T00:07:54.124190Z,2026-10-01T00:07:54.125197Z,2026-10-01T00:07:54.155022Z,1.0,29.8
e563e2c6-ca2b-461f-b87a-b7dec0a126eb,short,none,SUCCEEDED,1,ACKED,2026-10-01T00:07:54.156024Z,2026-10-01T00:07:54.156024Z,2026-10-01T00:07:54.202170Z,0.0,46.1
6c1e355d-9979-4f70-aaf4-c4ff5ecf922f,medium,none,SUCCEEDED,1,ACKED,2026-10-01T00:07:54.187668Z,2026-10-01T00:07:54.187668Z,2026-10-01T00:07:54.373638Z,0.0,186.0
d2f73d78-8e45-487e-b8ca-6326738ae765,short,none,SUCCEEDED,1,ACKED,2026-10-01T00:07:54.218687Z,2026-10-01T00:07:54.218687Z,2026-10-01T00:07:54.265241Z,0.0,46.6
be1022ee-1199-41ee-81a2-80105ed1bf76,short,none,SUCCEEDED,1,ACKED,2026-10-01T00:07:54.250221Z,2026-10-01T00:07:54.251724Z,2026-10-01T00:07:54.295418Z,1.5,43.7
01388ba2-7cd4-4dc3-a826-c73191228fa9,short,none,SUCCEEDED,1,ACKED,2026-10-01T00:07:54.281796Z,2026-10-01T00:07:54.282322Z,2026-10-01T00:07:54.326082Z,0.5,43.8
336e4ae7-d7be-4494-86c5-178e63d784cd,short,none,SUCCEEDED,1,ACKED,2026-10-01T00:07:54.326719Z,2026-10-01T00:07:54.327234Z,2026-10-01T00:07:54.357362Z,0.5,30.1
2120a3cb-4f6c-4138-b22b-8a14d374da45,short,none,SUCCEEDED,1,ACKED,2026-10-01T00:07:54.358325Z,2026-10-01T00:07:54.359213Z,2026-10-01T00:07:54.406133Z,0.9,46.9
eaffbf28-ce53-4dd8-8830-26bc1cd7b2e2,short,none,SUCCEEDED,1,ACKED,2026-10-01T00:07:54.390540Z,2026-10-01T00:07:54.390540Z,2026-10-01T00:07:54.422233Z,0.0,31.7
d17679a6-f5a7-495d-8173-26d039258848,short,none,SUCCEEDED,1,ACKED,2026-10-01T00:07:54.423233Z,2026-10-01T00:07:54.423233Z,2026-10-01T00:07:54.469783Z,0.0,46.6
956757f9-e71c-46d3-8ef7-2f4879734b5f,short,none,SUCCEEDED,1,ACKED,2026-10-01T00:07:54.455264Z,2026-10-01T00:07:54.456265Z,2026-10-01T00:07:54.485079Z,1.0,28.8
3a05e9fb-72d7-4764-b70b-d392c2a5f2ae,short,none,SUCCEEDED,1,ACKED,2026-10-01T00:07:54.485079Z,2026-10-01T00:07:54.486583Z,2026-10-01T00:07:54.533088Z,1.5,46.5
998033fc-ae55-46b2-b99b-651c458a5be1,short,none,SUCCEEDED,1,ACKED,2026-10-01T00:07:54.517791Z,2026-10-01T00:07:54.518798Z,2026-10-01T00:07:54.564676Z,1.0,45.9
b3f24cc6-7d16-4f63-8096-9619159eff52,short,none,SUCCEEDED,1,ACKED,2026-10-01T00:07:54.549641Z,2026-10-01T00:07:54.550641Z,2026-10-01T00:07:54.596443Z,1.0,45.8
6f7c9898-2cfa-4502-b7f8-c06834f3cb74,medium,none,SUCCEEDED,1,ACKED,2026-10-01T00:07:54.580914Z,2026-10-01T00:07:54.581917Z,2026-10-01T00:07:54.691617Z,1.0,109.7
27a00dcc-ad2f-4751-8774-4ad088f485e5,short,none,SUCCEEDED,1,ACKED,2026-10-01T00:07:54.628968Z,2026-10-01T00:07:54.628968Z,2026-10-01T00:07:54.659563Z,0.0,30.6
82c6a156-23a4-48df-af3b-22df6f66d0a0,short,none,SUCCEEDED,1,ACKED,2026-10-01T00:07:54.660570Z,2026-10-01T00:07:54.660570Z,2026-10-01T00:07:54.707221Z,0.0,46.7
0f22f9f4-a7f1-4751-8a76-a7487dcf95f3,short,none,SUCCEEDED,1,ACKED,2026-10-01T00:07:54.692307Z,2026-10-01T00:07:54.693313Z,2026-10-01T00:07:54.738429Z,1.0,45.1
bf69f3a8-7a16-4827-8471-b1dcffd4a15b,short,none,SUCCEEDED,1,ACKED,2026-10-01T00:07:54.723920Z,2026-10-01T00:07:54.724923Z,2026-10-01T00:07:54.753637Z,1.0,28.7
68014cd7-a674-4fed-ae23-f111c0292fef,short,none,SUCCEEDED,1,ACKED,2026-10-01T00:07:54.754641Z,2026-10-01T00:07:54.755646Z,2026-10-01T00:07:54.801256Z,1.0,45.6
be068d0b-e321-4283-a76d-db393dc22771,medium,none,SUCCEEDED,1,ACKED,2026-10-01T00:07:54.786752Z,2026-10-01T00:07:54.787752Z,2026-10-01T00:07:54.896992Z,1.0,109.2
83125e39-7731-42b6-8660-2e57024cafaa,short,none,SUCCEEDED,1,ACKED,2026-10-01T00:07:54.818078Z,2026-10-01T00:07:54.819075Z,2026-10-01T00:07:54.849134Z,1.0,30.1
2e6d951d-3c5b-4606-85df-5f455ca098fa,short,none,SUCCEEDED,1,ACKED,2026-10-01T00:07:54.850133Z,2026-10-01T00:07:54.850133Z,2026-10-01T00:07:54.896992Z,0.0,46.9
7e41c4d2-43ae-4524-ad0a-ccb98ab6ba67,short,none,SUCCEEDED,1,ACKED,2026-10-01T00:07:54.880970Z,2026-10-01T00:07:54.882476Z,2026-10-01T00:07:54.911996Z,1.5,29.5
cf6293f6-9a67-4158-8fc7-bdd0f124cd39,short,none,SUCCEEDED,1,ACKED,2026-10-01T00:07:54.928135Z,2026-10-01T00:07:54.929140Z,2026-10-01T00:07:54.974354Z,1.0,45.2
a40ce295-55da-432d-866a-b35df56b4f4c,short,none,SUCCEEDED,1,ACKED,2026-10-01T00:07:54.959197Z,2026-10-01T00:07:54.960204Z,2026-10-01T00:07:54.989884Z,1.0,29.7
dd4af672-1bde-4c52-9cb1-7e90fe109f24,short,none,SUCCEEDED,1,ACKED,2026-10-01T00:07:54.990882Z,2026-10-01T00:07:54.991884Z,2026-10-01T00:07:55.052496Z,1.0,60.6
ecd6d7a6-3626-4a51-930d-0758652b2148,short,none,SUCCEEDED,1,ACKED,2026-10-01T00:07:55.022420Z,2026-10-01T00:07:55.022420Z,2026-10-01T00:07:55.083547Z,0.0,61.1
d532bda1-e70b-43dc-931b-232b8df4498f,short,none,SUCCEEDED,1,ACKED,2026-10-01T00:07:55.053493Z,2026-10-01T00:07:55.054492Z,2026-10-01T00:07:55.083547Z,1.0,29.1
c3f622ce-f351-4637-9a16-ae98c44b6721,medium,none,SUCCEEDED,1,ACKED,2026-10-01T00:07:55.086545Z,2026-10-01T00:07:55.087545Z,2026-10-01T00:07:55.379444Z,1.0,291.9
cc036882-16a0-448e-a532-f03dd18cba50,short,transient,SUCCEEDED,1,NACKED,2026-10-01T00:07:55.114829Z,2026-10-01T00:07:55.115834Z,2026-10-01T00:07:55.144785Z,1.0,29.0
cc036882-16a0-448e-a532-f03dd18cba50,short,transient,SUCCEEDED,2,ACKED,2026-10-01T00:07:56.003785Z,2026-10-01T00:07:56.084505Z,2026-10-01T00:07:56.115646Z,80.7,31.1
941cc8e0-35e2-409e-8b3e-73a4d0ea0641,medium,none,SUCCEEDED,1,ACKED,2026-10-01T00:07:55.161298Z,2026-10-01T00:07:55.162297Z,2026-10-01T00:07:55.317263Z,1.0,155.0
924e7084-d119-4344-bae7-50a71aa2e6f4,short,none,SUCCEEDED,1,ACKED,2026-10-01T00:07:55.192853Z,2026-10-01T00:07:55.193852Z,2026-10-01T00:07:55.223375Z,1.0,29.5
f1920ce0-9de0-4925-96d2-4b8cf1dab5e6,short,none,SUCCEEDED,1,ACKED,2026-10-01T00:07:55.224374Z,2026-10-01T00:07:55.224374Z,2026-10-01T00:07:55.269632Z,0.0,45.3
e37c34db-e886-4207-a627-51fa173fa97d,short,none,SUCCEEDED,1,ACKED,2026-10-01T00:07:55.254821Z,2026-10-01T00:07:55.255863Z,2026-10-01T00:07:55.317263Z,1.0,61.4
5ad2bf46-57d7-4507-8ed1-d2401989071a,short,none,SUCCEEDED,1,ACKED,2026-10-01T00:07:55.286164Z,2026-10-01T00:07:55.286164Z,2026-10-01T00:07:55.333205Z,0.0,47.0
6fc22169-980f-4fad-80d0-140bf0fa0e78,short,none,SUCCEEDED,1,ACKED,2026-10-01T00:07:55.318059Z,2026-10-01T00:07:55.318059Z,2026-10-01T00:07:55.363929Z,0.0,45.9
f61253df-5499-4f9b-8ac6-83290b29343a,short,none,SUCCEEDED,1,ACKED,2026-10-01T00:07:55.349915Z,2026-10-01T00:07:55.350418Z,2026-10-01T00:07:55.394971Z,0.5,44.6
284534f5-7f0e-405d-b54d-5969db258e25,short,none,SUCCEEDED,1,ACKED,2026-10-01T00:07:55.395971Z,2026-10-01T00:07:55.395971Z,2026-10-01T00:07:55.426032Z,0.0,30.1
75c4df4e-f998-4547-b30a-ac4097eb0485,medium,none,SUCCEEDED,1,ACKED,2026-10-01T00:07:55.427035Z,2026-10-01T00:07:55.427541Z,2026-10-01T00:07:55.689711Z,0.5,262.2
e82ec62e-1994-4365-8663-0c97e8f08dd5,short,transient,SUCCEEDED,1,NACKED,2026-10-01T00:07:55.458089Z,2026-10-01T00:07:55.459089Z,2026-10-01T00:07:55.519186Z,1.0,60.1
e82ec62e-1994-4365-8663-0c97e8f08dd5,short,transient,SUCCEEDED,2,ACKED,2026-10-01T00:07:56.036186Z,2026-10-01T00:07:56.084505Z,2026-10-01T00:07:56.146785Z,48.3,62.3
d95f5b00-3429-4656-80b8-2fea62d2360c,medium,none,SUCCEEDED,1,ACKED,2026-10-01T00:07:55.489117Z,2026-10-01T00:07:55.489621Z,2026-10-01T00:07:55.658796Z,0.5,169.2
11a70ad6-0d92-4a92-9096-09e70e5c75ce,short,none,SUCCEEDED,1,ACKED,2026-10-01T00:07:55.519798Z,2026-10-01T00:07:55.520805Z,2026-10-01T00:07:55.564919Z,1.0,44.1
5b46d010-cc26-493f-9ccf-49abdea1e42c,short,none,SUCCEEDED,1,ACKED,2026-10-01T00:07:55.549558Z,2026-10-01T00:07:55.550563Z,2026-10-01T00:07:55.564919Z,1.0,14.4
f6fc98e9-887a-429a-820b-74bd1df7f5c8,medium,none,SUCCEEDED,1,ACKED,2026-10-01T00:07:55.581456Z,2026-10-01T00:07:55.581456Z,2026-10-01T00:07:55.878366Z,0.0,296.9
ccb90443-f518-468e-830b-b338b95ecc27,long,none,SUCCEEDED,1,ACKED,2026-10-01T00:07:55.628591Z,2026-10-01T00:07:55.628591Z,2026-10-01T00:07:56.927928Z,0.0,1299.3
c87dab50-1969-4aa7-910d-c345174417d8,short,none,SUCCEEDED,1,ACKED,2026-10-01T00:07:55.659796Z,2026-10-01T00:07:55.659796Z,2026-10-01T00:07:55.689711Z,0.0,29.9
cf07c8ee-e76e-4710-b59d-cb9eabb40e9c,short,none,SUCCEEDED,1,ACKED,2026-10-01T00:07:55.690262Z,2026-10-01T00:07:55.691266Z,2026-10-01T00:07:55.720807Z,1.0,29.5
17e0b849-b3e5-4d79-809e-154ecab70baf,short,none,SUCCEEDED,1,ACKED,2026-10-01T00:07:55.721630Z,2026-10-01T00:07:55.722635Z,2026-10-01T00:07:55.768127Z,1.0,45.5
e5d6a7c3-c2bc-4996-a3f0-6a66cffdec9e,medium,none,SUCCEEDED,1,ACKED,2026-10-01T00:07:55.753114Z,2026-10-01T00:07:55.753114Z,2026-10-01T00:07:55.893899Z,0.0,140.8
6a6e34a0-81c1-4f01-b1c4-bf48bff1d731,short,none,SUCCEEDED,1,ACKED,2026-10-01T00:07:55.784644Z,2026-10-01T00:07:55.785148Z,2026-10-01T00:07:55.847316Z,0.5,62.2
42f5f112-00a5-401d-bf35-62f3b368e4d7,medium,none,SUCCEEDED,1,ACKED,2026-10-01T00:07:55.816667Z,2026-10-01T00:07:55.817667Z,2026-10-01T00:07:56.020336Z,1.0,202.7
f936e6e8-37d2-404e-9598-3219185b2bfa,medium,none,SUCCEEDED,1,ACKED,2026-10-01T00:07:55.848316Z,2026-10-01T00:07:55.848316Z,2026-10-01T00:07:56.099630Z,0.0,251.3
2453abe3-5b53-4638-8a3f-079100050853,short,none,SUCCEEDED,1,ACKED,2026-10-01T00:07:55.893899Z,2026-10-01T00:07:55.895404Z,2026-10-01T00:07:55.925951Z,1.5,30.5
9f8b421f-550a-4163-a0fb-cef63c7612cc,medium,none,SUCCEEDED,1,ACKED,2026-10-01T00:07:55.927205Z,2026-10-01T00:07:55.927205Z,2026-10-01T00:07:56.035834Z,0.0,108.6
67ede1d3-1a1f-4846-a368-5ba2f2e1d8d7,short,none,SUCCEEDED,1,ACKED,2026-10-01T00:07:55.958764Z,2026-10-01T00:07:55.959924Z,2026-10-01T00:07:55.988789Z,1.2,28.9
a57f3309-b497-4723-9000-8edf118cbcef,medium,none,SUCCEEDED,1,ACKED,2026-10-01T00:07:55.988789Z,2026-10-01T00:07:55.990291Z,2026-10-01T00:07:56.254830Z,1.5,264.5
9dd91218-1396-4afb-a9f8-a057f8ac5b96,long,none,SUCCEEDED,1,ACKED,2026-10-01T00:07:56.020336Z,2026-10-01T00:07:56.021839Z,2026-10-01T00:07:57.257662Z,1.5,1235.8
3ec1f213-e78d-4501-93aa-bd5754c12cde,short,none,SUCCEEDED,1,ACKED,2026-10-01T00:07:56.052852Z,2026-10-01T00:07:56.053354Z,2026-10-01T00:07:56.083922Z,0.5,30.6
27ebaae2-b379-4817-bf82-5de2425a92a1,medium,none,SUCCEEDED,1,ACKED,2026-10-01T00:07:56.084505Z,2026-10-01T00:07:56.084505Z,2026-10-01T00:07:56.270461Z,0.0,186.0
21d8c044-00c4-47b8-8124-a20015656bb8,short,none,SUCCEEDED,1,ACKED,2026-10-01T00:07:56.116653Z,2026-10-01T00:07:56.116653Z,2026-10-01T00:07:56.146785Z,0.0,30.1
a540ba9f-2891-4a62-9978-0c824f9b62f9,short,none,SUCCEEDED,1,ACKED,2026-10-01T00:07:56.147390Z,2026-10-01T00:07:56.148394Z,2026-10-01T00:07:56.177418Z,1.0,29.0
2896ef7e-ffb0-4433-b8a4-65e8f18d5ce8,short,none,SUCCEEDED,1,ACKED,2026-10-01T00:07:56.193470Z,2026-10-01T00:07:56.193470Z,2026-10-01T00:07:56.239519Z,0.0,46.0
40717ec2-395c-4b84-8f25-2e453ee3e649,short,none,SUCCEEDED,1,ACKED,2026-10-01T00:07:56.225008Z,2026-10-01T00:07:56.226006Z,2026-10-01T00:07:56.285837Z,1.0,59.8
75f67cf4-5d69-4014-82a6-bc5651c7c7cc,medium,none,SUCCEEDED,1,ACKED,2026-10-01T00:07:56.255447Z,2026-10-01T00:07:56.256453Z,2026-10-01T00:07:56.519173Z,1.0,262.7
5b1f0574-93f4-4cbd-bfc2-57e8205d6717,short,none,SUCCEEDED,1,ACKED,2026-10-01T00:07:56.286840Z,2026-10-01T00:07:56.286840Z,2026-10-01T00:07:56.348267Z,0.0,61.4
5a0a580d-66a4-4531-9af1-4664ce72ad1e,long,none,SUCCEEDED,1,ACKED,2026-10-01T00:07:56.321369Z,2026-10-01T00:07:56.322372Z,2026-10-01T00:07:57.446512Z,1.0,1124.1
d5c235d0-e5af-4ac9-87bd-b95b14fec9d8,short,transient,DEAD_LETTER,1,NACKED,2026-10-01T00:07:56.349522Z,2026-10-01T00:07:56.349522Z,2026-10-01T00:07:56.379588Z,0.0,30.1
d5c235d0-e5af-4ac9-87bd-b95b14fec9d8,short,transient,DEAD_LETTER,2,NACKED,2026-10-01T00:07:56.927588Z,2026-10-01T00:07:56.960120Z,2026-10-01T00:07:56.990650Z,32.5,30.5
d5c235d0-e5af-4ac9-87bd-b95b14fec9d8,short,transient,DEAD_LETTER,3,NACKED,2026-10-01T00:07:58.469650Z,2026-10-01T00:07:58.497719Z,2026-10-01T00:07:58.527286Z,28.1,29.6
0ad526e1-b044-4c63-aab4-d284d7bf36cf,short,transient,SUCCEEDED,1,NACKED,2026-10-01T00:07:56.396098Z,2026-10-01T00:07:56.396098Z,2026-10-01T00:07:56.410627Z,0.0,14.5
0ad526e1-b044-4c63-aab4-d284d7bf36cf,short,transient,SUCCEEDED,2,ACKED,2026-10-01T00:07:57.239627Z,2026-10-01T00:07:57.290196Z,2026-10-01T00:07:57.304704Z,50.6,14.5
22bbf378-f21a-4240-8f34-fe717d73bbf2,short,none,SUCCEEDED,1,ACKED,2026-10-01T00:07:56.425951Z,2026-10-01T00:07:56.427685Z,2026-10-01T00:07:56.457249Z,1.7,29.6
72adaa08-a820-4204-a97c-1f6919e35a02,short,none,SUCCEEDED,1,ACKED,2026-10-01T00:07:56.458251Z,2026-10-01T00:07:56.458251Z,2026-10-01T00:07:56.503128Z,0.0,44.9
69da533c-09e6-44d5-80eb-2b368c19e212,short,none,SUCCEEDED,1,ACKED,2026-10-01T00:07:56.489072Z,2026-10-01T00:07:56.489072Z,2026-10-01T00:07:56.534352Z,0.0,45.3
3506d37e-72e5-4f8d-9f7a-5ee70cfe1789,medium,none,SUCCEEDED,1,ACKED,2026-10-01T00:07:56.519768Z,2026-10-01T00:07:56.519768Z,2026-10-01T00:07:56.817906Z,0.0,298.1
d2ce5497-d74a-4c5f-a221-8388c2773e2e,medium,none,SUCCEEDED,1,ACKED,2026-10-01T00:07:56.550912Z,2026-10-01T00:07:56.551912Z,2026-10-01T00:07:56.785790Z,1.0,233.9
b5d84ea5-d606-4771-8ed4-0a72dc5e8e78,short,none,SUCCEEDED,1,ACKED,2026-10-01T00:07:56.582944Z,2026-10-01T00:07:56.583944Z,2026-10-01T00:07:56.628995Z,1.0,45.1
863dbb08-9def-46cd-8ac1-024d3aabeff3,short,transient,SUCCEEDED,1,NACKED,2026-10-01T00:07:56.630Z,2026-10-01T00:07:56.631Z,2026-10-01T00:07:56.660248Z,1.0,29.2
863dbb08-9def-46cd-8ac1-024d3aabeff3,short,transient,SUCCEEDED,2,NACKED,2026-10-01T00:07:57.653248Z,2026-10-01T00:07:57.729704Z,2026-10-01T00:07:57.744219Z,76.5,14.5
863dbb08-9def-46cd-8ac1-024d3aabeff3,short,transient,SUCCEEDED,3,ACKED,2026-10-01T00:07:59.056219Z,2026-10-01T00:07:59.151471Z,2026-10-01T00:07:59.180861Z,95.3,29.4
0bc1ddd3-3e3c-4795-824a-23b35e3b6a03,medium,none,SUCCEEDED,1,ACKED,2026-10-01T00:07:56.660752Z,2026-10-01T00:07:56.661759Z,2026-10-01T00:07:56.912130Z,1.0,250.4
51462d7b-e5ff-4152-8d95-23c37c3bc2fa,short,none,SUCCEEDED,1,ACKED,2026-10-01T00:07:56.692280Z,2026-10-01T00:07:56.693283Z,2026-10-01T00:07:56.722312Z,1.0,29.0
c2db7fb0-eac5-45e0-bfd9-c5b34b18ba70,short,none,SUCCEEDED,1,ACKED,2026-10-01T00:07:56.723824Z,2026-10-01T00:07:56.724830Z,2026-10-01T00:07:56.769713Z,1.0,44.9
0f08c1b7-4ee0-4a3b-bcc8-33bd7e82520a,short,transient,SUCCEEDED,1,NACKED,2026-10-01T00:07:56.754691Z,2026-10-01T00:07:56.755196Z,2026-10-01T00:07:56.801889Z,0.5,46.7
0f08c1b7-4ee0-4a3b-bcc8-33bd7e82520a,short,transient,SUCCEEDED,2,ACKED,2026-10-01T00:07:57.397889Z,2026-10-01T00:07:57.399444Z,2026-10-01T00:07:57.446512Z,1.6,47.1
e8096815-b7a9-49e4-9855-4280d0049644,short,none,SUCCEEDED,1,ACKED,2026-10-01T00:07:56.786374Z,2026-10-01T00:07:56.787379Z,2026-10-01T00:07:56.817906Z,1.0,30.5
2fa3bc34-669d-4a36-9244-59f75a57a1ca,medium,none,SUCCEEDED,1,ACKED,2026-10-01T00:07:56.818912Z,2026-10-01T00:07:56.819912Z,2026-10-01T00:07:57.052630Z,1.0,232.7
064af0ab-c99f-4b73-ad36-391b990b88c2,medium,none,SUCCEEDED,1,ACKED,2026-10-01T00:07:56.849436Z,2026-10-01T00:07:56.850894Z,2026-10-01T00:07:56.990650Z,1.5,139.8
36044152-c975-4c75-8f77-0a5ce6c3eb6e,short,none,SUCCEEDED,1,ACKED,2026-10-01T00:07:56.881590Z,2026-10-01T00:07:56.882591Z,2026-10-01T00:07:56.896613Z,1.0,14.0
54b3311c-b3c4-40fb-834f-270d306059e7,medium,none,SUCCEEDED,1,ACKED,2026-10-01T00:07:56.928557Z,2026-10-01T00:07:56.929560Z,2026-10-01T00:07:57.037678Z,1.0,108.1
d05f0f12-ceff-46d3-9d4c-68486745c5a3,medium,none,SUCCEEDED,1,ACKED,2026-10-01T00:07:56.960120Z,2026-10-01T00:07:56.960120Z,2026-10-01T00:07:57.116233Z,0.0,156.1
b86d1107-01a7-4a8c-8a01-35d208b8529a,short,none,SUCCEEDED,1,ACKED,2026-10-01T00:07:56.991651Z,2026-10-01T00:07:56.991651Z,2026-10-01T00:07:57.006163Z,0.0,14.5
cd936587-2964-473b-9795-7e57131395d0,short,none,SUCCEEDED,1,ACKED,2026-10-01T00:07:57.023177Z,2026-10-01T00:07:57.024175Z,2026-10-01T00:07:57.052630Z,1.0,28.5
c47fc9c5-8ee6-4da9-9805-9da19d3bc434,short,none,SUCCEEDED,1,ACKED,2026-10-01T00:07:57.053630Z,2026-10-01T00:07:57.054629Z,2026-10-01T00:07:57.100213Z,1.0,45.6
6413a504-3c31-4276-b391-3c8ce6ada016,medium,none,SUCCEEDED,1,ACKED,2026-10-01T00:07:57.085160Z,2026-10-01T00:07:57.086163Z,2026-10-01T00:07:57.320723Z,1.0,234.6
fdced721-f595-4995-a963-b9c2ea8f0cd6,medium,none,SUCCEEDED,1,ACKED,2026-10-01T00:07:57.117234Z,2026-10-01T00:07:57.118233Z,2026-10-01T00:07:57.226521Z,1.0,108.3
d7b6e2c0-8f1e-45e4-8218-3bc9ed870d74,short,none,SUCCEEDED,1,ACKED,2026-10-01T00:07:57.147563Z,2026-10-01T00:07:57.149401Z,2026-10-01T00:07:57.194984Z,1.8,45.6
b6c96525-ae20-4952-ae8a-8ac231b210ec,short,permanent,FAILED,1,NACKED,2026-10-01T00:07:57.195488Z,2026-10-01T00:07:57.196495Z,2026-10-01T00:07:57.242434Z,1.0,45.9
f0828b07-c9dc-403c-9b6b-ca954c722332,medium,none,SUCCEEDED,1,ACKED,2026-10-01T00:07:57.226521Z,2026-10-01T00:07:57.227923Z,2026-10-01T00:07:57.446512Z,1.4,218.6
f4a46278-84e1-49b5-a7ba-a6ef70441693,short,none,SUCCEEDED,1,ACKED,2026-10-01T00:07:57.258166Z,2026-10-01T00:07:57.259168Z,2026-10-01T00:07:57.289189Z,1.0,30.0
744e3873-e191-4328-a325-68d1330ae16f,short,none,SUCCEEDED,1,ACKED,2026-10-01T00:07:57.290196Z,2026-10-01T00:07:57.291196Z,2026-10-01T00:07:57.350819Z,1.0,59.6
dd2f3ea9-b3a1-4e01-a6fc-871d541f1d20,short,none,SUCCEEDED,1,ACKED,2026-10-01T00:07:57.321332Z,2026-10-01T00:07:57.322337Z,2026-10-01T00:07:57.382384Z,1.0,60.0
3664e898-d44b-4d25-a3d2-adad4a51afef,short,none,SUCCEEDED,1,ACKED,2026-10-01T00:07:57.351831Z,2026-10-01T00:07:57.352837Z,2026-10-01T00:07:57.366360Z,1.0,13.5
8c85849c-b79f-4844-a5d8-d83d0138788e,short,none,SUCCEEDED,1,ACKED,2026-10-01T00:07:57.383384Z,2026-10-01T00:07:57.383891Z,2026-10-01T00:07:57.430492Z,0.5,46.6
66f510c1-6915-4574-8313-b5f86acf8fc9,short,none,SUCCEEDED,1,ACKED,2026-10-01T00:07:57.415984Z,2026-10-01T00:07:57.416980Z,2026-10-01T00:07:57.461703Z,1.0,44.7
f094d219-7735-4e05-b281-0b8261c1f44f,short,none,SUCCEEDED,1,ACKED,2026-10-01T00:07:57.447017Z,2026-10-01T00:07:57.448023Z,2026-10-01T00:07:57.492730Z,1.0,44.7
22f49f97-3b99-40f7-acf4-272d58a93f22,medium,transient,SUCCEEDED,1,NACKED,2026-10-01T00:07:57.493731Z,2026-10-01T00:07:57.493731Z,2026-10-01T00:07:57.729026Z,0.0,235.3
22f49f97-3b99-40f7-acf4-272d58a93f22,medium,transient,SUCCEEDED,2,ACKED,2026-10-01T00:07:58.438026Z,2026-10-01T00:07:58.496212Z,2026-10-01T00:07:58.731227Z,58.2,235.0
726ba87a-8ee8-422a-83b7-2ac88ba46d48,short,transient,SUCCEEDED,1,NACKED,2026-10-01T00:07:57.525075Z,2026-10-01T00:07:57.525590Z,2026-10-01T00:07:57.555308Z,0.5,29.7
726ba87a-8ee8-422a-83b7-2ac88ba46d48,short,transient,SUCCEEDED,2,ACKED,2026-10-01T00:07:58.138308Z,2026-10-01T00:07:58.169825Z,2026-10-01T00:07:58.200399Z,31.5,30.6
86860756-55b8-41ab-b08b-ca703983ef8d,short,none,SUCCEEDED,1,ACKED,2026-10-01T00:07:57.555957Z,2026-10-01T00:07:57.557471Z,2026-10-01T00:07:57.587033Z,1.5,29.6
be15153f-dd84-438f-a4e8-bd33b5b92f06,short,none,SUCCEEDED,1,ACKED,2026-10-01T00:07:57.588031Z,2026-10-01T00:07:57.588031Z,2026-10-01T00:07:57.618774Z,0.0,30.7
a886de4d-38e2-4304-b2c3-de04f421c897,short,none,SUCCEEDED,1,ACKED,2026-10-01T00:07:57.619772Z,2026-10-01T00:07:57.620773Z,2026-10-01T00:07:57.681570Z,1.0,60.8
44ca0ff8-d189-406d-bdb4-d995c1f8a244,short,none,SUCCEEDED,1,ACKED,2026-10-01T00:07:57.651823Z,2026-10-01T00:07:57.653826Z,2026-10-01T00:07:57.666335Z,2.0,12.5
80d9641c-6520-47fd-80be-624ba2f4999c,short,none,SUCCEEDED,1,ACKED,2026-10-01T00:07:57.682188Z,2026-10-01T00:07:57.683196Z,2026-10-01T00:07:57.729026Z,1.0,45.8
ba25197b-43ec-4980-a9bd-747054ff35e7,short,transient,SUCCEEDED,1,NACKED,2026-10-01T00:07:57.729704Z,2026-10-01T00:07:57.730709Z,2026-10-01T00:07:57.759760Z,1.0,29.1
ba25197b-43ec-4980-a9bd-747054ff35e7,short,transient,SUCCEEDED,2,NACKED,2026-10-01T00:07:58.481760Z,2026-10-01T00:07:58.497719Z,2026-10-01T00:07:58.527286Z,16.0,29.6
ba25197b-43ec-4980-a9bd-747054ff35e7,short,transient,SUCCEEDED,3,ACKED,2026-10-01T00:07:59.632286Z,2026-10-01T00:07:59.699226Z,2026-10-01T00:07:59.730279Z,66.9,31.1
03df7bda-1745-4272-b1e6-323effd63bb1,medium,none,SUCCEEDED,1,ACKED,2026-10-01T00:07:57.760759Z,2026-10-01T00:07:57.761262Z,2026-10-01T00:07:57.949260Z,0.5,188.0
49f805af-79f2-4ddd-99d5-cd5955fe4132,medium,none,SUCCEEDED,1,ACKED,2026-10-01T00:07:57.792370Z,2026-10-01T00:07:57.792875Z,2026-10-01T00:07:58.043261Z,0.5,250.4
ec53df75-9b27-4a10-8b3e-bdce38aa3efd,short,none,SUCCEEDED,1,ACKED,2026-10-01T00:07:57.823896Z,2026-10-01T00:07:57.825403Z,2026-10-01T00:07:57.838910Z,1.5,13.5
81206723-7389-45f9-8d0a-c6571d187323,medium,transient,DEAD_LETTER,1,NACKED,2026-10-01T00:07:57.855059Z,2026-10-01T00:07:57.855563Z,2026-10-01T00:07:58.058429Z,0.5,202.9
81206723-7389-45f9-8d0a-c6571d187323,medium,transient,DEAD_LETTER,2,NACKED,2026-10-01T00:07:59.001429Z,2026-10-01T00:07:59.044142Z,2026-10-01T00:07:59.259111Z,42.7,215.0
81206723-7389-45f9-8d0a-c6571d187323,medium,transient,DEAD_LETTER,3,NACKED,2026-10-01T00:08:00.877111Z,2026-10-01T00:08:00.909731Z,2026-10-01T00:08:01.112262Z,32.6,202.5
f2f384cd-5c72-48d4-ad9d-0eb6f789d212,short,none,SUCCEEDED,1,ACKED,2026-10-01T00:07:57.886701Z,2026-10-01T00:07:57.887704Z,2026-10-01T00:07:57.917960Z,1.0,30.3
c4b67b1a-1f39-42bf-bd9d-ba9b77765dc7,short,none,SUCCEEDED,1,ACKED,2026-10-01T00:07:57.918967Z,2026-10-01T00:07:57.919967Z,2026-10-01T00:07:57.964754Z,1.0,44.8
ac8804ed-5a0e-455e-9927-b86e2a773e98,short,none,SUCCEEDED,1,ACKED,2026-10-01T00:07:57.950268Z,2026-10-01T00:07:57.951267Z,2026-10-01T00:07:57.979915Z,1.0,28.6
dc13b797-bc64-45ae-a99c-a5d11f4e053b,medium,none,SUCCEEDED,1,ACKED,2026-10-01T00:07:57.981091Z,2026-10-01T00:07:57.982133Z,2026-10-01T00:07:58.104726Z,1.0,122.6
ac53f5bd-ef29-4a49-93e4-7b8a1b21214f,medium,transient,SUCCEEDED,1,NACKED,2026-10-01T00:07:58.028751Z,2026-10-01T00:07:58.029750Z,2026-10-01T00:07:58.247575Z,1.0,217.8
ac53f5bd-ef29-4a49-93e4-7b8a1b21214f,medium,transient,SUCCEEDED,2,ACKED,2026-10-01T00:07:58.953575Z,2026-10-01T00:07:59.044142Z,2026-10-01T00:07:59.258779Z,90.6,214.6
a1af97ee-43e4-4146-8c13-e4b7342dfd9d,short,none,SUCCEEDED,1,ACKED,2026-10-01T00:07:58.059426Z,2026-10-01T00:07:58.060426Z,2026-10-01T00:07:58.120759Z,1.0,60.3
39570e25-ac1e-43d7-a0b7-f7416af5cbdd,short,none,SUCCEEDED,1,ACKED,2026-10-01T00:07:58.090183Z,2026-10-01T00:07:58.091189Z,2026-10-01T00:07:58.120759Z,1.0,29.6
f953a2f7-7ca7-4d96-bd79-32fc1e07c6f0,short,none,SUCCEEDED,1,ACKED,2026-10-01T00:07:58.121761Z,2026-10-01T00:07:58.122760Z,2026-10-01T00:07:58.168819Z,1.0,46.1
61e8cc26-46db-494d-96c2-88ef39d5b079,short,none,SUCCEEDED,1,ACKED,2026-10-01T00:07:58.152789Z,2026-10-01T00:07:58.153795Z,2026-10-01T00:07:58.216306Z,1.0,62.5
2cd501d9-76c4-43f7-af21-62a85d6a2b38,short,none,SUCCEEDED,1,ACKED,2026-10-01T00:07:58.184847Z,2026-10-01T00:07:58.186356Z,2026-10-01T00:07:58.231818Z,1.5,45.5
924022fb-f651-4be5-92bc-20cccfdce425,short,none,SUCCEEDED,1,ACKED,2026-10-01T00:07:58.217305Z,2026-10-01T00:07:58.218307Z,2026-10-01T00:07:58.247575Z,1.0,29.3
c6d0e26a-5d49-4625-8aba-2596afd81191,short,none,SUCCEEDED,1,ACKED,2026-10-01T00:07:58.248577Z,2026-10-01T00:07:58.248577Z,2026-10-01T00:07:58.278302Z,0.0,29.7
408e40e4-64ae-49d5-8ab7-efb233ade091,short,none,SUCCEEDED,1,ACKED,2026-10-01T00:07:58.294832Z,2026-10-01T00:07:58.295338Z,2026-10-01T00:07:58.326378Z,0.5,31.0
2bd46632-1740-48e7-aa4b-187323299637,short,none,SUCCEEDED,1,ACKED,2026-10-01T00:07:58.326996Z,2026-10-01T00:07:58.328008Z,2026-10-01T00:07:58.342300Z,1.0,14.3
d7a3c07a-d0d0-435f-b8c2-60512f993488,short,none,SUCCEEDED,1,ACKED,2026-10-01T00:07:58.358831Z,2026-10-01T00:07:58.359832Z,2026-10-01T00:07:58.388372Z,1.0,28.5
2ec43a93-8aef-4945-92a5-d1e0a3758daf,short,none,SUCCEEDED,1,ACKED,2026-10-01T00:07:58.389367Z,2026-10-01T00:07:58.390541Z,2026-10-01T00:07:58.435139Z,1.2,44.6
e71a6dc3-ad21-450d-86ea-bb3b0f8a3ef4,medium,none,SUCCEEDED,1,ACKED,2026-10-01T00:07:58.420123Z,2026-10-01T00:07:58.421625Z,2026-10-01T00:07:58.637432Z,1.5,215.8
bcef88b9-b317-477c-818e-5887826d13c6,medium,none,SUCCEEDED,1,ACKED,2026-10-01T00:07:58.451825Z,2026-10-01T00:07:58.452338Z,2026-10-01T00:07:58.761662Z,0.5,309.3
f5f150f2-dc6f-4f35-b55d-6dcac5f58ac1,medium,none,SUCCEEDED,1,ACKED,2026-10-01T00:07:58.481435Z,2026-10-01T00:07:58.482665Z,2026-10-01T00:07:58.746352Z,1.2,263.7
ca447d02-91b6-4f10-8ecf-d378cccc5503,long,none,SUCCEEDED,1,ACKED,2026-10-01T00:07:58.528485Z,2026-10-01T00:07:58.530489Z,2026-10-01T00:07:59.682421Z,2.0,1151.9
23477071-7aa2-480e-aee1-e3f95b7f9f4a,short,none,SUCCEEDED,1,ACKED,2026-10-01T00:07:58.559813Z,2026-10-01T00:07:58.560812Z,2026-10-01T00:07:58.590345Z,1.0,29.5
dc3c2c6a-29de-47a3-b200-78a108f53c3a,short,transient,SUCCEEDED,1,NACKED,2026-10-01T00:07:58.591351Z,2026-10-01T00:07:58.591351Z,2026-10-01T00:07:58.653493Z,0.0,62.1
dc3c2c6a-29de-47a3-b200-78a108f53c3a,short,transient,SUCCEEDED,2,NACKED,2026-10-01T00:07:59.340493Z,2026-10-01T00:07:59.368366Z,2026-10-01T00:07:59.431318Z,27.9,63.0
dc3c2c6a-29de-47a3-b200-78a108f53c3a,short,transient,SUCCEEDED,3,ACKED,2026-10-01T00:08:00.528318Z,2026-10-01T00:08:00.579410Z,2026-10-01T00:08:00.640827Z,51.1,61.4
87af109d-4c45-4fee-a330-e2649b7eaa85,short,none,SUCCEEDED,1,ACKED,2026-10-01T00:07:58.622408Z,2026-10-01T00:07:58.623408Z,2026-10-01T00:07:58.684544Z,1.0,61.1
dd127c94-d42c-41cf-9202-62cdd9dcedb0,short,none,SUCCEEDED,1,ACKED,2026-10-01T00:07:58.654493Z,2026-10-01T00:07:58.655492Z,2026-10-01T00:07:58.699680Z,1.0,44.2
47a76dec-5838-4b69-8e1b-2f098e078464,short,none,SUCCEEDED,1,ACKED,2026-10-01T00:07:58.685143Z,2026-10-01T00:07:58.686148Z,2026-10-01T00:07:58.715706Z,1.0,29.6
0f79448a-7c8e-468a-908d-423e61df60c1,short,none,SUCCEEDED,1,ACKED,2026-10-01T00:07:58.716708Z,2026-10-01T00:07:58.716708Z,2026-10-01T00:07:58.778198Z,0.0,61.5
301123e1-03f5-4488-bbd6-04b0fa503994,short,none,SUCCEEDED,1,ACKED,2026-10-01T00:07:58.761662Z,2026-10-01T00:07:58.763169Z,2026-10-01T00:07:58.824467Z,1.5,61.3
b9ce80e6-a368-4b65-baf2-b2bb573297dd,medium,none,SUCCEEDED,1,ACKED,2026-10-01T00:07:58.794741Z,2026-10-01T00:07:58.795742Z,2026-10-01T00:07:59.088230Z,1.0,292.5
8e87314e-4adb-49e0-b3d7-23cca86eb0f5,short,none,SUCCEEDED,1,ACKED,2026-10-01T00:07:58.825468Z,2026-10-01T00:07:58.825468Z,2026-10-01T00:07:58.854808Z,0.0,29.3
2584f219-4d20-4254-9f0e-841b737df7d1,short,none,SUCCEEDED,1,ACKED,2026-10-01T00:07:58.855810Z,2026-10-01T00:07:58.856808Z,2026-10-01T00:07:58.901311Z,1.0,44.5
c1c860a5-7b57-45e8-bb77-cceef17eb322,short,none,SUCCEEDED,1,ACKED,2026-10-01T00:07:58.885650Z,2026-10-01T00:07:58.888162Z,2026-10-01T00:07:58.933440Z,2.5,45.3
3eea24a8-050c-413f-8cf5-7f6a52f97789,short,none,SUCCEEDED,1,ACKED,2026-10-01T00:07:58.918342Z,2026-10-01T00:07:58.919343Z,2026-10-01T00:07:58.964298Z,1.0,45.0
fae160c4-8510-4c37-80db-06d111a521af,short,none,SUCCEEDED,1,ACKED,2026-10-01T00:07:58.949273Z,2026-10-01T00:07:58.950275Z,2026-10-01T00:07:58.979837Z,1.0,29.6
051d21f4-942e-416f-b3a2-e27672154546,medium,none,SUCCEEDED,1,ACKED,2026-10-01T00:07:58.980767Z,2026-10-01T00:07:58.981774Z,2026-10-01T00:07:59.196898Z,1.0,215.1
90d85cf9-8983-4a56-838c-319901b8a3f9,short,none,SUCCEEDED,1,ACKED,2026-10-01T00:07:59.028331Z,2026-10-01T00:07:59.029832Z,2026-10-01T00:07:59.073199Z,1.5,43.4
d6e1e6a0-83f5-4f4d-b1ea-e27394d1c3a0,short,none,SUCCEEDED,1,ACKED,2026-10-01T00:07:59.059174Z,2026-10-01T00:07:59.059174Z,2026-10-01T00:07:59.088230Z,0.0,29.1
a3755ea2-362b-4eb0-a31d-b8244b18e25c,short,none,SUCCEEDED,1,ACKED,2026-10-01T00:07:59.089228Z,2026-10-01T00:07:59.089228Z,2026-10-01T00:07:59.135336Z,0.0,46.1
1e76f2f8-2cdf-4762-9b78-f2a5e801cadd,short,none,SUCCEEDED,1,ACKED,2026-10-01T00:07:59.120426Z,2026-10-01T00:07:59.121423Z,2026-10-01T00:07:59.165260Z,1.0,43.8
95815518-d933-485d-ac8a-562f81b9953b,short,none,SUCCEEDED,1,ACKED,2026-10-01T00:07:59.151471Z,2026-10-01T00:07:59.151471Z,2026-10-01T00:07:59.196898Z,0.0,45.4
3fda3a1a-ed83-4148-a608-d9522ebc5560,short,none,SUCCEEDED,1,ACKED,2026-10-01T00:07:59.180861Z,2026-10-01T00:07:59.181865Z,2026-10-01T00:07:59.212413Z,1.0,30.5
fb0d54fc-9138-47fd-a245-4e986831f0f3,short,none,SUCCEEDED,1,ACKED,2026-10-01T00:07:59.228697Z,2026-10-01T00:07:59.230702Z,2026-10-01T00:07:59.290340Z,2.0,59.6
89ab651c-3e33-42cf-af58-382923d6d82a,short,none,SUCCEEDED,1,ACKED,2026-10-01T00:07:59.259785Z,2026-10-01T00:07:59.259785Z,2026-10-01T00:07:59.321889Z,0.0,62.1
a9d37f65-ae4e-4157-af98-9bcbdfe7f8ad,short,none,SUCCEEDED,1,ACKED,2026-10-01T00:07:59.290340Z,2026-10-01T00:07:59.291347Z,2026-10-01T00:07:59.337074Z,1.0,45.7
21a9b4f8-c423-4e05-8c52-c48ec26bb8b7,medium,none,SUCCEEDED,1,ACKED,2026-10-01T00:07:59.322898Z,2026-10-01T00:07:59.326416Z,2026-10-01T00:07:59.511369Z,3.5,185.0
174a6292-4568-46e6-ba22-d27203a7ba37,short,none,SUCCEEDED,1,ACKED,2026-10-01T00:07:59.353190Z,2026-10-01T00:07:59.353694Z,2026-10-01T00:07:59.415295Z,0.5,61.6
620864a4-4627-4994-a34c-4ecb12d69a4b,short,none,SUCCEEDED,1,ACKED,2026-10-01T00:07:59.383216Z,2026-10-01T00:07:59.384722Z,2026-10-01T00:07:59.415295Z,1.5,30.6
45c00722-be45-46e1-b1b4-0040acf8eb62,medium,none,SUCCEEDED,1,ACKED,2026-10-01T00:07:59.416296Z,2026-10-01T00:07:59.416801Z,2026-10-01T00:07:59.714249Z,0.5,297.4
947844ae-965e-40f3-bb0d-4dfa0811005a,short,none,SUCCEEDED,1,ACKED,2026-10-01T00:07:59.448863Z,2026-10-01T00:07:59.449861Z,2026-10-01T00:07:59.494682Z,1.0,44.8
fdef4a4a-857d-4e49-a28c-e8f324bbc203,short,none,SUCCEEDED,1,ACKED,2026-10-01T00:07:59.495682Z,2026-10-01T00:07:59.496192Z,2026-10-01T00:07:59.510740Z,0.5,14.5
8807e2ca-db6a-4945-99c2-399dd256519b,short,none,SUCCEEDED,1,ACKED,2026-10-01T00:07:59.526860Z,2026-10-01T00:07:59.527870Z,2026-10-01T00:07:59.589103Z,1.0,61.2
2e2d5639-6814-4f16-926b-c9dd93487349,short,none,SUCCEEDED,1,ACKED,2026-10-01T00:07:59.558312Z,2026-10-01T00:07:59.559321Z,2026-10-01T00:07:59.605635Z,1.0,46.3
b8f5266a-94e9-4d8f-8b44-00c46039497b,short,none,SUCCEEDED,1,ACKED,2026-10-01T00:07:59.589103Z,2026-10-01T00:07:59.590105Z,2026-10-01T00:07:59.621650Z,1.0,31.5
6903ca53-840d-4dac-86a3-215a1855ae80,short,none,SUCCEEDED,1,ACKED,2026-10-01T00:07:59.622651Z,2026-10-01T00:07:59.623651Z,2026-10-01T00:07:59.667405Z,1.0,43.8
f7d3986e-e876-450d-b763-ddcb15bc916a,short,none,SUCCEEDED,1,ACKED,2026-10-01T00:07:59.652896Z,2026-10-01T00:07:59.653894Z,2026-10-01T00:07:59.698465Z,1.0,44.6
6037d24b-87ab-45ed-9435-1d52d25be016,short,none,SUCCEEDED,1,ACKED,2026-10-01T00:07:59.682929Z,2026-10-01T00:07:59.683936Z,2026-10-01T00:07:59.698465Z,1.0,14.5
56487679-7b2d-4c30-9954-d42d01c13b47,short,none,SUCCEEDED,1,ACKED,2026-10-01T00:07:59.715251Z,2026-10-01T00:07:59.716251Z,2026-10-01T00:07:59.761876Z,1.0,45.6
ca564071-aa8e-4dca-a534-447f535c9354,short,none,SUCCEEDED,1,ACKED,2026-10-01T00:07:59.762379Z,2026-10-01T00:07:59.763385Z,2026-10-01T00:07:59.793936Z,1.0,30.6
7a3b32ac-7ddb-4805-b767-c9f9fdbaa2a2,short,none,SUCCEEDED,1,ACKED,2026-10-01T00:07:59.794548Z,2026-10-01T00:07:59.796554Z,2026-10-01T00:07:59.841133Z,2.0,44.6
b77f57c2-7edb-4484-bc9e-575d50fe918d,short,none,SUCCEEDED,1,ACKED,2026-10-01T00:07:59.825761Z,2026-10-01T00:07:59.826766Z,2026-10-01T00:07:59.857152Z,1.0,30.4
9217ad3c-7a07-47ed-b75c-1b1a91c8a298,short,none,SUCCEEDED,1,ACKED,2026-10-01T00:07:59.857152Z,2026-10-01T00:07:59.859158Z,2026-10-01T00:07:59.872753Z,2.0,13.6
35ea1c55-9ee9-4087-8bf3-2cbc6e2576c7,short,transient,SUCCEEDED,1,NACKED,2026-10-01T00:07:59.890766Z,2026-10-01T00:07:59.893766Z,2026-10-01T00:07:59.951886Z,3.0,58.1
35ea1c55-9ee9-4087-8bf3-2cbc6e2576c7,short,transient,SUCCEEDED,2,ACKED,2026-10-01T00:08:00.535886Z,2026-10-01T00:08:00.579410Z,2026-10-01T00:08:00.640827Z,43.5,61.4
27b859fb-ac74-4c55-8966-b3a8d577d80f,short,none,SUCCEEDED,1,ACKED,2026-10-01T00:07:59.921293Z,2026-10-01T00:07:59.922292Z,2026-10-01T00:07:59.951886Z,1.0,29.6
cd03038b-100d-43a7-add1-8b2079210e4f,short,none,SUCCEEDED,1,ACKED,2026-10-01T00:07:59.952392Z,2026-10-01T00:07:59.953399Z,2026-10-01T00:07:59.983474Z,1.0,30.1
3383b345-222a-4639-b0d6-9d3cae87e494,medium,none,SUCCEEDED,1,ACKED,2026-10-01T00:07:59.984291Z,2026-10-01T00:07:59.985803Z,2026-10-01T00:08:00.109432Z,1.5,123.6
bee7a0cf-3b2c-44be-bc2b-0e29b177c9c4,short,none,SUCCEEDED,1,ACKED,2026-10-01T00:08:00.014854Z,2026-10-01T00:08:00.015360Z,2026-10-01T00:08:00.029898Z,0.5,14.5
eec2ea7f-4682-4b4c-a182-1da3b89815bb,short,none,SUCCEEDED,1,ACKED,2026-10-01T00:08:00.047846Z,2026-10-01T00:08:00.049362Z,2026-10-01T00:08:00.078066Z,1.5,28.7
b9e11f30-ddd2-4337-a17c-078d808360f4,short,none,SUCCEEDED,1,ACKED,2026-10-01T00:08:00.094907Z,2026-10-01T00:08:00.095908Z,2026-10-01T00:08:00.124950Z,1.0,29.0
8909d628-bf6e-44f5-a966-5debe9dd8c98,short,none,SUCCEEDED,1,ACKED,2026-10-01T00:08:00.124950Z,2026-10-01T00:08:00.126452Z,2026-10-01T00:08:00.187188Z,1.5,60.7
a34d645f-49d6-48eb-8afd-553eea29e77a,short,none,SUCCEEDED,1,ACKED,2026-10-01T00:08:00.157223Z,2026-10-01T00:08:00.158221Z,2026-10-01T00:08:00.219239Z,1.0,61.0
2b1bbf8d-fd47-41bf-87f7-ac81d7ea7b9c,short,none,SUCCEEDED,1,ACKED,2026-10-01T00:08:00.187188Z,2026-10-01T00:08:00.188193Z,2026-10-01T00:08:00.219239Z,1.0,31.0
ef56a69b-0203-4e61-92df-17e1f21c8d06,short,none,SUCCEEDED,1,ACKED,2026-10-01T00:08:00.220239Z,2026-10-01T00:08:00.220239Z,2026-10-01T00:08:00.282039Z,0.0,61.8
66557553-9d1e-43c4-aab0-3e1c6516a48a,medium,none,SUCCEEDED,1,ACKED,2026-10-01T00:08:00.251439Z,2026-10-01T00:08:00.252495Z,2026-10-01T00:08:00.454029Z,1.1,201.5
2e1a8c89-abe9-4468-92d5-72c80ee622eb,medium,transient,SUCCEEDED,1,NACKED,2026-10-01T00:08:00.282913Z,2026-10-01T00:08:00.282913Z,2026-10-01T00:08:00.438518Z,0.0,155.6
2e1a8c89-abe9-4468-92d5-72c80ee622eb,medium,transient,SUCCEEDED,2,NACKED,2026-10-01T00:08:00.957518Z,2026-10-01T00:08:01.020219Z,2026-10-01T00:08:01.174622Z,62.7,154.4
2e1a8c89-abe9-4468-92d5-72c80ee622eb,medium,transient,SUCCEEDED,3,ACKED,2026-10-01T00:08:02.916622Z,2026-10-01T00:08:02.984469Z,2026-10-01T00:08:03.138294Z,67.8,153.8
d321c5c1-6173-421e-b5d1-1750c7b137b7,short,none,SUCCEEDED,1,ACKED,2026-10-01T00:08:00.330209Z,2026-10-01T00:08:00.331218Z,2026-10-01T00:08:00.376319Z,1.0,45.1
43742700-512f-40be-9dc2-9d557f3a4114,short,transient,SUCCEEDED,1,NACKED,2026-10-01T00:08:00.361303Z,2026-10-01T00:08:00.361808Z,2026-10-01T00:08:00.376319Z,0.5,14.5
43742700-512f-40be-9dc2-9d557f3a4114,short,transient,SUCCEEDED,2,ACKED,2026-10-01T00:08:01.246319Z,2026-10-01T00:08:01.347328Z,2026-10-01T00:08:01.361404Z,101.0,14.1
334848c3-a66f-49df-9c91-468775761974,short,none,SUCCEEDED,1,ACKED,2026-10-01T00:08:00.392609Z,2026-10-01T00:08:00.393613Z,2026-10-01T00:08:00.438518Z,1.0,44.9
059df0d7-5792-4db0-977a-e0d7e069d54c,short,none,SUCCEEDED,1,ACKED,2026-10-01T00:08:00.424197Z,2026-10-01T00:08:00.425707Z,2026-10-01T00:08:00.454029Z,1.5,28.3
e2313ac9-9ba7-42e4-8190-a6110dc0cd88,short,none,SUCCEEDED,1,ACKED,2026-10-01T00:08:00.454029Z,2026-10-01T00:08:00.455537Z,2026-10-01T00:08:00.500740Z,1.5,45.2
8b4c9265-eceb-42a4-9be1-11d70fb45df5,medium,none,SUCCEEDED,1,ACKED,2026-10-01T00:08:00.486608Z,2026-10-01T00:08:00.487127Z,2026-10-01T00:08:00.640827Z,0.5,153.7
a33ffa66-a015-4a3a-9b1a-23e50dc220a9,short,none,SUCCEEDED,1,ACKED,2026-10-01T00:08:00.516495Z,2026-10-01T00:08:00.517499Z,2026-10-01T00:08:00.561874Z,1.0,44.4
8ab173da-3f2a-4b76-aaa4-6fb5a68bd88e,short,none,SUCCEEDED,1,ACKED,2026-10-01T00:08:00.562872Z,2026-10-01T00:08:00.563378Z,2026-10-01T00:08:00.608933Z,0.5,45.6
8fa35ae3-841e-4c00-af56-29a320cb7859,long,none,SUCCEEDED,1,ACKED,2026-10-01T00:08:00.594776Z,2026-10-01T00:08:00.595776Z,2026-10-01T00:08:01.799006Z,1.0,1203.2
cbacbf36-0bcc-4fa5-9abb-b38a8d2c8b4e,short,none,SUCCEEDED,1,ACKED,2026-10-01T00:08:00.625965Z,2026-10-01T00:08:00.626963Z,2026-10-01T00:08:00.672441Z,1.0,45.5
10c49640-4ca3-4063-9225-f2235d40cfa0,short,transient,SUCCEEDED,1,NACKED,2026-10-01T00:08:00.657927Z,2026-10-01T00:08:00.658924Z,2026-10-01T00:08:00.704510Z,1.0,45.6
10c49640-4ca3-4063-9225-f2235d40cfa0,short,transient,SUCCEEDED,2,ACKED,2026-10-01T00:08:01.506510Z,2026-10-01T00:08:01.563278Z,2026-10-01T00:08:01.610675Z,56.8,47.4
c2c91f57-8719-4d7e-a7c8-6d8e6a47964e,short,none,SUCCEEDED,1,ACKED,2026-10-01T00:08:00.689484Z,2026-10-01T00:08:00.689484Z,2026-10-01T00:08:00.720532Z,0.0,31.0
07362fdf-48da-4e9d-9f1d-48733bbc9df6,medium,none,SUCCEEDED,1,ACKED,2026-10-01T00:08:00.721536Z,2026-10-01T00:08:00.722534Z,2026-10-01T00:08:01.034734Z,1.0,312.2
0a15992a-c893-4848-8d17-cd285a7e7e2b,short,none,SUCCEEDED,1,ACKED,2026-10-01T00:08:00.752504Z,2026-10-01T00:08:00.753509Z,2026-10-01T00:08:00.799765Z,1.0,46.3
faa07ff3-9e22-416e-af78-9e1b0f4cc1ae,short,none,SUCCEEDED,1,ACKED,2026-10-01T00:08:00.784423Z,2026-10-01T00:08:00.785211Z,2026-10-01T00:08:00.830309Z,0.8,45.1
7b187101-d24a-4d0e-9e75-0c7dcdeafaab,short,none,SUCCEEDED,1,ACKED,2026-10-01T00:08:00.816286Z,2026-10-01T00:08:00.816791Z,2026-10-01T00:08:00.876866Z,0.5,60.1
7f6caf67-df8a-434b-a710-64363e90bb27,medium,none,SUCCEEDED,1,ACKED,2026-10-01T00:08:00.862724Z,2026-10-01T00:08:00.864347Z,2026-10-01T00:08:01.019211Z,1.6,154.9
c2353276-695c-426c-b3a9-eb3393e1684c,short,none,SUCCEEDED,1,ACKED,2026-10-01T00:08:00.894234Z,2026-10-01T00:08:00.895223Z,2026-10-01T00:08:00.924747Z,1.0,29.5
633a8a74-5f62-45b8-b522-2f12d88d11ef,medium,transient,SUCCEEDED,1,NACKED,2026-10-01T00:08:00.925753Z,2026-10-01T00:08:00.925753Z,2026-10-01T00:08:01.127155Z,0.0,201.4
633a8a74-5f62-45b8-b522-2f12d88d11ef,medium,transient,SUCCEEDED,2,ACKED,2026-10-01T00:08:01.841155Z,2026-10-01T00:08:01.893295Z,2026-10-01T00:08:02.095417Z,52.1,202.1
5ae526cd-cea1-422d-b544-e25e42394fd8,short,none,SUCCEEDED,1,ACKED,2026-10-01T00:08:00.956580Z,2026-10-01T00:08:00.957587Z,2026-10-01T00:08:00.987525Z,1.0,29.9
c3e8fd92-d762-445d-aa43-47b76e8f3691,short,none,SUCCEEDED,1,ACKED,2026-10-01T00:08:00.988690Z,2026-10-01T00:08:00.988690Z,2026-10-01T00:08:01.034734Z,0.0,46.0
41722f31-1878-46c2-8845-925feb4f8c46,short,none,SUCCEEDED,1,ACKED,2026-10-01T00:08:01.020219Z,2026-10-01T00:08:01.021215Z,2026-10-01T00:08:01.065128Z,1.0,43.9
1e8ac9d1-6107-4651-8c57-9c8ec56aac27,medium,none,SUCCEEDED,1,ACKED,2026-10-01T00:08:01.051005Z,2026-10-01T00:08:01.052061Z,2026-10-01T00:08:01.236863Z,1.1,184.8
2dc85b1d-4370-4137-916e-be71450d2e45,short,none,SUCCEEDED,1,ACKED,2026-10-01T00:08:01.080646Z,2026-10-01T00:08:01.082157Z,2026-10-01T00:08:01.127155Z,1.5,45.0
c4b178df-e484-4ae1-8ba7-1f33fc261915,short,none,SUCCEEDED,1,ACKED,2026-10-01T00:08:01.128153Z,2026-10-01T00:08:01.128153Z,2026-10-01T00:08:01.174622Z,0.0,46.5
3e6914d8-e29a-42d6-8393-0887bfaf022f,short,none,SUCCEEDED,1,ACKED,2026-10-01T00:08:01.159928Z,2026-10-01T00:08:01.160930Z,2026-10-01T00:08:01.205324Z,1.0,44.4
7fdc3245-d7f2-4fda-8ad2-929dd64134a9,short,transient,SUCCEEDED,1,NACKED,2026-10-01T00:08:01.190796Z,2026-10-01T00:08:01.191798Z,2026-10-01T00:08:01.221351Z,1.0,29.6
7fdc3245-d7f2-4fda-8ad2-929dd64134a9,short,transient,SUCCEEDED,2,ACKED,2026-10-01T00:08:01.811351Z,2026-10-01T00:08:01.892291Z,2026-10-01T00:08:01.923359Z,80.9,31.1
23481130-6f6a-424f-a462-98d4ae40ff55,short,none,SUCCEEDED,1,ACKED,2026-10-01T00:08:01.222350Z,2026-10-01T00:08:01.223350Z,2026-10-01T00:08:01.251883Z,1.0,28.5
d8d33aab-a9e1-4383-8446-fbf564edef7e,short,none,SUCCEEDED,1,ACKED,2026-10-01T00:08:01.252526Z,2026-10-01T00:08:01.253582Z,2026-10-01T00:08:01.299040Z,1.1,45.5
a69ba443-7309-481b-8999-74298ede6f3b,short,none,SUCCEEDED,1,ACKED,2026-10-01T00:08:01.284175Z,2026-10-01T00:08:01.285175Z,2026-10-01T00:08:01.314574Z,1.0,29.4
d9d9a5e1-d5ae-4f0f-97c6-709de0fabcff,short,none,SUCCEEDED,1,ACKED,2026-10-01T00:08:01.315577Z,2026-10-01T00:08:01.316575Z,2026-10-01T00:08:01.330603Z,1.0,14.0
294a7be1-536d-4abc-83f0-1a3934816936,short,none,SUCCEEDED,1,ACKED,2026-10-01T00:08:01.361404Z,2026-10-01T00:08:01.362408Z,2026-10-01T00:08:01.392100Z,1.0,29.7
d9d50fbc-4821-41e9-b585-a29bd32e6e67,short,none,SUCCEEDED,1,ACKED,2026-10-01T00:08:01.393103Z,2026-10-01T00:08:01.393103Z,2026-10-01T00:08:01.452913Z,0.0,59.8
f1c6ead6-c79c-45eb-9c56-c72ade46630d,short,none,SUCCEEDED,1,ACKED,2026-10-01T00:08:01.423284Z,2026-10-01T00:08:01.423284Z,2026-10-01T00:08:01.468935Z,0.0,45.7
1ffd62f4-4d20-47ab-8a67-fee373dcb327,short,none,SUCCEEDED,1,ACKED,2026-10-01T00:08:01.453914Z,2026-10-01T00:08:01.453914Z,2026-10-01T00:08:01.468935Z,0.0,15.0
6840d03b-ecc0-4d38-ae50-5e43b699ec15,medium,none,SUCCEEDED,1,ACKED,2026-10-01T00:08:01.485913Z,2026-10-01T00:08:01.486427Z,2026-10-01T00:08:01.626193Z,0.5,139.8
f0b56b4b-5cb7-4763-a223-2cd5154777df,short,permanent,FAILED,1,NACKED,2026-10-01T00:08:01.516842Z,2026-10-01T00:08:01.517348Z,2026-10-01T00:08:01.563278Z,0.5,45.9
8dd51fb2-fc03-4a2c-b58c-b82d26bd6c8d,medium,none,SUCCEEDED,1,ACKED,2026-10-01T00:08:01.548945Z,2026-10-01T00:08:01.549942Z,2026-10-01T00:08:01.705029Z,1.0,155.1
a16f7912-c40a-45d6-ab87-92b924820d08,short,none,SUCCEEDED,1,ACKED,2026-10-01T00:08:01.595058Z,2026-10-01T00:08:01.595562Z,2026-10-01T00:08:01.642218Z,0.5,46.7
b6ffdfa9-5e2d-45ef-949b-cd7648ba86f8,short,none,SUCCEEDED,1,ACKED,2026-10-01T00:08:01.626699Z,2026-10-01T00:08:01.627708Z,2026-10-01T00:08:01.689326Z,1.0,61.6
e0870125-9d04-4bf4-bfbd-9a18a6633233,medium,none,SUCCEEDED,1,ACKED,2026-10-01T00:08:01.658921Z,2026-10-01T00:08:01.659927Z,2026-10-01T00:08:01.799006Z,1.0,139.1
4eb4a4db-a71a-4c68-9b36-3ed92812333e,medium,none,SUCCEEDED,1,ACKED,2026-10-01T00:08:01.689995Z,2026-10-01T00:08:01.691507Z,2026-10-01T00:08:01.891787Z,1.5,200.3
a621982a-40d2-4efe-bf07-4c4f1030c274,short,none,SUCCEEDED,1,ACKED,2026-10-01T00:08:01.721569Z,2026-10-01T00:08:01.722567Z,2026-10-01T00:08:01.767642Z,1.0,45.1
95638cdb-6c72-416f-bb74-a051e8d62684,short,none,SUCCEEDED,1,ACKED,2026-10-01T00:08:01.753140Z,2026-10-01T00:08:01.754139Z,2026-10-01T00:08:01.799006Z,1.0,44.9
0a6bf893-7b4b-448b-8667-56aba14dad09,medium,none,SUCCEEDED,1,ACKED,2026-10-01T00:08:01.783946Z,2026-10-01T00:08:01.784941Z,2026-10-01T00:08:02.048966Z,1.0,264.0
368cd9ef-5734-4f05-b49b-2593d6134238,short,none,SUCCEEDED,1,ACKED,2026-10-01T00:08:01.815538Z,2026-10-01T00:08:01.816537Z,2026-10-01T00:08:01.845694Z,1.0,29.2
c89ab0b0-8b1f-466a-960d-9a8ac8d2e5ac,medium,none,SUCCEEDED,1,ACKED,2026-10-01T00:08:01.861721Z,2026-10-01T00:08:01.862722Z,2026-10-01T00:08:02.017962Z,1.0,155.2
03e7e701-6fbe-4943-8913-3615fc9996ee,short,none,SUCCEEDED,1,ACKED,2026-10-01T00:08:01.892291Z,2026-10-01T00:08:01.893295Z,2026-10-01T00:08:01.907322Z,1.0,14.0
bb1de235-812c-4ed7-aaae-d460ee54a7c8,short,none,SUCCEEDED,1,ACKED,2026-10-01T00:08:01.924356Z,2026-10-01T00:08:01.924356Z,2026-10-01T00:08:01.954202Z,0.0,29.8
38441390-3186-40b4-a266-27fb65e51025,short,none,SUCCEEDED,1,ACKED,2026-10-01T00:08:01.955201Z,2026-10-01T00:08:01.956199Z,2026-10-01T00:08:02.001391Z,1.0,45.2
bf007459-bc83-4c7d-9fc0-22ff0c3ad750,short,none,SUCCEEDED,1,ACKED,2026-10-01T00:08:01.986797Z,2026-10-01T00:08:01.986797Z,2026-10-01T00:08:02.017962Z,0.0,31.2
ba9ba33f-d14e-46fe-a695-421b57adc108,short,none,SUCCEEDED,1,ACKED,2026-10-01T00:08:02.019112Z,2026-10-01T00:08:02.019112Z,2026-10-01T00:08:02.080064Z,0.0,61.0
1a7e66cd-4d9e-44d0-b534-0b7b5a4c463f,medium,none,SUCCEEDED,1,ACKED,2026-10-01T00:08:02.049977Z,2026-10-01T00:08:02.051013Z,2026-10-01T00:08:02.266238Z,1.0,215.2
15db9bf2-cf71-454d-9470-746406dab245,short,none,SUCCEEDED,1,ACKED,2026-10-01T00:08:02.080794Z,2026-10-01T00:08:02.081799Z,2026-10-01T00:08:02.127047Z,1.0,45.2
516dd6cd-c597-4884-8303-3ecd4e8cb14a,long,none,SUCCEEDED,1,ACKED,2026-10-01T00:08:02.127047Z,2026-10-01T00:08:02.128552Z,2026-10-01T00:08:03.998120Z,1.5,1869.6
e737764f-dcdf-4104-8a8e-7f1a1fd917cf,short,none,SUCCEEDED,1,ACKED,2026-10-01T00:08:02.157831Z,2026-10-01T00:08:02.159853Z,2026-10-01T00:08:02.219966Z,2.0,60.1
a37158fd-d951-4155-aa9a-417859f29544,short,none,SUCCEEDED,1,ACKED,2026-10-01T00:08:02.190401Z,2026-10-01T00:08:02.191399Z,2026-10-01T00:08:02.204946Z,1.0,13.5
c6310318-8b18-49fc-b116-1e6abdce3b0b,short,none,SUCCEEDED,1,ACKED,2026-10-01T00:08:02.220965Z,2026-10-01T00:08:02.221966Z,2026-10-01T00:08:02.266238Z,1.0,44.3
2d4c7e22-d4ea-4f04-a1b6-858b58baed69,long,none,SUCCEEDED,1,ACKED,2026-10-01T00:08:02.251227Z,2026-10-01T00:08:02.252226Z,2026-10-01T00:08:04.092326Z,1.0,1840.1
2a1a63ce-e180-4eff-8eea-11da7cf5bdb4,short,none,SUCCEEDED,1,ACKED,2026-10-01T00:08:02.282753Z,2026-10-01T00:08:02.283752Z,2026-10-01T00:08:02.329880Z,1.0,46.1
c1a4fa8c-933a-4583-a24c-70b36658696f,short,none,SUCCEEDED,1,ACKED,2026-10-01T00:08:02.314368Z,2026-10-01T00:08:02.315360Z,2026-10-01T00:08:02.360663Z,1.0,45.3
c0722abe-2925-45a1-a675-241eb0f56525,short,none,SUCCEEDED,1,ACKED,2026-10-01T00:08:02.361665Z,2026-10-01T00:08:02.361665Z,2026-10-01T00:08:02.391749Z,0.0,30.1
36d9041e-778d-4fbc-927b-a65e3b5589ca,short,none,SUCCEEDED,1,ACKED,2026-10-01T00:08:02.392749Z,2026-10-01T00:08:02.392749Z,2026-10-01T00:08:02.422350Z,0.0,29.6
84e28060-d8d2-4ecd-8eb7-5f71d3790ff8,long,none,SUCCEEDED,1,ACKED,2026-10-01T00:08:02.423353Z,2026-10-01T00:08:02.424350Z,2026-10-01T00:08:04.092326Z,1.0,1668.0
9cc0b600-dbd4-459a-ac84-11deb6661ce6,short,none,SUCCEEDED,1,ACKED,2026-10-01T00:08:02.454728Z,2026-10-01T00:08:02.455728Z,2026-10-01T00:08:02.485267Z,1.0,29.5
0c34392e-2152-4575-a436-5f261d01734b,short,transient,SUCCEEDED,1,NACKED,2026-10-01T00:08:02.486268Z,2026-10-01T00:08:02.487267Z,2026-10-01T00:08:02.530600Z,1.0,43.3
0c34392e-2152-4575-a436-5f261d01734b,short,transient,SUCCEEDED,2,NACKED,2026-10-01T00:08:03.201600Z,2026-10-01T00:08:03.311721Z,2026-10-01T00:08:03.343625Z,110.1,31.9
0c34392e-2152-4575-a436-5f261d01734b,short,transient,SUCCEEDED,3,ACKED,2026-10-01T00:08:04.982625Z,2026-10-01T00:08:05.056893Z,2026-10-01T00:08:05.086833Z,74.3,29.9
694edaa5-2bdd-4a0f-979c-ca203413250f,short,none,SUCCEEDED,1,ACKED,2026-10-01T00:08:02.517587Z,2026-10-01T00:08:02.518586Z,2026-10-01T00:08:02.562520Z,1.0,43.9
4cf0e267-ef98-4f13-a035-948e5c06d2cd,medium,none,SUCCEEDED,1,ACKED,2026-10-01T00:08:02.563518Z,2026-10-01T00:08:02.564520Z,2026-10-01T00:08:02.781284Z,1.0,216.8
9cb783e5-359f-4bc0-b079-3f382e78f964,short,none,SUCCEEDED,1,ACKED,2026-10-01T00:08:02.594880Z,2026-10-01T00:08:02.595886Z,2026-10-01T00:08:02.624938Z,1.0,29.1
33e7c51c-5e61-4b1d-8d77-447f6b991193,short,none,SUCCEEDED,1,ACKED,2026-10-01T00:08:02.625936Z,2026-10-01T00:08:02.626936Z,2026-10-01T00:08:02.672482Z,1.0,45.5
43613406-69b0-433b-967f-de9203239d89,short,none,SUCCEEDED,1,ACKED,2026-10-01T00:08:02.657463Z,2026-10-01T00:08:02.658462Z,2026-10-01T00:08:02.719110Z,1.0,60.6
105f7558-8514-4917-a8bc-5d5adc7632bb,short,none,SUCCEEDED,1,ACKED,2026-10-01T00:08:02.688907Z,2026-10-01T00:08:02.689916Z,2026-10-01T00:08:02.750676Z,1.0,60.8
862bccf8-66ee-43dd-b8c0-070885bc4e8b,long,none,SUCCEEDED,1,ACKED,2026-10-01T00:08:02.719110Z,2026-10-01T00:08:02.720618Z,2026-10-01T00:08:04.465674Z,1.5,1745.1
60f8e99b-7530-4a57-a667-c7402ce6ec98,short,none,SUCCEEDED,1,ACKED,2026-10-01T00:08:02.751675Z,2026-10-01T00:08:02.752675Z,2026-10-01T00:08:02.781284Z,1.0,28.6
05c0dedd-8842-440f-8e23-9179035248e9,short,transient,SUCCEEDED,1,NACKED,2026-10-01T00:08:02.782284Z,2026-10-01T00:08:02.783284Z,2026-10-01T00:08:02.812004Z,1.0,28.7
05c0dedd-8842-440f-8e23-9179035248e9,short,transient,SUCCEEDED,2,ACKED,2026-10-01T00:08:03.505004Z,2026-10-01T00:08:03.532651Z,2026-10-01T00:08:03.564202Z,27.6,31.6
51b50b53-9928-49a0-a6f1-7dfd40cc56fd,short,none,SUCCEEDED,1,ACKED,2026-10-01T00:08:02.828510Z,2026-10-01T00:08:02.828510Z,2026-10-01T00:08:02.874647Z,0.0,46.1
81907b1b-f0be-42b4-b55c-0890f268ce6f,short,none,SUCCEEDED,1,ACKED,2026-10-01T00:08:02.859544Z,2026-10-01T00:08:02.860542Z,2026-10-01T00:08:02.921304Z,1.0,60.8
c7ec5bf7-372e-4060-b6ed-0670af4662e3,medium,none,SUCCEEDED,1,ACKED,2026-10-01T00:08:02.890998Z,2026-10-01T00:08:02.890998Z,2026-10-01T00:08:03.076427Z,0.0,185.4
d4a23e94-7034-4a40-9fd4-5d9a8fef9dce,short,none,SUCCEEDED,1,ACKED,2026-10-01T00:08:02.921304Z,2026-10-01T00:08:02.922307Z,2026-10-01T00:08:02.952920Z,1.0,30.6
57f82bbb-6245-4962-bf09-ba1a8c1f2ddd,short,none,SUCCEEDED,1,ACKED,2026-10-01T00:08:02.953918Z,2026-10-01T00:08:02.953918Z,2026-10-01T00:08:02.983471Z,0.0,29.6
358861d9-2f07-448d-8fc4-d16d6c8526a7,medium,none,SUCCEEDED,1,ACKED,2026-10-01T00:08:02.984469Z,2026-10-01T00:08:02.985469Z,2026-10-01T00:08:03.138294Z,1.0,152.8
85b2e8a1-33c2-4f10-8a98-d64af787d880,short,none,SUCCEEDED,1,ACKED,2026-10-01T00:08:03.016333Z,2026-10-01T00:08:03.016333Z,2026-10-01T00:08:03.061123Z,0.0,44.8
641bf83c-5517-45db-85d3-c14e9ff7cc67,short,none,SUCCEEDED,1,ACKED,2026-10-01T00:08:03.047065Z,2026-10-01T00:08:03.062125Z,2026-10-01T00:08:03.091330Z,15.1,29.2
c908af28-fb4e-47d0-b572-e720ce340705,short,none,SUCCEEDED,1,ACKED,2026-10-01T00:08:03.092060Z,2026-10-01T00:08:03.093064Z,2026-10-01T00:08:03.122818Z,1.0,29.8
139d7a05-08e0-4294-bc0e-54eb8281b4dc,short,none,SUCCEEDED,1,ACKED,2026-10-01T00:08:03.123825Z,2026-10-01T00:08:03.123825Z,2026-10-01T00:08:03.169075Z,0.0,45.3
d6b21085-2151-450d-a645-272492099eb5,short,transient,SUCCEEDED,1,NACKED,2026-10-01T00:08:03.154538Z,2026-10-01T00:08:03.155042Z,2026-10-01T00:08:03.185606Z,0.5,30.6
d6b21085-2151-450d-a645-272492099eb5,short,transient,SUCCEEDED,2,ACKED,2026-10-01T00:08:03.941606Z,2026-10-01T00:08:03.968075Z,2026-10-01T00:08:03.998120Z,26.5,30.0
4c56040c-f7ad-4aaf-8552-28472e926a2d,short,none,SUCCEEDED,1,ACKED,2026-10-01T00:08:03.186200Z,2026-10-01T00:08:03.187207Z,2026-10-01T00:08:03.201595Z,1.0,14.4
1807e7d0-de20-4684-8805-6601e9313644,medium,none,SUCCEEDED,1,ACKED,2026-10-01T00:08:03.218119Z,2026-10-01T00:08:03.220123Z,2026-10-01T00:08:03.515820Z,2.0,295.7
322ade75-2aec-4dbd-9a7c-d01c7ff17731,medium,none,SUCCEEDED,1,ACKED,2026-10-01T00:08:03.249309Z,2026-10-01T00:08:03.250316Z,2026-10-01T00:08:03.422341Z,1.0,172.0
99a4cc02-2cc6-4856-b107-7633898d1add,short,none,SUCCEEDED,1,ACKED,2026-10-01T00:08:03.280833Z,2026-10-01T00:08:03.281836Z,2026-10-01T00:08:03.327607Z,1.0,45.8
befc92c6-4cd5-4243-bec5-71ccfd5eaad8,short,none,SUCCEEDED,1,ACKED,2026-10-01T00:08:03.327607Z,2026-10-01T00:08:03.328607Z,2026-10-01T00:08:03.359642Z,1.0,31.0
3f8bed38-a089-4c40-943c-780efdc94a72,short,transient,SUCCEEDED,1,NACKED,2026-10-01T00:08:03.360644Z,2026-10-01T00:08:03.362346Z,2026-10-01T00:08:03.390255Z,1.7,27.9
3f8bed38-a089-4c40-943c-780efdc94a72,short,transient,SUCCEEDED,2,NACKED,2026-10-01T00:08:04.022255Z,2026-10-01T00:08:04.077363Z,2026-10-01T00:08:04.107551Z,55.1,30.2
3f8bed38-a089-4c40-943c-780efdc94a72,short,transient,SUCCEEDED,3,ACKED,2026-10-01T00:08:05.349551Z,2026-10-01T00:08:05.381615Z,2026-10-01T00:08:05.410741Z,32.1,29.1
600aa3fe-91fd-426c-94f8-ced0bbcc84c8,medium,none,SUCCEEDED,1,ACKED,2026-10-01T00:08:03.391258Z,2026-10-01T00:08:03.392257Z,2026-10-01T00:08:03.641774Z,1.0,249.5
6918e63b-0893-4e31-ba4e-71a8675f4414,short,none,SUCCEEDED,1,ACKED,2026-10-01T00:08:03.423338Z,2026-10-01T00:08:03.423875Z,2026-10-01T00:08:03.453281Z,0.5,29.4
64c80b2c-355c-4dd4-a4c0-93704ca55082,short,none,SUCCEEDED,1,ACKED,2026-10-01T00:08:03.454283Z,2026-10-01T00:08:03.455283Z,2026-10-01T00:08:03.484751Z,1.0,29.5
74a91910-a4ab-4378-985c-eb55e11a76f6,short,none,SUCCEEDED,1,ACKED,2026-10-01T00:08:03.485751Z,2026-10-01T00:08:03.486255Z,2026-10-01T00:08:03.532039Z,0.5,45.8
02898374-c6df-4f71-8693-e3d8e9923830,short,transient,SUCCEEDED,1,NACKED,2026-10-01T00:08:03.516824Z,2026-10-01T00:08:03.517821Z,2026-10-01T00:08:03.579930Z,1.0,62.1
02898374-c6df-4f71-8693-e3d8e9923830,short,transient,SUCCEEDED,2,ACKED,2026-10-01T00:08:04.152930Z,2026-10-01T00:08:04.186710Z,2026-10-01T00:08:04.246797Z,33.8,60.1
4910ece5-2e20-46a2-9cf1-d8d41b2790e8,medium,none,SUCCEEDED,1,ACKED,2026-10-01T00:08:03.548676Z,2026-10-01T00:08:03.549178Z,2026-10-01T00:08:03.750539Z,0.5,201.4
401633ba-8a6f-423e-8c16-3050847e51e5,short,none,SUCCEEDED,1,ACKED,2026-10-01T00:08:03.580930Z,2026-10-01T00:08:03.582132Z,2026-10-01T00:08:03.626127Z,1.2,44.0
31d7eb98-abfe-42f4-8439-a262c7f0915a,short,none,SUCCEEDED,1,ACKED,2026-10-01T00:08:03.626127Z,2026-10-01T00:08:03.628153Z,2026-10-01T00:08:03.657517Z,2.0,29.4
ebfb636c-f7d7-496c-8aa1-0adbd29c023d,short,none,SUCCEEDED,1,ACKED,2026-10-01T00:08:03.657517Z,2026-10-01T00:08:03.658517Z,2026-10-01T00:08:03.704610Z,1.0,46.1
aabb36ec-7fae-4e48-8389-b38e15517019,medium,none,SUCCEEDED,1,ACKED,2026-10-01T00:08:03.689587Z,2026-10-01T00:08:03.690591Z,2026-10-01T00:08:03.827714Z,1.0,137.1
6117dbcc-cb3f-4202-b2bf-30ccf8538df7,short,none,SUCCEEDED,1,ACKED,2026-10-01T00:08:03.719636Z,2026-10-01T00:08:03.721141Z,2026-10-01T00:08:03.765557Z,1.5,44.4
2cb98441-d90d-4d74-9251-a6609df06e76,medium,none,SUCCEEDED,1,ACKED,2026-10-01T00:08:03.751539Z,2026-10-01T00:08:03.751539Z,2026-10-01T00:08:04.060018Z,0.0,308.5
d80fdff8-fd2c-4686-a17d-d53b140636bd,short,none,SUCCEEDED,1,ACKED,2026-10-01T00:08:03.781613Z,2026-10-01T00:08:03.782612Z,2026-10-01T00:08:03.812179Z,1.0,29.6
616f281c-9525-4630-a916-3a5677aac50a,short,none,SUCCEEDED,1,ACKED,2026-10-01T00:08:03.828713Z,2026-10-01T00:08:03.828713Z,2026-10-01T00:08:03.858025Z,0.0,29.3
163eee3c-2e47-4898-8cec-20ddd7b84726,short,none,SUCCEEDED,1,ACKED,2026-10-01T00:08:03.859029Z,2026-10-01T00:08:03.859029Z,2026-10-01T00:08:03.904916Z,0.0,45.9
cefd791e-73a9-46f1-8781-c66f65b76d49,short,none,SUCCEEDED,1,ACKED,2026-10-01T00:08:03.889886Z,2026-10-01T00:08:03.890894Z,2026-10-01T00:08:03.935457Z,1.0,44.6
cda98aa6-1d2e-4f31-a1f4-081f243906d9,medium,none,SUCCEEDED,1,ACKED,2026-10-01T00:08:03.920436Z,2026-10-01T00:08:03.921443Z,2026-10-01T00:08:04.092326Z,1.0,170.9
5d7756c2-2a45-4728-b2b9-4e53817f3705,short,none,SUCCEEDED,1,ACKED,2026-10-01T00:08:03.952962Z,2026-10-01T00:08:03.953965Z,2026-10-01T00:08:04.013655Z,1.0,59.7
75c9dd8b-a77f-406d-ad82-22b544af94ef,short,none,SUCCEEDED,1,ACKED,2026-10-01T00:08:03.982869Z,2026-10-01T00:08:03.999121Z,2026-10-01T00:08:04.029178Z,16.3,30.1
fc26ebec-aef5-4e90-8aa0-3f2af10238c4,short,transient,SUCCEEDED,1,NACKED,2026-10-01T00:08:04.014653Z,2026-10-01T00:08:04.015157Z,2026-10-01T00:08:04.060018Z,0.5,44.9
fc26ebec-aef5-4e90-8aa0-3f2af10238c4,short,transient,SUCCEEDED,2,NACKED,2026-10-01T00:08:04.891018Z,2026-10-01T00:08:04.948752Z,2026-10-01T00:08:04.994010Z,57.7,45.3
fc26ebec-aef5-4e90-8aa0-3f2af10238c4,short,transient,SUCCEEDED,3,ACKED,2026-10-01T00:08:06.486010Z,2026-10-01T00:08:06.576261Z,2026-10-01T00:08:06.623583Z,90.3,47.3
3d6d209e-a7dc-47f5-9654-9c4b5fbeb992,medium,none,SUCCEEDED,1,ACKED,2026-10-01T00:08:04.061030Z,2026-10-01T00:08:04.061569Z,2026-10-01T00:08:04.185709Z,0.5,124.1
88440efc-b8ab-4c3a-a888-67cc9317335d,medium,none,SUCCEEDED,1,ACKED,2026-10-01T00:08:04.093002Z,2026-10-01T00:08:04.094006Z,2026-10-01T00:08:04.246797Z,1.0,152.8
20870ae1-1ba3-4a3c-af32-633119953eae,medium,none,SUCCEEDED,1,ACKED,2026-10-01T00:08:04.124072Z,2026-10-01T00:08:04.125073Z,2026-10-01T00:08:04.417907Z,1.0,292.8
3b68adc4-694b-4468-bd7b-21eb3c1f4cf4,short,none,SUCCEEDED,1,ACKED,2026-10-01T00:08:04.155215Z,2026-10-01T00:08:04.156222Z,2026-10-01T00:08:04.201013Z,1.0,44.8
592ace37-8963-4425-9d23-c91305a1f2da,short,none,SUCCEEDED,1,ACKED,2026-10-01T00:08:04.186710Z,2026-10-01T00:08:04.186710Z,2026-10-01T00:08:04.216048Z,0.0,29.3
202009e4-96da-42f3-9e6f-b906074a53c4,short,none,SUCCEEDED,1,ACKED,2026-10-01T00:08:04.217048Z,2026-10-01T00:08:04.217048Z,2026-10-01T00:08:04.262305Z,0.0,45.3
d56c182a-b4c9-4033-84ac-299b166e960a,short,none,SUCCEEDED,1,ACKED,2026-10-01T00:08:04.247797Z,2026-10-01T00:08:04.247797Z,2026-10-01T00:08:04.262305Z,0.0,14.5
59d7a61c-100c-4c38-9f5a-b53985c918eb,long,none,SUCCEEDED,1,ACKED,2026-10-01T00:08:04.294880Z,2026-10-01T00:08:04.294880Z,2026-10-01T00:08:05.456899Z,0.0,1162.0
89a7d3a3-13dc-4d7a-a46f-1f2ec67b7001,short,none,SUCCEEDED,1,ACKED,2026-10-01T00:08:04.325412Z,2026-10-01T00:08:04.326415Z,2026-10-01T00:08:04.371236Z,1.0,44.8
602365e1-bf18-4eff-9411-1bcc50be5aab,short,none,SUCCEEDED,1,ACKED,2026-10-01T00:08:04.356290Z,2026-10-01T00:08:04.357290Z,2026-10-01T00:08:04.401885Z,1.0,44.6
d7f27478-22f1-48e7-a381-ed9398a63a38,short,none,SUCCEEDED,1,ACKED,2026-10-01T00:08:04.386370Z,2026-10-01T00:08:04.387372Z,2026-10-01T00:08:04.417907Z,1.0,30.5
5a4a4d06-477d-4c52-aa01-8fa375f57e2f,short,none,SUCCEEDED,1,ACKED,2026-10-01T00:08:04.418910Z,2026-10-01T00:08:04.419911Z,2026-10-01T00:08:04.481186Z,1.0,61.3
4fd6c98d-d3ae-4d52-81bd-cb3c6a33c8b4,short,none,SUCCEEDED,1,ACKED,2026-10-01T00:08:04.450652Z,2026-10-01T00:08:04.451652Z,2026-10-01T00:08:04.465674Z,1.0,14.0
c7ba6cfa-c762-494b-9727-103892f57431,short,none,SUCCEEDED,1,ACKED,2026-10-01T00:08:04.482187Z,2026-10-01T00:08:04.482187Z,2026-10-01T00:08:04.512682Z,0.0,30.5
4ac9408c-f6a4-4bab-881d-f925a5b42f21,short,none,SUCCEEDED,1,ACKED,2026-10-01T00:08:04.528100Z,2026-10-01T00:08:04.529106Z,2026-10-01T00:08:04.558045Z,1.0,28.9
bb69e530-6bfa-4c0c-8ca7-5c5e8c850b8e,short,none,SUCCEEDED,1,ACKED,2026-10-01T00:08:04.558045Z,2026-10-01T00:08:04.559551Z,2026-10-01T00:08:04.589929Z,1.5,30.4
a7145e3b-bbaf-4e89-9101-6c331525a221,medium,none,SUCCEEDED,1,ACKED,2026-10-01T00:08:04.589929Z,2026-10-01T00:08:04.591520Z,2026-10-01T00:08:04.776866Z,1.6,185.3
243b329b-4e08-4006-a7f2-efea7a33012e,short,none,SUCCEEDED,1,ACKED,2026-10-01T00:08:04.622598Z,2026-10-01T00:08:04.622598Z,2026-10-01T00:08:04.652420Z,0.0,29.8
65ba0f64-f213-49e7-909a-0ae37e48babb,short,none,SUCCEEDED,1,ACKED,2026-10-01T00:08:04.653422Z,2026-10-01T00:08:04.653422Z,2026-10-01T00:08:04.699500Z,0.0,46.1
30d7a451-85d6-45d0-b7c7-5fdf3ee4436d,short,none,SUCCEEDED,1,ACKED,2026-10-01T00:08:04.684540Z,2026-10-01T00:08:04.685544Z,2026-10-01T00:08:04.715525Z,1.0,30.0
b1519814-11d7-46c4-8f6f-20cf4eb746ea,medium,none,SUCCEEDED,1,ACKED,2026-10-01T00:08:04.716524Z,2026-10-01T00:08:04.716524Z,2026-10-01T00:08:04.902236Z,0.0,185.7
86097f3c-06c2-43c1-9611-a154d8669b49,medium,none,SUCCEEDED,1,ACKED,2026-10-01T00:08:04.762302Z,2026-10-01T00:08:04.762302Z,2026-10-01T00:08:04.932779Z,0.0,170.5
2a833b25-788a-48dd-b521-77672af10573,short,none,SUCCEEDED,1,ACKED,2026-10-01T00:08:04.793771Z,2026-10-01T00:08:04.793771Z,2026-10-01T00:08:04.823805Z,0.0,30.0
1b78a316-fd4e-4e5e-803b-9d4b17d4f7bb,short,none,SUCCEEDED,1,ACKED,2026-10-01T00:08:04.824802Z,2026-10-01T00:08:04.824802Z,2026-10-01T00:08:04.887310Z,0.0,62.5
abac4b08-8f04-4862-80eb-c2463f8e8f31,short,transient,SUCCEEDED,1,NACKED,2026-10-01T00:08:04.856474Z,2026-10-01T00:08:04.857472Z,2026-10-01T00:08:04.902236Z,1.0,44.8
abac4b08-8f04-4862-80eb-c2463f8e8f31,short,transient,SUCCEEDED,2,NACKED,2026-10-01T00:08:05.539236Z,2026-10-01T00:08:05.596081Z,2026-10-01T00:08:05.642823Z,56.8,46.7
abac4b08-8f04-4862-80eb-c2463f8e8f31,short,transient,SUCCEEDED,3,ACKED,2026-10-01T00:08:07.482823Z,2026-10-01T00:08:07.684712Z,2026-10-01T00:08:07.731434Z,201.9,46.7
81f4eab4-547e-404e-b4e0-c637390b544e,short,none,SUCCEEDED,1,ACKED,2026-10-01T00:08:04.888310Z,2026-10-01T00:08:04.889220Z,2026-10-01T00:08:04.932779Z,0.9,43.6
5a06f8f7-16ef-42b0-9e71-ed8200748a28,medium,none,SUCCEEDED,1,ACKED,2026-10-01T00:08:04.918757Z,2026-10-01T00:08:04.919758Z,2026-10-01T00:08:05.163684Z,1.0,243.9
0e0c68fe-4c8f-4918-ad3e-ed2196838d4c,short,none,SUCCEEDED,1,ACKED,2026-10-01T00:08:04.948752Z,2026-10-01T00:08:04.948752Z,2026-10-01T00:08:05.009542Z,0.0,60.8
36ef2fbd-5260-4bc6-8105-ed4d9ec04cd9,short,none,SUCCEEDED,1,ACKED,2026-10-01T00:08:04.995011Z,2026-10-01T00:08:04.996011Z,2026-10-01T00:08:05.056050Z,1.0,60.0
97ec6e8d-d6e2-4e45-80c5-0687b6c5de9f,short,none,SUCCEEDED,1,ACKED,2026-10-01T00:08:05.026566Z,2026-10-01T00:08:05.027566Z,2026-10-01T00:08:05.071262Z,1.0,43.7
290dba18-4b98-47ba-98c5-e6a1a61a0697,short,none,SUCCEEDED,1,ACKED,2026-10-01T00:08:05.056893Z,2026-10-01T00:08:05.057417Z,2026-10-01T00:08:05.117791Z,0.5,60.4
a7b9605d-9526-4733-bcb1-68d2445c6d22,short,transient,SUCCEEDED,1,NACKED,2026-10-01T00:08:05.087833Z,2026-10-01T00:08:05.088832Z,2026-10-01T00:08:05.148342Z,1.0,59.5
a7b9605d-9526-4733-bcb1-68d2445c6d22,short,transient,SUCCEEDED,2,NACKED,2026-10-01T00:08:05.761342Z,2026-10-01T00:08:05.816730Z,2026-10-01T00:08:05.878590Z,55.4,61.9
a7b9605d-9526-4733-bcb1-68d2445c6d22,short,transient,SUCCEEDED,3,ACKED,2026-10-01T00:08:07.078590Z,2026-10-01T00:08:07.123601Z,2026-10-01T00:08:07.185465Z,45.0,61.9
b8082723-2cee-43a3-b946-74352c425368,short,transient,SUCCEEDED,1,NACKED,2026-10-01T00:08:05.118789Z,2026-10-01T00:08:05.118789Z,2026-10-01T00:08:05.148342Z,0.0,29.6
b8082723-2cee-43a3-b946-74352c425368,short,transient,SUCCEEDED,2,ACKED,2026-10-01T00:08:05.960342Z,2026-10-01T00:08:06.034949Z,2026-10-01T00:08:06.065320Z,74.6,30.4
e014c3f1-be39-46d2-81e3-92570fb49ada,short,none,SUCCEEDED,1,ACKED,2026-10-01T00:08:05.149016Z,2026-10-01T00:08:05.150019Z,2026-10-01T00:08:05.210506Z,1.0,60.5
81edbc7b-096b-432a-888e-cb2a9fd72039,short,none,SUCCEEDED,1,ACKED,2026-10-01T00:08:05.179751Z,2026-10-01T00:08:05.181257Z,2026-10-01T00:08:05.225527Z,1.5,44.3
73689b9e-9019-4477-bbf8-3b05fe293c98,short,none,SUCCEEDED,1,ACKED,2026-10-01T00:08:05.226525Z,2026-10-01T00:08:05.227027Z,2026-10-01T00:08:05.287052Z,0.5,60.0
731f14ab-0c10-4ea7-bfcf-d604b2149f74,short,none,SUCCEEDED,1,ACKED,2026-10-01T00:08:05.256527Z,2026-10-01T00:08:05.256527Z,2026-10-01T00:08:05.318192Z,0.0,61.7
4a18cc0d-a5b0-49cc-acb3-abf392a3f9d4,short,none,SUCCEEDED,1,ACKED,2026-10-01T00:08:05.288054Z,2026-10-01T00:08:05.288054Z,2026-10-01T00:08:05.318192Z,0.0,30.1
f3096209-05ef-4c7d-865d-196e4318ce5f,short,transient,SUCCEEDED,1,NACKED,2026-10-01T00:08:05.319194Z,2026-10-01T00:08:05.320196Z,2026-10-01T00:08:05.364785Z,1.0,44.6
f3096209-05ef-4c7d-865d-196e4318ce5f,short,transient,SUCCEEDED,2,NACKED,2026-10-01T00:08:05.933785Z,2026-10-01T00:08:06.034949Z,2026-10-01T00:08:06.080852Z,101.2,45.9
f3096209-05ef-4c7d-865d-196e4318ce5f,short,transient,SUCCEEDED,3,ACKED,2026-10-01T00:08:07.286852Z,2026-10-01T00:08:07.340902Z,2026-10-01T00:08:07.386467Z,54.1,45.6
1a5bc690-315e-4156-8567-36abbb427334,short,none,SUCCEEDED,1,ACKED,2026-10-01T00:08:05.349766Z,2026-10-01T00:08:05.349766Z,2026-10-01T00:08:05.410741Z,0.0,61.0
046a01c7-0467-4eba-9bc3-667654aad96b,short,none,SUCCEEDED,1,ACKED,2026-10-01T00:08:05.381615Z,2026-10-01T00:08:05.382614Z,2026-10-01T00:08:05.410741Z,1.0,28.1
96e396c3-4aac-4701-986b-cb85b62c3528,short,none,SUCCEEDED,1,ACKED,2026-10-01T00:08:05.427262Z,2026-10-01T00:08:05.428263Z,2026-10-01T00:08:05.472411Z,1.0,44.1
41008cb7-32cd-4612-86f7-c6b417905698,short,transient,SUCCEEDED,1,NACKED,2026-10-01T00:08:05.457897Z,2026-10-01T00:08:05.457897Z,2026-10-01T00:08:05.503326Z,0.0,45.4
41008cb7-32cd-4612-86f7-c6b417905698,short,transient,SUCCEEDED,2,ACKED,2026-10-01T00:08:06.155326Z,2026-10-01T00:08:06.252799Z,2026-10-01T00:08:06.298382Z,97.5,45.6
3d2f180a-4c4a-4cef-b011-d27b62d1ff55,long,none,SUCCEEDED,1,ACKED,2026-10-01T00:08:05.489459Z,2026-10-01T00:08:05.489793Z,2026-10-01T00:08:06.827226Z,0.3,1337.4
cc69efcb-f4a4-4828-bbb2-f252704c4e2b,short,none,SUCCEEDED,1,ACKED,2026-10-01T00:08:05.519353Z,2026-10-01T00:08:05.520352Z,2026-10-01T00:08:05.549113Z,1.0,28.8
6fdf6613-a88b-4cad-b529-98a15d9b5ed9,short,none,SUCCEEDED,1,ACKED,2026-10-01T00:08:05.549716Z,2026-10-01T00:08:05.550719Z,2026-10-01T00:08:05.611285Z,1.0,60.6
af49927e-f29a-49fa-b4b6-1565086dc13a,medium,none,SUCCEEDED,1,ACKED,2026-10-01T00:08:05.581825Z,2026-10-01T00:08:05.581825Z,2026-10-01T00:08:05.736359Z,0.0,154.5
f5efc903-d912-4d29-90e4-744372057c73,medium,none,SUCCEEDED,1,ACKED,2026-10-01T00:08:05.627808Z,2026-10-01T00:08:05.628807Z,2026-10-01T00:08:05.752232Z,1.0,123.4
e9f2a56c-8f00-4e00-a4f5-8c7fa5132b69,long,none,SUCCEEDED,1,ACKED,2026-10-01T00:08:05.658997Z,2026-10-01T00:08:05.659997Z,2026-10-01T00:08:07.480113Z,1.0,1820.1
42280a3f-96ec-4b77-a629-5517b2f45ec2,short,none,SUCCEEDED,1,ACKED,2026-10-01T00:08:05.690118Z,2026-10-01T00:08:05.691636Z,2026-10-01T00:08:05.752232Z,1.5,60.6
739491ae-0f0f-4827-afa2-4fff8eb52a42,short,none,SUCCEEDED,1,ACKED,2026-10-01T00:08:05.721824Z,2026-10-01T00:08:05.722824Z,2026-10-01T00:08:05.768262Z,1.0,45.4
a71210dc-5ebd-4c8d-88ab-a85038f1f2a0,short,none,SUCCEEDED,1,ACKED,2026-10-01T00:08:05.753232Z,2026-10-01T00:08:05.754231Z,2026-10-01T00:08:05.784381Z,1.0,30.2
554e1adb-8135-424c-9604-6166eb1a4c8d,medium,none,SUCCEEDED,1,ACKED,2026-10-01T00:08:05.784381Z,2026-10-01T00:08:05.786050Z,2026-10-01T00:08:05.972003Z,1.7,186.0
b12edce3-abef-4527-8dfc-050dc857e0a9,medium,none,SUCCEEDED,1,ACKED,2026-10-01T00:08:05.816730Z,2026-10-01T00:08:05.817729Z,2026-10-01T00:08:06.111816Z,1.0,294.1
5d47748c-1271-400f-b23f-47d5e935fed6,medium,none,SUCCEEDED,1,ACKED,2026-10-01T00:08:05.848561Z,2026-10-01T00:08:05.848561Z,2026-10-01T00:08:05.972003Z,0.0,123.4
8e9ab61b-a776-4d72-80c1-6e7b2a117302,short,none,SUCCEEDED,1,ACKED,2026-10-01T00:08:05.894524Z,2026-10-01T00:08:05.895524Z,2026-10-01T00:08:05.956226Z,1.0,60.7
8d3e79c3-9098-44c8-9dc4-e7d228fc3abd,short,none,SUCCEEDED,1,ACKED,2026-10-01T00:08:05.926083Z,2026-10-01T00:08:05.927083Z,2026-10-01T00:08:05.972003Z,1.0,44.9
99cc2f2c-c750-49fb-a56e-ab9569970fd1,short,none,SUCCEEDED,1,ACKED,2026-10-01T00:08:05.956558Z,2026-10-01T00:08:05.958480Z,2026-10-01T00:08:05.986975Z,1.9,28.5
c69128d1-9ae1-4757-9387-d3ee58d639d2,medium,transient,SUCCEEDED,1,NACKED,2026-10-01T00:08:05.987979Z,2026-10-01T00:08:05.988482Z,2026-10-01T00:08:06.142702Z,0.5,154.2
c69128d1-9ae1-4757-9387-d3ee58d639d2,medium,transient,SUCCEEDED,2,NACKED,2026-10-01T00:08:06.731702Z,2026-10-01T00:08:06.812704Z,2026-10-01T00:08:06.966978Z,81.0,154.3
c69128d1-9ae1-4757-9387-d3ee58d639d2,medium,transient,SUCCEEDED,3,ACKED,2026-10-01T00:08:08.837978Z,2026-10-01T00:08:08.868583Z,2026-10-01T00:08:09.023564Z,30.6,155.0
6e5d75d6-7a00-4cd5-80a3-b74ac841e716,short,transient,SUCCEEDED,1,NACKED,2026-10-01T00:08:06.018885Z,2026-10-01T00:08:06.019915Z,2026-10-01T00:08:06.065320Z,1.0,45.4
6e5d75d6-7a00-4cd5-80a3-b74ac841e716,short,transient,SUCCEEDED,2,ACKED,2026-10-01T00:08:06.703320Z,2026-10-01T00:08:06.797181Z,2026-10-01T00:08:06.842868Z,93.9,45.7
599d4e2f-0d75-4828-a0a7-bfbc5f2a3914,short,none,SUCCEEDED,1,ACKED,2026-10-01T00:08:06.050700Z,2026-10-01T00:08:06.052291Z,2026-10-01T00:08:06.080852Z,1.6,28.6
280bbf35-ed33-48ba-9abd-303a137701e4,short,none,SUCCEEDED,1,ACKED,2026-10-01T00:08:06.081645Z,2026-10-01T00:08:06.082156Z,2026-10-01T00:08:06.111816Z,0.5,29.7
7985f8a4-2c91-4162-b029-430489119c4c,long,none,SUCCEEDED,1,ACKED,2026-10-01T00:08:06.128340Z,2026-10-01T00:08:06.129338Z,2026-10-01T00:08:08.075421Z,1.0,1946.1
25bf408d-6e0c-43c8-a034-194de96e9e42,short,none,SUCCEEDED,1,ACKED,2026-10-01T00:08:06.159627Z,2026-10-01T00:08:06.160634Z,2026-10-01T00:08:06.189448Z,1.0,28.8
8f1ff090-ae8c-42b4-ad7f-9534558ca8b2,medium,none,SUCCEEDED,1,ACKED,2026-10-01T00:08:06.190446Z,2026-10-01T00:08:06.191188Z,2026-10-01T00:08:06.451231Z,0.7,260.0
f28f1785-9130-49d5-8a44-abe6393ce5e5,medium,none,SUCCEEDED,1,ACKED,2026-10-01T00:08:06.221738Z,2026-10-01T00:08:06.222740Z,2026-10-01T00:08:06.514392Z,1.0,291.7
a04e4e1d-92a2-498f-aaa6-e4b39cb6dd93,short,none,SUCCEEDED,1,ACKED,2026-10-01T00:08:06.252276Z,2026-10-01T00:08:06.253322Z,2026-10-01T00:08:06.298382Z,1.0,45.1
6e7ac027-3fa7-454c-8d28-3e185b82758d,short,transient,SUCCEEDED,1,NACKED,2026-10-01T00:08:06.283603Z,2026-10-01T00:08:06.284604Z,2026-10-01T00:08:06.329939Z,1.0,45.3
6e7ac027-3fa7-454c-8d28-3e185b82758d,short,transient,SUCCEEDED,2,ACKED,2026-10-01T00:08:06.904939Z,2026-10-01T00:08:06.906396Z,2026-10-01T00:08:06.951804Z,1.5,45.4
9b35a425-713a-444b-9686-0e3ecfbad6b8,short,none,SUCCEEDED,1,ACKED,2026-10-01T00:08:06.314919Z,2026-10-01T00:08:06.315918Z,2026-10-01T00:08:06.360078Z,1.0,44.2
edea0530-62d6-4a2f-aa58-f57221a431f7,short,none,SUCCEEDED,1,ACKED,2026-10-01T00:08:06.360702Z,2026-10-01T00:08:06.361707Z,2026-10-01T00:08:06.374862Z,1.0,13.2
c4941837-3fd8-4aa5-a344-d17c1ffbc3e4,medium,permanent,FAILED,1,NACKED,2026-10-01T00:08:06.390942Z,2026-10-01T00:08:06.391942Z,2026-10-01T00:08:06.591843Z,1.0,199.9
65d527ad-e8d9-4791-9e41-8ab278a84ff2,medium,none,SUCCEEDED,1,ACKED,2026-10-01T00:08:06.420856Z,2026-10-01T00:08:06.421855Z,2026-10-01T00:08:06.575258Z,1.0,153.4
47b167fd-e4bf-4a74-b519-6abfbe82986e,short,none,SUCCEEDED,1,ACKED,2026-10-01T00:08:06.452230Z,2026-10-01T00:08:06.452230Z,2026-10-01T00:08:06.482768Z,0.0,30.5
83200801-01af-487a-9e0a-b01508036aa1,short,none,SUCCEEDED,1,ACKED,2026-10-01T00:08:06.482768Z,2026-10-01T00:08:06.484273Z,2026-10-01T00:08:06.529934Z,1.5,45.7
a7801dc4-7667-4482-bfa2-8532d88e6587,short,none,SUCCEEDED,1,ACKED,2026-10-01T00:08:06.514897Z,2026-10-01T00:08:06.515905Z,2026-10-01T00:08:06.575258Z,1.0,59.4
7559637a-0642-490d-b930-e42499d4bedb,short,none,SUCCEEDED,1,ACKED,2026-10-01T00:08:06.560726Z,2026-10-01T00:08:06.560726Z,2026-10-01T00:08:06.591843Z,0.0,31.1
2e029e3a-83b6-45d1-acec-443aee8486cc,short,none,SUCCEEDED,1,ACKED,2026-10-01T00:08:06.591843Z,2026-10-01T00:08:06.593452Z,2026-10-01T00:08:06.623583Z,1.6,30.1
9daea0d8-e178-4224-a294-8037afb34547,short,none,SUCCEEDED,1,ACKED,2026-10-01T00:08:06.623583Z,2026-10-01T00:08:06.625090Z,2026-10-01T00:08:06.639617Z,1.5,14.5
bc8b18d6-c55f-4b4b-8df3-dc23f0addeeb,short,permanent,FAILED,1,NACKED,2026-10-01T00:08:06.656126Z,2026-10-01T00:08:06.656632Z,2026-10-01T00:08:06.717749Z,0.5,61.1
cbbf4e7d-f2c7-4ab3-81df-9e8db94e8298,medium,transient,SUCCEEDED,1,NACKED,2026-10-01T00:08:06.688269Z,2026-10-01T00:08:06.688269Z,2026-10-01T00:08:06.827226Z,0.0,139.0
cbbf4e7d-f2c7-4ab3-81df-9e8db94e8298,medium,transient,SUCCEEDED,2,ACKED,2026-10-01T00:08:07.335226Z,2026-10-01T00:08:07.340902Z,2026-10-01T00:08:07.480113Z,5.7,139.2
522cd6dc-e14b-4034-aa01-2bcfc8a90852,medium,none,SUCCEEDED,1,ACKED,2026-10-01T00:08:06.718749Z,2026-10-01T00:08:06.720255Z,2026-10-01T00:08:06.920936Z,1.5,200.7
2ed1da95-81db-4205-91f4-59af14e9b78a,medium,none,SUCCEEDED,1,ACKED,2026-10-01T00:08:06.749688Z,2026-10-01T00:08:06.751201Z,2026-10-01T00:08:06.951804Z,1.5,200.6
d7097bdb-6af9-4527-8d04-dafc87798410,short,none,SUCCEEDED,1,ACKED,2026-10-01T00:08:06.781307Z,2026-10-01T00:08:06.782323Z,2026-10-01T00:08:06.811700Z,1.0,29.4
a569e38c-f851-444d-83c4-28a2216646a6,short,none,SUCCEEDED,1,ACKED,2026-10-01T00:08:06.828225Z,2026-10-01T00:08:06.828225Z,2026-10-01T00:08:06.858883Z,0.0,30.7
5328c611-97bd-4641-b4c3-f3c229a3c221,short,none,SUCCEEDED,1,ACKED,2026-10-01T00:08:06.859885Z,2026-10-01T00:08:06.860884Z,2026-10-01T00:08:06.890083Z,1.0,29.2
f5a2230f-62ce-41ba-8f2b-3ee5dfc0d52d,medium,transient,SUCCEEDED,1,NACKED,2026-10-01T00:08:06.891368Z,2026-10-01T00:08:06.891880Z,2026-10-01T00:08:07.107362Z,0.5,215.5
f5a2230f-62ce-41ba-8f2b-3ee5dfc0d52d,medium,transient,SUCCEEDED,2,ACKED,2026-10-01T00:08:07.800362Z,2026-10-01T00:08:07.983479Z,2026-10-01T00:08:08.200206Z,183.1,216.7
5b126549-06e8-4d5b-9556-649ec8b14839,long,none,SUCCEEDED,1,ACKED,2026-10-01T00:08:06.921933Z,2026-10-01T00:08:06.922934Z,2026-10-01T00:08:07.997615Z,1.0,1074.7
2165e335-86cf-43b5-a1ed-46ef078f1f73,short,none,SUCCEEDED,1,ACKED,2026-10-01T00:08:06.952460Z,2026-10-01T00:08:06.953465Z,2026-10-01T00:08:06.982019Z,1.0,28.6
a9091244-4ba1-4522-8f1a-2fb4a85b4dee,short,none,SUCCEEDED,1,ACKED,2026-10-01T00:08:06.983019Z,2026-10-01T00:08:06.984082Z,2026-10-01T00:08:07.013271Z,1.1,29.2
5e4506d5-5247-44b5-87f3-8d9ea48c9e48,short,none,SUCCEEDED,1,ACKED,2026-10-01T00:08:07.014270Z,2026-10-01T00:08:07.015269Z,2026-10-01T00:08:07.044846Z,1.0,29.6
1fcf6ac6-df71-4fc7-831e-b80083b72069,short,none,SUCCEEDED,1,ACKED,2026-10-01T00:08:07.060745Z,2026-10-01T00:08:07.061742Z,2026-10-01T00:08:07.091832Z,1.0,30.1
b1ef7896-0f8d-47b3-837b-00b6686f3e1e,long,none,SUCCEEDED,1,ACKED,2026-10-01T00:08:07.092336Z,2026-10-01T00:08:07.093342Z,2026-10-01T00:08:08.557273Z,1.0,1463.9
24be49ae-28cd-4167-a2fd-616e68346483,short,none,SUCCEEDED,1,ACKED,2026-10-01T00:08:07.123601Z,2026-10-01T00:08:07.123601Z,2026-10-01T00:08:07.153347Z,0.0,29.7
74c49a85-2e87-477b-8a63-f9b9d455ccd2,short,none,SUCCEEDED,1,ACKED,2026-10-01T00:08:07.153347Z,2026-10-01T00:08:07.154346Z,2026-10-01T00:08:07.200924Z,1.0,46.6
cf9911e8-57a6-4ada-b3df-bc90f6e49a01,short,none,SUCCEEDED,1,ACKED,2026-10-01T00:08:07.186104Z,2026-10-01T00:08:07.187111Z,2026-10-01T00:08:07.215941Z,1.0,28.8
457ea7e9-0987-4e4b-8966-462883112e69,short,none,SUCCEEDED,1,ACKED,2026-10-01T00:08:07.216943Z,2026-10-01T00:08:07.217945Z,2026-10-01T00:08:07.262133Z,1.0,44.2
5d38199d-b010-462b-8643-58b19de7c985,short,none,SUCCEEDED,1,ACKED,2026-10-01T00:08:07.247620Z,2026-10-01T00:08:07.248618Z,2026-10-01T00:08:07.309197Z,1.0,60.6
eb131f60-7748-46d9-895d-1643362777d7,medium,none,SUCCEEDED,1,ACKED,2026-10-01T00:08:07.294177Z,2026-10-01T00:08:07.294682Z,2026-10-01T00:08:07.558050Z,0.5,263.4
e925e061-2896-4120-8c62-282415cf5c4c,long,none,SUCCEEDED,1,ACKED,2026-10-01T00:08:07.325218Z,2026-10-01T00:08:07.325723Z,2026-10-01T00:08:08.387083Z,0.5,1061.4
3e82f544-56a7-4a2d-93a2-a31553e86fac,short,none,SUCCEEDED,1,ACKED,2026-10-01T00:08:07.355331Z,2026-10-01T00:08:07.387463Z,2026-10-01T00:08:07.433015Z,32.1,45.6
b6891953-71e2-4b39-8093-d29b1485a83c,medium,none,SUCCEEDED,1,ACKED,2026-10-01T00:08:07.386467Z,2026-10-01T00:08:07.434017Z,2026-10-01T00:08:07.684091Z,47.6,250.1
cdf138b7-b16e-4229-a774-041c39fb2625,medium,none,SUCCEEDED,1,ACKED,2026-10-01T00:08:07.418474Z,2026-10-01T00:08:07.481113Z,2026-10-01T00:08:07.747479Z,62.6,266.4
2e70ee5b-8c3c-4765-aa3c-12c8003802bf,short,none,SUCCEEDED,1,ACKED,2026-10-01T00:08:07.449579Z,2026-10-01T00:08:07.481113Z,2026-10-01T00:08:07.527237Z,31.5,46.1
31189d63-ca5e-4715-8b9e-59e5107fb3d3,medium,none,SUCCEEDED,1,ACKED,2026-10-01T00:08:07.481113Z,2026-10-01T00:08:07.527884Z,2026-10-01T00:08:07.715412Z,46.8,187.5
8f4e6b2f-c0ad-498d-a5c0-58a22ed014d5,long,none,SUCCEEDED,1,ACKED,2026-10-01T00:08:07.527884Z,2026-10-01T00:08:07.559050Z,2026-10-01T00:08:09.427302Z,31.2,1868.3
9b8e1d15-8fe9-4126-9bd1-b4190d9f79ca,short,none,SUCCEEDED,1,ACKED,2026-10-01T00:08:07.559050Z,2026-10-01T00:08:07.716413Z,2026-10-01T00:08:07.747479Z,157.4,31.1
4283674c-7356-44c1-af82-67bc9c8c5e77,short,none,SUCCEEDED,1,ACKED,2026-10-01T00:08:07.589893Z,2026-10-01T00:08:07.732435Z,2026-10-01T00:08:07.778140Z,142.5,45.7
caca6967-4404-4807-8ea7-1aa861537d55,medium,none,SUCCEEDED,1,ACKED,2026-10-01T00:08:07.622464Z,2026-10-01T00:08:07.748098Z,2026-10-01T00:08:07.856395Z,125.6,108.3
d4df1fc6-c5af-4d6c-b9dd-1f9f7043d660,medium,none,SUCCEEDED,1,ACKED,2026-10-01T00:08:07.654279Z,2026-10-01T00:08:07.748098Z,2026-10-01T00:08:07.982472Z,93.8,234.4
6314e9f0-3ad1-493f-83c1-4427cfb8a617,medium,none,SUCCEEDED,1,ACKED,2026-10-01T00:08:07.684712Z,2026-10-01T00:08:07.778140Z,2026-10-01T00:08:07.919306Z,93.4,141.2
a5d14acb-a13f-43eb-8ecf-41d469e7e685,short,none,SUCCEEDED,1,ACKED,2026-10-01T00:08:07.715412Z,2026-10-01T00:08:07.857400Z,2026-10-01T00:08:07.903280Z,142.0,45.9
f6f203a8-b30b-4b42-ba02-bb9593184b40,short,none,SUCCEEDED,1,ACKED,2026-10-01T00:08:07.748098Z,2026-10-01T00:08:07.904281Z,2026-10-01T00:08:07.966882Z,156.2,62.6
5dd051c9-9d65-474b-8008-872fe212902c,short,none,SUCCEEDED,1,ACKED,2026-10-01T00:08:07.795208Z,2026-10-01T00:08:07.920305Z,2026-10-01T00:08:07.966882Z,125.1,46.6
57086539-d2ca-4a47-bc00-23ab9dfab653,short,none,SUCCEEDED,1,ACKED,2026-10-01T00:08:07.826776Z,2026-10-01T00:08:07.967891Z,2026-10-01T00:08:07.997615Z,141.1,29.7
ea5ba512-337c-477a-91c7-ba7741315d74,short,none,SUCCEEDED,1,ACKED,2026-10-01T00:08:07.856395Z,2026-10-01T00:08:07.967891Z,2026-10-01T00:08:08.012742Z,111.5,44.9
8964712e-0e58-4630-bdf0-ca0d608d9213,long,none,SUCCEEDED,1,ACKED,2026-10-01T00:08:07.888448Z,2026-10-01T00:08:07.999118Z,2026-10-01T00:08:09.223174Z,110.7,1224.1
f6d694e3-6a01-4d93-95c6-d747a717de6e,medium,none,SUCCEEDED,1,ACKED,2026-10-01T00:08:07.920305Z,2026-10-01T00:08:07.997615Z,2026-10-01T00:08:08.169842Z,77.3,172.2
003a33e3-c7d5-4d15-be45-8c4839a06f46,short,none,SUCCEEDED,1,ACKED,2026-10-01T00:08:07.951871Z,2026-10-01T00:08:08.013388Z,2026-10-01T00:08:08.059379Z,61.5,46.0
08e45939-a876-4439-b66d-9f7979e669cd,medium,none,SUCCEEDED,1,ACKED,2026-10-01T00:08:07.983479Z,2026-10-01T00:08:08.060817Z,2026-10-01T00:08:08.324495Z,77.3,263.7
0a947ffa-aca6-48d1-bbca-54794233bcd1,long,none,SUCCEEDED,1,ACKED,2026-10-01T00:08:08.028965Z,2026-10-01T00:08:08.076426Z,2026-10-01T00:08:09.992664Z,47.5,1916.2
ec56f52d-c947-4e70-8afa-fabb558daa08,short,none,SUCCEEDED,1,ACKED,2026-10-01T00:08:08.060294Z,2026-10-01T00:08:08.170841Z,2026-10-01T00:08:08.215450Z,110.5,44.6
9d56120e-3caf-479d-bdef-ea47d9538da0,medium,none,SUCCEEDED,1,ACKED,2026-10-01T00:08:08.091579Z,2026-10-01T00:08:08.201712Z,2026-10-01T00:08:08.449621Z,110.1,247.9
cfdae00b-898d-45c2-af0f-0c3d2eca8296,short,transient,DEAD_LETTER,1,NACKED,2026-10-01T00:08:08.123660Z,2026-10-01T00:08:08.216558Z,2026-10-01T00:08:08.261788Z,92.9,45.2
cfdae00b-898d-45c2-af0f-0c3d2eca8296,short,transient,DEAD_LETTER,2,NACKED,2026-10-01T00:08:08.990788Z,2026-10-01T00:08:09.086543Z,2026-10-01T00:08:09.131803Z,95.8,45.3
cfdae00b-898d-45c2-af0f-0c3d2eca8296,short,transient,DEAD_LETTER,3,NACKED,2026-10-01T00:08:10.744803Z,2026-10-01T00:08:10.840390Z,2026-10-01T00:08:10.886780Z,95.6,46.4
93b6e7e3-c654-4f1f-8ebb-91ca45ad369c,short,none,SUCCEEDED,1,ACKED,2026-10-01T00:08:08.155330Z,2026-10-01T00:08:08.262791Z,2026-10-01T00:08:08.292703Z,107.5,29.9
7b6525bf-2c5b-4946-802b-45d98a1e08b0,short,none,SUCCEEDED,1,ACKED,2026-10-01T00:08:08.186402Z,2026-10-01T00:08:08.293865Z,2026-10-01T00:08:08.324495Z,107.5,30.6
57add4c0-6377-44e7-b965-b00feadd3c29,short,transient,DEAD_LETTER,1,NACKED,2026-10-01T00:08:08.216558Z,2026-10-01T00:08:08.325494Z,2026-10-01T00:08:08.355895Z,108.9,30.4
57add4c0-6377-44e7-b965-b00feadd3c29,short,transient,DEAD_LETTER,2,NACKED,2026-10-01T00:08:09.279895Z,2026-10-01T00:08:09.301924Z,2026-10-01T00:08:09.348012Z,22.0,46.1
57add4c0-6377-44e7-b965-b00feadd3c29,short,transient,DEAD_LETTER,3,NACKED,2026-10-01T00:08:11.333012Z,2026-10-01T00:08:11.386884Z,2026-10-01T00:08:11.431759Z,53.9,44.9
2e6274d1-626a-48ad-96f4-5019167bb130,short,none,SUCCEEDED,1,ACKED,2026-10-01T00:08:08.262791Z,2026-10-01T00:08:08.325494Z,2026-10-01T00:08:08.355895Z,62.7,30.4
e988f36b-af9a-4645-9d11-6dce134510b6,short,none,SUCCEEDED,1,ACKED,2026-10-01T00:08:08.292703Z,2026-10-01T00:08:08.356898Z,2026-10-01T00:08:08.402748Z,64.2,45.9
42dadbc2-0531-497a-a1c3-068c7820a054,short,none,SUCCEEDED,1,ACKED,2026-10-01T00:08:08.325494Z,2026-10-01T00:08:08.356898Z,2026-10-01T00:08:08.371909Z,31.4,15.0
4369009a-a276-48eb-aa7e-4c950665b749,short,none,SUCCEEDED,1,ACKED,2026-10-01T00:08:08.356898Z,2026-10-01T00:08:08.372914Z,2026-10-01T00:08:08.418372Z,16.0,45.5
3e6e59bc-87cc-4083-9562-30b6dd15a93a,short,none,SUCCEEDED,1,ACKED,2026-10-01T00:08:08.388086Z,2026-10-01T00:08:08.388086Z,2026-10-01T00:08:08.418372Z,0.0,30.3
6c401d18-3cf1-43ea-8bab-8b8cde727805,short,none,SUCCEEDED,1,ACKED,2026-10-01T00:08:08.419371Z,2026-10-01T00:08:08.419877Z,2026-10-01T00:08:08.464646Z,0.5,44.8
87860ad2-fae6-4728-ace8-d5fa6e9901fd,short,none,SUCCEEDED,1,ACKED,2026-10-01T00:08:08.450622Z,2026-10-01T00:08:08.450622Z,2026-10-01T00:08:08.495774Z,0.0,45.2
d385d8dd-9bc8-42a9-be84-97acdc767a62,short,none,SUCCEEDED,1,ACKED,2026-10-01T00:08:08.481665Z,2026-10-01T00:08:08.482665Z,2026-10-01T00:08:08.526850Z,1.0,44.2
673eef10-5968-4e74-b595-13e1afd53e50,short,transient,SUCCEEDED,1,NACKED,2026-10-01T00:08:08.527534Z,2026-10-01T00:08:08.529052Z,2026-10-01T00:08:08.588532Z,1.5,59.5
673eef10-5968-4e74-b595-13e1afd53e50,short,transient,SUCCEEDED,2,ACKED,2026-10-01T00:08:09.321532Z,2026-10-01T00:08:09.413267Z,2026-10-01T00:08:09.473708Z,91.7,60.4
af862dc8-87d4-4dd7-aaf8-dd9be3b900fe,medium,none,SUCCEEDED,1,ACKED,2026-10-01T00:08:08.558271Z,2026-10-01T00:08:08.558271Z,2026-10-01T00:08:08.790606Z,0.0,232.3
481c2eda-7e59-4ce9-818c-05427da1cca4,short,none,SUCCEEDED,1,ACKED,2026-10-01T00:08:08.589529Z,2026-10-01T00:08:08.589529Z,2026-10-01T00:08:08.634167Z,0.0,44.6
03bf26ce-f105-40f5-8da4-f413d2bf5c1e,short,transient,SUCCEEDED,1,NACKED,2026-10-01T00:08:08.618924Z,2026-10-01T00:08:08.621147Z,2026-10-01T00:08:08.649408Z,2.2,28.3
03bf26ce-f105-40f5-8da4-f413d2bf5c1e,short,transient,SUCCEEDED,2,ACKED,2026-10-01T00:08:09.375408Z,2026-10-01T00:08:09.413267Z,2026-10-01T00:08:09.442529Z,37.9,29.3
784d9d9d-a05b-4f76-845d-3a42f2ce4418,short,transient,SUCCEEDED,1,NACKED,2026-10-01T00:08:08.650413Z,2026-10-01T00:08:08.651412Z,2026-10-01T00:08:08.680503Z,1.0,29.1
784d9d9d-a05b-4f76-845d-3a42f2ce4418,short,transient,SUCCEEDED,2,ACKED,2026-10-01T00:08:09.516503Z,2026-10-01T00:08:09.522836Z,2026-10-01T00:08:09.553874Z,6.3,31.0
31b69d7e-b236-4f1b-be0b-0990269cfd60,medium,none,SUCCEEDED,1,ACKED,2026-10-01T00:08:08.681135Z,2026-10-01T00:08:08.681647Z,2026-10-01T00:08:08.837323Z,0.5,155.7
07a18232-0ff1-4823-ae55-e59b9544bee7,medium,none,SUCCEEDED,1,ACKED,2026-10-01T00:08:08.728587Z,2026-10-01T00:08:08.729110Z,2026-10-01T00:08:08.852841Z,0.5,123.7
633e452f-98bd-46ec-acb2-92f36b1f084b,short,none,SUCCEEDED,1,ACKED,2026-10-01T00:08:08.759366Z,2026-10-01T00:08:08.760371Z,2026-10-01T00:08:08.806232Z,1.0,45.9
79cbd0b6-a8d2-43a4-889b-7f676fd39943,short,none,SUCCEEDED,1,ACKED,2026-10-01T00:08:08.791110Z,2026-10-01T00:08:08.792118Z,2026-10-01T00:08:08.821829Z,1.0,29.7
2f76ec19-7361-4ca8-b9c8-8dee911ffbae,short,none,SUCCEEDED,1,ACKED,2026-10-01T00:08:08.822831Z,2026-10-01T00:08:08.822831Z,2026-10-01T00:08:08.867872Z,0.0,45.0
0e6fb2eb-e687-4c4b-9dc8-87f591c34d97,medium,transient,SUCCEEDED,1,NACKED,2026-10-01T00:08:08.853844Z,2026-10-01T00:08:08.854844Z,2026-10-01T00:08:09.100944Z,1.0,246.1
0e6fb2eb-e687-4c4b-9dc8-87f591c34d97,medium,transient,SUCCEEDED,2,NACKED,2026-10-01T00:08:09.740944Z,2026-10-01T00:08:09.851620Z,2026-10-01T00:08:10.086663Z,110.7,235.0
0e6fb2eb-e687-4c4b-9dc8-87f591c34d97,medium,transient,SUCCEEDED,3,ACKED,2026-10-01T00:08:11.913663Z,2026-10-01T00:08:11.935616Z,2026-10-01T00:08:12.168286Z,22.0,232.7
4f9194cd-5b22-4e87-9e26-afcb821c9a0f,short,none,SUCCEEDED,1,ACKED,2026-10-01T00:08:08.884207Z,2026-10-01T00:08:08.885208Z,2026-10-01T00:08:08.929916Z,1.0,44.7
a434c377-0dfa-4491-9b13-7dbd8597affb,medium,permanent,FAILED,1,NACKED,2026-10-01T00:08:08.914895Z,2026-10-01T00:08:08.914895Z,2026-10-01T00:08:09.085545Z,0.0,170.7
14609672-634e-42d2-8237-79f6b4f855d3,medium,none,SUCCEEDED,1,ACKED,2026-10-01T00:08:08.961942Z,2026-10-01T00:08:08.962447Z,2026-10-01T00:08:09.193340Z,0.5,230.9
b5cc6190-8b9a-4ae3-9c05-4e26e2285c6b,short,none,SUCCEEDED,1,ACKED,2026-10-01T00:08:08.993448Z,2026-10-01T00:08:08.994458Z,2026-10-01T00:08:09.023564Z,1.0,29.1
363fd7c0-7d74-43b5-b719-470250062b20,short,none,SUCCEEDED,1,ACKED,2026-10-01T00:08:09.024568Z,2026-10-01T00:08:09.024568Z,2026-10-01T00:08:09.070031Z,0.0,45.5
8cdb2991-67ed-4916-8c4c-21b64eb5b699,short,none,SUCCEEDED,1,ACKED,2026-10-01T00:08:09.055991Z,2026-10-01T00:08:09.055991Z,2026-10-01T00:08:09.100944Z,0.0,45.0
28764572-ad51-47b3-a326-dcd5d444ff50,long,none,SUCCEEDED,1,ACKED,2026-10-01T00:08:09.086543Z,2026-10-01T00:08:09.087543Z,2026-10-01T00:08:10.401142Z,1.0,1313.6
38f9869e-6e55-479a-a1c0-f891fac4d301,short,none,SUCCEEDED,1,ACKED,2026-10-01T00:08:09.116045Z,2026-10-01T00:08:09.117782Z,2026-10-01T00:08:09.131803Z,1.7,14.0
64557fee-1cec-4d0f-9635-920059beadbe,short,none,SUCCEEDED,1,ACKED,2026-10-01T00:08:09.147567Z,2026-10-01T00:08:09.148574Z,2026-10-01T00:08:09.162595Z,1.0,14.0
6e9b8e25-b843-4a4f-95a0-7db32f304e35,short,none,SUCCEEDED,1,ACKED,2026-10-01T00:08:09.194346Z,2026-10-01T00:08:09.195345Z,2026-10-01T00:08:09.253947Z,1.0,58.6
8cecd844-0eea-459c-98d3-bcd4f5b3f659,short,none,SUCCEEDED,1,ACKED,2026-10-01T00:08:09.224174Z,2026-10-01T00:08:09.224678Z,2026-10-01T00:08:09.238691Z,0.5,14.0
a0409786-8c2a-4551-bd45-bcc6520d50c7,medium,none,SUCCEEDED,1,ACKED,2026-10-01T00:08:09.253947Z,2026-10-01T00:08:09.255454Z,2026-10-01T00:08:09.473708Z,1.5,218.3
b1cecff2-7022-45ce-b383-ea309debe75c,short,none,SUCCEEDED,1,ACKED,2026-10-01T00:08:09.285225Z,2026-10-01T00:08:09.286730Z,2026-10-01T00:08:09.331949Z,1.5,45.2
cb7b2a4f-7ef1-4027-8904-4df1231835fc,short,none,SUCCEEDED,1,ACKED,2026-10-01T00:08:09.316426Z,2026-10-01T00:08:09.317932Z,2026-10-01T00:08:09.363586Z,1.5,45.7
a447b6f0-d3d2-44a6-8955-fea7f369df16,short,none,SUCCEEDED,1,ACKED,2026-10-01T00:08:09.348615Z,2026-10-01T00:08:09.350059Z,2026-10-01T00:08:09.395216Z,1.4,45.2
7a07213a-2a40-4d1c-b593-3e2f0aafc989,long,none,SUCCEEDED,1,ACKED,2026-10-01T00:08:09.396224Z,2026-10-01T00:08:09.397218Z,2026-10-01T00:08:10.681397Z,1.0,1284.2
2e9c6b56-0f67-4858-8bec-d2c8a8400028,medium,none,SUCCEEDED,1,ACKED,2026-10-01T00:08:09.428307Z,2026-10-01T00:08:09.429305Z,2026-10-01T00:08:09.647156Z,1.0,217.9
a63694da-23bd-4299-8edc-2018c752aa45,short,none,SUCCEEDED,1,ACKED,2026-10-01T00:08:09.459199Z,2026-10-01T00:08:09.460200Z,2026-10-01T00:08:09.506276Z,1.0,46.1
c11a8c7f-dca1-4c29-813d-a9bae439f776,medium,none,SUCCEEDED,1,ACKED,2026-10-01T00:08:09.490238Z,2026-10-01T00:08:09.491747Z,2026-10-01T00:08:09.615934Z,1.5,124.2
939cb6b4-3f5d-4a3a-868a-ebbe6672bc52,short,none,SUCCEEDED,1,ACKED,2026-10-01T00:08:09.522836Z,2026-10-01T00:08:09.522836Z,2026-10-01T00:08:09.584400Z,0.0,61.6
f370b982-2266-4b51-a4af-877c58980936,short,none,SUCCEEDED,1,ACKED,2026-10-01T00:08:09.554598Z,2026-10-01T00:08:09.555604Z,2026-10-01T00:08:09.584400Z,1.0,28.8
a912c836-62cd-453a-a122-a11e8f192c86,medium,none,SUCCEEDED,1,ACKED,2026-10-01T00:08:09.585399Z,2026-10-01T00:08:09.586396Z,2026-10-01T00:08:09.834642Z,1.0,248.2
43b820b3-8b66-40cb-8d9c-988b2bcd9e25,short,none,SUCCEEDED,1,ACKED,2026-10-01T00:08:09.616933Z,2026-10-01T00:08:09.616933Z,2026-10-01T00:08:09.678463Z,0.0,61.5
b4cbe33a-5efc-4127-8e23-ef35f556859e,medium,none,SUCCEEDED,1,ACKED,2026-10-01T00:08:09.647156Z,2026-10-01T00:08:09.649290Z,2026-10-01T00:08:09.788033Z,2.1,138.7
e64e55cc-03c8-42c5-9229-526f717e13b2,short,none,SUCCEEDED,1,ACKED,2026-10-01T00:08:09.694030Z,2026-10-01T00:08:09.694730Z,2026-10-01T00:08:09.740283Z,0.7,45.6
758ca354-a518-4278-9c0f-feba605f2ecb,short,transient,SUCCEEDED,1,NACKED,2026-10-01T00:08:09.726773Z,2026-10-01T00:08:09.727772Z,2026-10-01T00:08:09.756344Z,1.0,28.6
758ca354-a518-4278-9c0f-feba605f2ecb,short,transient,SUCCEEDED,2,ACKED,2026-10-01T00:08:10.705344Z,2026-10-01T00:08:10.730321Z,2026-10-01T00:08:10.760045Z,25.0,29.7
c0bc0057-d0bb-4153-ab95-30c195aaf3bd,short,none,SUCCEEDED,1,ACKED,2026-10-01T00:08:09.756987Z,2026-10-01T00:08:09.757993Z,2026-10-01T00:08:09.803983Z,1.0,46.0
d96f652e-8503-438e-95c5-2391e0798fe1,short,none,SUCCEEDED,1,ACKED,2026-10-01T00:08:09.789040Z,2026-10-01T00:08:09.789040Z,2026-10-01T00:08:09.819111Z,0.0,30.1
fa5e089a-ae2c-4fbf-8136-877412fcb983,medium,transient,SUCCEEDED,1,NACKED,2026-10-01T00:08:09.819615Z,2026-10-01T00:08:09.820619Z,2026-10-01T00:08:09.992664Z,1.0,172.0
fa5e089a-ae2c-4fbf-8136-877412fcb983,medium,transient,SUCCEEDED,2,ACKED,2026-10-01T00:08:10.941664Z,2026-10-01T00:08:10.950773Z,2026-10-01T00:08:11.122685Z,9.1,171.9
e6ef9221-6bb1-419c-9403-5bdfe2600c07,short,none,SUCCEEDED,1,ACKED,2026-10-01T00:08:09.851620Z,2026-10-01T00:08:09.852625Z,2026-10-01T00:08:09.898212Z,1.0,45.6
e1f54b90-56cb-410b-8afc-36fedbe73311,medium,none,SUCCEEDED,1,ACKED,2026-10-01T00:08:09.884701Z,2026-10-01T00:08:09.886701Z,2026-10-01T00:08:10.134377Z,2.0,247.7
6a60eb4a-8ec7-4b40-8e26-7b95f66fdb8a,short,none,SUCCEEDED,1,ACKED,2026-10-01T00:08:09.913734Z,2026-10-01T00:08:09.914741Z,2026-10-01T00:08:09.945290Z,1.0,30.5
1d7d21d8-fdcd-4315-9ef0-a0cf529a7149,short,none,SUCCEEDED,1,ACKED,2026-10-01T00:08:09.961976Z,2026-10-01T00:08:09.961976Z,2026-10-01T00:08:10.008532Z,0.0,46.6
81a7c1ac-a6c8-4648-95f5-c5abcf8a30b9,short,none,SUCCEEDED,1,ACKED,2026-10-01T00:08:09.993485Z,2026-10-01T00:08:09.994490Z,2026-10-01T00:08:10.008532Z,1.0,14.0
eed8f270-27c9-43bc-ac79-0ad584c357fa,short,none,SUCCEEDED,1,ACKED,2026-10-01T00:08:10.025192Z,2026-10-01T00:08:10.026189Z,2026-10-01T00:08:10.055354Z,1.0,29.2
6e24594f-0aaf-49f0-9cbd-343922e76049,medium,none,SUCCEEDED,1,ACKED,2026-10-01T00:08:10.056810Z,2026-10-01T00:08:10.057857Z,2026-10-01T00:08:10.259859Z,1.0,202.0
e12fddf8-a468-4030-9ada-3aa85cc7ef3d,short,permanent,FAILED,1,NACKED,2026-10-01T00:08:10.087262Z,2026-10-01T00:08:10.087262Z,2026-10-01T00:08:10.134377Z,0.0,47.1
e8c59587-46ed-426c-b541-4b31988d4086,short,none,SUCCEEDED,1,ACKED,2026-10-01T00:08:10.119332Z,2026-10-01T00:08:10.119836Z,2026-10-01T00:08:10.150405Z,0.5,30.6
6c66708c-9204-45a1-b485-2c6d02f032af,short,none,SUCCEEDED,1,ACKED,2026-10-01T00:08:10.150960Z,2026-10-01T00:08:10.151966Z,2026-10-01T00:08:10.181496Z,1.0,29.5
6df8dbee-4853-445b-9ff2-5b95a99f753f,medium,none,SUCCEEDED,1,ACKED,2026-10-01T00:08:10.182496Z,2026-10-01T00:08:10.183496Z,2026-10-01T00:08:10.448166Z,1.0,264.7
0fee4c7a-4f1d-4f33-80f7-3a0da5de283b,short,none,SUCCEEDED,1,ACKED,2026-10-01T00:08:10.214613Z,2026-10-01T00:08:10.215615Z,2026-10-01T00:08:10.259859Z,1.0,44.2
ce01df44-ab99-4751-8d29-f68b9b1557cc,short,none,SUCCEEDED,1,ACKED,2026-10-01T00:08:10.260364Z,2026-10-01T00:08:10.261371Z,2026-10-01T00:08:10.307568Z,1.0,46.2
ef4d9ef7-256b-4312-a95d-7dd41b7eb372,short,none,SUCCEEDED,1,ACKED,2026-10-01T00:08:10.291444Z,2026-10-01T00:08:10.293550Z,2026-10-01T00:08:10.323077Z,2.1,29.5
b393b515-5501-4e4c-96b8-306eb50e2145,short,none,SUCCEEDED,1,ACKED,2026-10-01T00:08:10.324086Z,2026-10-01T00:08:10.325093Z,2026-10-01T00:08:10.354501Z,1.0,29.4
a9dad49c-8d0f-4657-a66e-840c69ab47e8,short,none,SUCCEEDED,1,ACKED,2026-10-01T00:08:10.355088Z,2026-10-01T00:08:10.356094Z,2026-10-01T00:08:10.385747Z,1.0,29.7
29e8c6db-2d4e-459e-9f52-0a15967924e8,short,none,SUCCEEDED,1,ACKED,2026-10-01T00:08:10.386753Z,2026-10-01T00:08:10.387753Z,2026-10-01T00:08:10.416833Z,1.0,29.1
dff83292-2a41-41c4-8345-c81418fa89bb,medium,none,SUCCEEDED,1,ACKED,2026-10-01T00:08:10.416833Z,2026-10-01T00:08:10.417839Z,2026-10-01T00:08:10.587066Z,1.0,169.2
671e27b3-a951-4c74-ad32-5fa35b26cf85,short,none,SUCCEEDED,1,ACKED,2026-10-01T00:08:10.448672Z,2026-10-01T00:08:10.449679Z,2026-10-01T00:08:10.494470Z,1.0,44.8
f5c43ba5-14fc-4611-a909-4df36e4104c0,short,none,SUCCEEDED,1,ACKED,2026-10-01T00:08:10.495594Z,2026-10-01T00:08:10.496607Z,2026-10-01T00:08:10.555939Z,1.0,59.3
f88ecbea-15b7-4b56-acad-3a39076a3326,medium,transient,SUCCEEDED,1,NACKED,2026-10-01T00:08:10.525883Z,2026-10-01T00:08:10.526889Z,2026-10-01T00:08:10.729703Z,1.0,202.8
f88ecbea-15b7-4b56-acad-3a39076a3326,medium,transient,SUCCEEDED,2,NACKED,2026-10-01T00:08:11.281703Z,2026-10-01T00:08:11.386884Z,2026-10-01T00:08:11.588663Z,105.2,201.8
f88ecbea-15b7-4b56-acad-3a39076a3326,medium,transient,SUCCEEDED,3,ACKED,2026-10-01T00:08:13.252663Z,2026-10-01T00:08:13.352412Z,2026-10-01T00:08:13.554761Z,99.7,202.3
561e6fb0-02d4-40bf-85a8-3a7cb4e786dc,short,none,SUCCEEDED,1,ACKED,2026-10-01T00:08:10.556536Z,2026-10-01T00:08:10.557541Z,2026-10-01T00:08:10.603110Z,1.0,45.6
f589a9d4-4a79-4b60-a396-d387972613a8,medium,none,SUCCEEDED,1,ACKED,2026-10-01T00:08:10.588064Z,2026-10-01T00:08:10.588064Z,2026-10-01T00:08:10.760045Z,0.0,172.0
595d9369-5912-4faf-a727-498383cfda5e,short,none,SUCCEEDED,1,ACKED,2026-10-01T00:08:10.618632Z,2026-10-01T00:08:10.620289Z,2026-10-01T00:08:10.681397Z,1.7,61.1
867f53f1-d019-4937-a73b-d1476265f83f,short,none,SUCCEEDED,1,ACKED,2026-10-01T00:08:10.650821Z,2026-10-01T00:08:10.651823Z,2026-10-01T00:08:10.713184Z,1.0,61.4
d155fba4-986a-49d9-af11-0eef26459713,medium,none,SUCCEEDED,1,ACKED,2026-10-01T00:08:10.682579Z,2026-10-01T00:08:10.682579Z,2026-10-01T00:08:10.823385Z,0.0,140.8
b96446f4-2fe6-42a5-abab-1714d325e84b,short,none,SUCCEEDED,1,ACKED,2026-10-01T00:08:10.714182Z,2026-10-01T00:08:10.714182Z,2026-10-01T00:08:10.760045Z,0.0,45.9
728a7891-4774-4ed3-9fde-3daa1d2d6c0f,short,none,SUCCEEDED,1,ACKED,2026-10-01T00:08:10.760045Z,2026-10-01T00:08:10.761557Z,2026-10-01T00:08:10.807357Z,1.5,45.8
2dc04276-8eb1-4903-a1bc-3f0d42c76fe7,short,none,SUCCEEDED,1,ACKED,2026-10-01T00:08:10.792090Z,2026-10-01T00:08:10.793092Z,2026-10-01T00:08:10.823385Z,1.0,30.3
f4539fad-6a7e-4b34-b056-48af071a9f2a,short,none,SUCCEEDED,1,ACKED,2026-10-01T00:08:10.824390Z,2026-10-01T00:08:10.824893Z,2026-10-01T00:08:10.839388Z,0.5,14.5
6641a72e-3a13-4a77-b4c6-60faa045fd7e,medium,none,SUCCEEDED,1,ACKED,2026-10-01T00:08:10.856527Z,2026-10-01T00:08:10.857527Z,2026-10-01T00:08:11.027677Z,1.0,170.2
dcabc43c-1b12-4619-9f83-ebfb30b6290e,short,none,SUCCEEDED,1,ACKED,2026-10-01T00:08:10.887787Z,2026-10-01T00:08:10.888786Z,2026-10-01T00:08:10.934349Z,1.0,45.6
369775ad-8898-477d-91b4-ce26bfd4612e,medium,transient,SUCCEEDED,1,NACKED,2026-10-01T00:08:10.919339Z,2026-10-01T00:08:10.921337Z,2026-10-01T00:08:11.059259Z,2.0,137.9
369775ad-8898-477d-91b4-ce26bfd4612e,medium,transient,SUCCEEDED,2,ACKED,2026-10-01T00:08:11.850259Z,2026-10-01T00:08:11.935616Z,2026-10-01T00:08:12.073650Z,85.4,138.0
9548c458-5a80-43d5-8cc6-2b3f2da24aac,long,none,SUCCEEDED,1,ACKED,2026-10-01T00:08:10.950773Z,2026-10-01T00:08:10.951781Z,2026-10-01T00:08:12.617414Z,1.0,1665.6
c05e0425-1ec1-4624-b88c-a0d842c0a570,medium,none,SUCCEEDED,1,ACKED,2026-10-01T00:08:10.980813Z,2026-10-01T00:08:10.982323Z,2026-10-01T00:08:11.198918Z,1.5,216.6
3dee4074-a19b-44b2-8a60-421e7edc6b22,medium,none,SUCCEEDED,1,ACKED,2026-10-01T00:08:11.028681Z,2026-10-01T00:08:11.029681Z,2026-10-01T00:08:11.153819Z,1.0,124.1
0ed95029-6c25-4e47-b516-d8d56a53b9e1,short,none,SUCCEEDED,1,ACKED,2026-10-01T00:08:11.060260Z,2026-10-01T00:08:11.061257Z,2026-10-01T00:08:11.090790Z,1.0,29.5
a00ec9e4-1fbc-45b0-96e2-1d764b9a1adc,long,none,SUCCEEDED,1,ACKED,2026-10-01T00:08:11.091794Z,2026-10-01T00:08:11.092791Z,2026-10-01T00:08:12.323812Z,1.0,1231.0
ebd81118-fd11-4098-9296-4fd53a00512a,long,none,SUCCEEDED,1,ACKED,2026-10-01T00:08:11.123686Z,2026-10-01T00:08:11.123686Z,2026-10-01T00:08:12.478096Z,0.0,1354.4
371306a7-b653-4620-a138-1a1cdb60dd66,medium,none,SUCCEEDED,1,ACKED,2026-10-01T00:08:11.154455Z,2026-10-01T00:08:11.155463Z,2026-10-01T00:08:11.385875Z,1.0,230.4
3f618010-43dd-4a16-b2cd-1f4586bb095a,short,none,SUCCEEDED,1,ACKED,2026-10-01T00:08:11.185002Z,2026-10-01T00:08:11.186004Z,2026-10-01T00:08:11.214192Z,1.0,28.2
7bce04e0-4cc5-464d-ac66-21ea23b41756,short,none,SUCCEEDED,1,ACKED,2026-10-01T00:08:11.215195Z,2026-10-01T00:08:11.215704Z,2026-10-01T00:08:11.260338Z,0.5,44.6
4fb38cff-7195-4e17-88ab-1c7ba9425de0,short,none,SUCCEEDED,1,ACKED,2026-10-01T00:08:11.261339Z,2026-10-01T00:08:11.261339Z,2026-10-01T00:08:11.307641Z,0.0,46.3
48cb3d25-a8e8-47a2-a84e-0d9122ef184c,medium,none,SUCCEEDED,1,ACKED,2026-10-01T00:08:11.292582Z,2026-10-01T00:08:11.293086Z,2026-10-01T00:08:11.573155Z,0.5,280.1
874c3473-66d2-4144-a0c8-4a7e7c45270c,short,none,SUCCEEDED,1,ACKED,2026-10-01T00:08:11.324148Z,2026-10-01T00:08:11.325150Z,2026-10-01T00:08:11.354683Z,1.0,29.5
f1636a85-aa69-489f-8a4e-9e78026651d9,short,none,SUCCEEDED,1,ACKED,2026-10-01T00:08:11.355324Z,2026-10-01T00:08:11.356334Z,2026-10-01T00:08:11.400972Z,1.0,44.6
3a8ec2c4-f2c0-4b4a-b436-4b900877b32f,long,none,SUCCEEDED,1,ACKED,2026-10-01T00:08:11.386884Z,2026-10-01T00:08:11.386884Z,2026-10-01T00:08:12.478096Z,0.0,1091.2
e134832d-34b0-48bc-a30f-9a9005efe7b3,medium,none,SUCCEEDED,1,ACKED,2026-10-01T00:08:11.416548Z,2026-10-01T00:08:11.418225Z,2026-10-01T00:08:11.588663Z,1.7,170.4
b72478bc-f778-41e9-9339-bde54ef2ccdf,short,none,SUCCEEDED,1,ACKED,2026-10-01T00:08:11.447895Z,2026-10-01T00:08:11.448895Z,2026-10-01T00:08:11.494185Z,1.0,45.3
39f281d6-c882-45d8-8dca-76076f7904e3,short,transient,SUCCEEDED,1,NACKED,2026-10-01T00:08:11.494692Z,2026-10-01T00:08:11.495699Z,2026-10-01T00:08:11.525562Z,1.0,29.9
39f281d6-c882-45d8-8dca-76076f7904e3,short,transient,SUCCEEDED,2,ACKED,2026-10-01T00:08:12.102562Z,2026-10-01T00:08:12.169284Z,2026-10-01T00:08:12.199897Z,66.7,30.6
8ba78909-b997-49db-9066-db8ab18158a4,short,none,SUCCEEDED,1,ACKED,2026-10-01T00:08:11.526253Z,2026-10-01T00:08:11.527262Z,2026-10-01T00:08:11.541292Z,1.0,14.0
0868185d-3090-41a0-a745-cabd82918567,medium,none,SUCCEEDED,1,ACKED,2026-10-01T00:08:11.557641Z,2026-10-01T00:08:11.558652Z,2026-10-01T00:08:11.729877Z,1.0,171.2
c78fec6e-6abd-492c-8236-889497812b50,medium,none,SUCCEEDED,1,ACKED,2026-10-01T00:08:11.589167Z,2026-10-01T00:08:11.590173Z,2026-10-01T00:08:11.761089Z,1.0,170.9
c4833654-b3fd-4cb9-a9f7-1cbed4487334,short,transient,SUCCEEDED,1,NACKED,2026-10-01T00:08:11.621235Z,2026-10-01T00:08:11.622239Z,2026-10-01T00:08:11.667207Z,1.0,45.0
c4833654-b3fd-4cb9-a9f7-1cbed4487334,short,transient,SUCCEEDED,2,ACKED,2026-10-01T00:08:12.456207Z,2026-10-01T00:08:12.478601Z,2026-10-01T00:08:12.524263Z,22.4,45.7
a9eced58-2717-4f63-89da-bf2b33ef00f1,short,none,SUCCEEDED,1,ACKED,2026-10-01T00:08:11.652662Z,2026-10-01T00:08:11.653168Z,2026-10-01T00:08:11.682734Z,0.5,29.6
e59fe4bb-b46e-42ee-975a-a53e48185e73,short,none,SUCCEEDED,1,ACKED,2026-10-01T00:08:11.683876Z,2026-10-01T00:08:11.684919Z,2026-10-01T00:08:11.713344Z,1.0,28.4
0a75d330-d26a-4ec3-a810-fe80c7941921,short,none,SUCCEEDED,1,ACKED,2026-10-01T00:08:11.714345Z,2026-10-01T00:08:11.714851Z,2026-10-01T00:08:11.745944Z,0.5,31.1
74db021a-9837-4bfb-929b-80fa5cd780ed,short,none,SUCCEEDED,1,ACKED,2026-10-01T00:08:11.762088Z,2026-10-01T00:08:11.763087Z,2026-10-01T00:08:11.824795Z,1.0,61.7
39977a81-3a33-44eb-89ec-2c54fc2b212f,short,none,SUCCEEDED,1,ACKED,2026-10-01T00:08:11.794143Z,2026-10-01T00:08:11.794649Z,2026-10-01T00:08:11.824795Z,0.5,30.1
c5a02358-b9bd-4bae-b234-100b69808c3b,short,none,SUCCEEDED,1,ACKED,2026-10-01T00:08:11.825794Z,2026-10-01T00:08:11.825794Z,2026-10-01T00:08:11.856660Z,0.0,30.9
0f00ee55-6e7c-4304-87e0-f786602fd295,medium,none,SUCCEEDED,1,ACKED,2026-10-01T00:08:11.857661Z,2026-10-01T00:08:11.858663Z,2026-10-01T00:08:12.089661Z,1.0,231.0
1912fd79-fe5f-4ce6-819f-e98c35efa1dd,short,none,SUCCEEDED,1,ACKED,2026-10-01T00:08:11.888901Z,2026-10-01T00:08:11.889404Z,2026-10-01T00:08:11.919067Z,0.5,29.7
70b5f75f-2f19-4286-bdc2-fcb2489d5b23,short,none,SUCCEEDED,1,ACKED,2026-10-01T00:08:11.920070Z,2026-10-01T00:08:11.921068Z,2026-10-01T00:08:11.949922Z,1.0,28.9
21f34c2d-f572-461e-ad15-95a4b5854981,medium,none,SUCCEEDED,1,ACKED,2026-10-01T00:08:11.950543Z,2026-10-01T00:08:11.951546Z,2026-10-01T00:08:12.261498Z,1.0,310.0
e5803e5a-3575-48ac-840a-51b6141baa9f,short,none,SUCCEEDED,1,ACKED,2026-10-01T00:08:11.981750Z,2026-10-01T00:08:12.074647Z,2026-10-01T00:08:12.137071Z,92.9,62.4
eb44a9ee-08b0-49a5-bafa-1f2d5c4fa3d3,short,transient,SUCCEEDED,1,NACKED,2026-10-01T00:08:12.028084Z,2026-10-01T00:08:12.090379Z,2026-10-01T00:08:12.121531Z,62.3,31.2
eb44a9ee-08b0-49a5-bafa-1f2d5c4fa3d3,short,transient,SUCCEEDED,2,ACKED,2026-10-01T00:08:13.095531Z,2026-10-01T00:08:13.132063Z,2026-10-01T00:08:13.162313Z,36.5,30.3
75a34efc-e398-49da-88bf-5ac5fef243ca,short,none,SUCCEEDED,1,ACKED,2026-10-01T00:08:12.059108Z,2026-10-01T00:08:12.123039Z,2026-10-01T00:08:12.168286Z,63.9,45.2
bd06960b-5445-4bb3-b90f-e29cb06a583f,short,none,SUCCEEDED,1,ACKED,2026-10-01T00:08:12.090379Z,2026-10-01T00:08:12.138073Z,2026-10-01T00:08:12.168286Z,47.7,30.2
ed23235f-48e1-4a15-854b-d179b28965e0,medium,none,SUCCEEDED,1,ACKED,2026-10-01T00:08:12.121531Z,2026-10-01T00:08:12.169284Z,2026-10-01T00:08:12.307805Z,47.8,138.5
6bde7a7c-1ab1-4fc9-8bc3-8bff11e13e3e,medium,none,SUCCEEDED,1,ACKED,2026-10-01T00:08:12.153248Z,2026-10-01T00:08:12.169284Z,2026-10-01T00:08:12.307805Z,16.0,138.5
94aa2180-4aee-4f84-9f43-296ddcc9aae0,short,none,SUCCEEDED,1,ACKED,2026-10-01T00:08:12.184355Z,2026-10-01T00:08:12.200907Z,2026-10-01T00:08:12.230305Z,16.6,29.4
8c80bf90-fed5-412f-89ac-ebfef25f8260,short,none,SUCCEEDED,1,ACKED,2026-10-01T00:08:12.216409Z,2026-10-01T00:08:12.230305Z,2026-10-01T00:08:12.261498Z,13.9,31.2
60b9eaa5-58bc-4f77-b354-27304855a1de,medium,none,SUCCEEDED,1,ACKED,2026-10-01T00:08:12.262497Z,2026-10-01T00:08:12.262497Z,2026-10-01T00:08:12.415613Z,0.0,153.1
db4ba593-3bbe-4b56-aafb-5be00dde51f8,short,none,SUCCEEDED,1,ACKED,2026-10-01T00:08:12.293542Z,2026-10-01T00:08:12.294139Z,2026-10-01T00:08:12.339319Z,0.6,45.2
3d71520c-3fdb-402a-afbe-018039edf831,medium,none,SUCCEEDED,1,ACKED,2026-10-01T00:08:12.324812Z,2026-10-01T00:08:12.325814Z,2026-10-01T00:08:12.602388Z,1.0,276.6
7a8a01c0-f861-47dd-8ee5-8c0c5699ce54,short,none,SUCCEEDED,1,ACKED,2026-10-01T00:08:12.355525Z,2026-10-01T00:08:12.356532Z,2026-10-01T00:08:12.400569Z,1.0,44.0
1e0f168d-60e3-4a62-8683-fccb8b4d3597,short,transient,SUCCEEDED,1,NACKED,2026-10-01T00:08:12.385608Z,2026-10-01T00:08:12.387300Z,2026-10-01T00:08:12.415613Z,1.7,28.3
1e0f168d-60e3-4a62-8683-fccb8b4d3597,short,transient,SUCCEEDED,2,ACKED,2026-10-01T00:08:13.114613Z,2026-10-01T00:08:13.132063Z,2026-10-01T00:08:13.162313Z,17.5,30.3
d3479cb7-5870-427d-bd35-fcb75f26ccd1,short,none,SUCCEEDED,1,ACKED,2026-10-01T00:08:12.416622Z,2026-10-01T00:08:12.417620Z,2026-10-01T00:08:12.462585Z,1.0,45.0
9f68fca1-94d2-465d-8b35-d105b8e9c910,medium,none,SUCCEEDED,1,ACKED,2026-10-01T00:08:12.446663Z,2026-10-01T00:08:12.448075Z,2026-10-01T00:08:12.570321Z,1.4,122.2
b5a82ec6-0956-4911-b448-941c04a45948,short,none,SUCCEEDED,1,ACKED,2026-10-01T00:08:12.493648Z,2026-10-01T00:08:12.494659Z,2026-10-01T00:08:12.524263Z,1.0,29.6
883d2009-132f-4c5d-b2d2-9e0519bcee2b,medium,none,SUCCEEDED,1,ACKED,2026-10-01T00:08:12.524935Z,2026-10-01T00:08:12.525942Z,2026-10-01T00:08:12.805005Z,1.0,279.1
d1aca66a-f68f-4740-90fe-df3cc0179dc2,short,none,SUCCEEDED,1,ACKED,2026-10-01T00:08:12.555797Z,2026-10-01T00:08:12.556801Z,2026-10-01T00:08:12.586350Z,1.0,29.5
05cc6147-b6b5-4afc-acf6-8c0354b899e8,short,none,SUCCEEDED,1,ACKED,2026-10-01T00:08:12.587353Z,2026-10-01T00:08:12.587353Z,2026-10-01T00:08:12.649384Z,0.0,62.0
ac27f922-5b6c-4b61-a92e-674a889f55b9,short,none,SUCCEEDED,1,ACKED,2026-10-01T00:08:12.618412Z,2026-10-01T00:08:12.618412Z,2026-10-01T00:08:12.649384Z,0.0,31.0
468accf7-05d1-4763-b649-db39e19eda39,short,transient,SUCCEEDED,1,NACKED,2026-10-01T00:08:12.650384Z,2026-10-01T00:08:12.651467Z,2026-10-01T00:08:12.696259Z,1.1,44.8
468accf7-05d1-4763-b649-db39e19eda39,short,transient,SUCCEEDED,2,ACKED,2026-10-01T00:08:13.613259Z,2026-10-01T00:08:13.679854Z,2026-10-01T00:08:13.727010Z,66.6,47.2
10e15d34-e803-4e2d-bd46-5f1a00825d66,long,none,SUCCEEDED,1,ACKED,2026-10-01T00:08:12.681743Z,2026-10-01T00:08:12.682743Z,2026-10-01T00:08:14.055090Z,1.0,1372.3
c8e52703-1341-421d-a685-08564995206e,medium,none,SUCCEEDED,1,ACKED,2026-10-01T00:08:12.727589Z,2026-10-01T00:08:12.729097Z,2026-10-01T00:08:12.975420Z,1.5,246.3
1c918962-0966-4892-ba6b-77ebcd632742,short,none,SUCCEEDED,1,ACKED,2026-10-01T00:08:12.759300Z,2026-10-01T00:08:12.760311Z,2026-10-01T00:08:12.773949Z,1.0,13.6
9f51649b-e0b0-4019-9e40-8dddf5225090,medium,none,SUCCEEDED,1,ACKED,2026-10-01T00:08:12.790458Z,2026-10-01T00:08:12.791467Z,2026-10-01T00:08:13.053158Z,1.0,261.7
9baffe42-d5d7-4ace-8cec-483629401ec1,short,none,SUCCEEDED,1,ACKED,2026-10-01T00:08:12.820584Z,2026-10-01T00:08:12.822091Z,2026-10-01T00:08:12.852662Z,1.5,30.6
44405a70-6894-4a9e-9a6f-0e5c88e8dfb7,short,none,SUCCEEDED,1,ACKED,2026-10-01T00:08:12.853261Z,2026-10-01T00:08:12.854771Z,2026-10-01T00:08:12.898251Z,1.5,43.5
fd82b6de-09fe-4e47-adde-1c56a64f428e,short,none,SUCCEEDED,1,ACKED,2026-10-01T00:08:12.883716Z,2026-10-01T00:08:12.884714Z,2026-10-01T00:08:12.945403Z,1.0,60.7
a6ff8035-8b67-4064-ae42-fd2a79907690,medium,none,SUCCEEDED,1,ACKED,2026-10-01T00:08:12.914838Z,2026-10-01T00:08:12.915837Z,2026-10-01T00:08:13.099908Z,1.0,184.1
eb2366bd-7726-489a-9eac-ee247b962dab,short,none,SUCCEEDED,1,ACKED,2026-10-01T00:08:12.961049Z,2026-10-01T00:08:12.962060Z,2026-10-01T00:08:13.006480Z,1.0,44.4
064198cc-f5db-48a7-90fa-d60d9a2bffa9,medium,none,SUCCEEDED,1,ACKED,2026-10-01T00:08:12.991452Z,2026-10-01T00:08:12.992448Z,2026-10-01T00:08:13.193873Z,1.0,201.4
91e50c05-2c7f-45c5-8a0b-4358365cac66,short,none,SUCCEEDED,1,ACKED,2026-10-01T00:08:13.023028Z,2026-10-01T00:08:13.023543Z,2026-10-01T00:08:13.053158Z,0.5,29.6
1bacba61-49cf-4b06-bdc1-b66392a4d519,medium,none,SUCCEEDED,1,ACKED,2026-10-01T00:08:13.053811Z,2026-10-01T00:08:13.054887Z,2026-10-01T00:08:13.273429Z,1.1,218.5
c3f8f2a1-20a8-456e-8ce4-be62a06245e9,short,none,SUCCEEDED,1,ACKED,2026-10-01T00:08:13.085540Z,2026-10-01T00:08:13.086546Z,2026-10-01T00:08:13.131063Z,1.0,44.5
8ed8f6c8-5e86-4d8b-81d7-7314d6b4c993,medium,none,SUCCEEDED,1,ACKED,2026-10-01T00:08:13.116036Z,2026-10-01T00:08:13.116544Z,2026-10-01T00:08:13.351823Z,0.5,235.3
ece74dad-f41a-4838-8e87-03ae6c52389d,short,transient,SUCCEEDED,1,NACKED,2026-10-01T00:08:13.147771Z,2026-10-01T00:08:13.148288Z,2026-10-01T00:08:13.193873Z,0.5,45.6
ece74dad-f41a-4838-8e87-03ae6c52389d,short,transient,SUCCEEDED,2,ACKED,2026-10-01T00:08:13.952873Z,2026-10-01T00:08:14.009761Z,2026-10-01T00:08:14.055090Z,56.9,45.3
f7dc522f-8052-4828-b577-62d176d053ea,short,none,SUCCEEDED,1,ACKED,2026-10-01T00:08:13.194871Z,2026-10-01T00:08:13.194871Z,2026-10-01T00:08:13.257406Z,0.0,62.5
320337cd-8143-467e-9be3-c15c6972a11a,short,none,SUCCEEDED,1,ACKED,2026-10-01T00:08:13.226706Z,2026-10-01T00:08:13.227708Z,2026-10-01T00:08:13.257406Z,1.0,29.7
6187f072-4652-4ec0-918b-3e5108e3ac55,medium,none,SUCCEEDED,1,ACKED,2026-10-01T00:08:13.258403Z,2026-10-01T00:08:13.258914Z,2026-10-01T00:08:13.445713Z,0.5,186.8
ed610cbe-6e55-4e12-8a48-5f0b764babdd,short,none,SUCCEEDED,1,ACKED,2026-10-01T00:08:13.290106Z,2026-10-01T00:08:13.291104Z,2026-10-01T00:08:13.320164Z,1.0,29.1
7015c4a6-8cdd-4f30-897c-44e83752504a,short,none,SUCCEEDED,1,ACKED,2026-10-01T00:08:13.321168Z,2026-10-01T00:08:13.321168Z,2026-10-01T00:08:13.351823Z,0.0,30.7
ff6938c9-77f3-4590-a77c-b740f1660996,short,none,SUCCEEDED,1,ACKED,2026-10-01T00:08:13.352412Z,2026-10-01T00:08:13.353419Z,2026-10-01T00:08:13.383474Z,1.0,30.1
aec372ff-5a6d-4a69-bed6-f30e3471f99e,short,none,SUCCEEDED,1,ACKED,2026-10-01T00:08:13.384473Z,2026-10-01T00:08:13.385474Z,2026-10-01T00:08:13.430180Z,1.0,44.7
9b61c3a9-27d9-436a-a21c-9b32a6015136,short,none,SUCCEEDED,1,ACKED,2026-10-01T00:08:13.415114Z,2026-10-01T00:08:13.416124Z,2026-10-01T00:08:13.476861Z,1.0,60.7
62bb7ba6-61b1-4019-a839-4052594bfdcb,short,none,SUCCEEDED,1,ACKED,2026-10-01T00:08:13.460838Z,2026-10-01T00:08:13.462344Z,2026-10-01T00:08:13.492380Z,1.5,30.0
c21ee0a3-1b44-466e-9cb6-7387db1c5b40,short,none,SUCCEEDED,1,ACKED,2026-10-01T00:08:13.492380Z,2026-10-01T00:08:13.493885Z,2026-10-01T00:08:13.554761Z,1.5,60.9
43990f7e-a609-430d-a737-46860415fc40,short,none,SUCCEEDED,1,ACKED,2026-10-01T00:08:13.524094Z,2026-10-01T00:08:13.525608Z,2026-10-01T00:08:13.570423Z,1.5,44.8
b1454707-8cf4-4521-b31e-b8fdfc2ae385,short,transient,SUCCEEDED,1,NACKED,2026-10-01T00:08:13.555398Z,2026-10-01T00:08:13.556907Z,2026-10-01T00:08:13.586234Z,1.5,29.3
b1454707-8cf4-4521-b31e-b8fdfc2ae385,short,transient,SUCCEEDED,2,ACKED,2026-10-01T00:08:14.300234Z,2026-10-01T00:08:14.336483Z,2026-10-01T00:08:14.366323Z,36.2,29.8
cd3d7b94-3a3a-4fb6-b3cb-a408415efe24,short,none,SUCCEEDED,1,ACKED,2026-10-01T00:08:13.586234Z,2026-10-01T00:08:13.587739Z,2026-10-01T00:08:13.632208Z,1.5,44.5
b42171fb-d088-4497-8dc8-efc7d0feb39d,short,none,SUCCEEDED,1,ACKED,2026-10-01T00:08:13.618152Z,2026-10-01T00:08:13.619155Z,2026-10-01T00:08:13.663752Z,1.0,44.6
e654621a-716a-4f7a-9eea-4c2fa93749fb,short,none,SUCCEEDED,1,ACKED,2026-10-01T00:08:13.648780Z,2026-10-01T00:08:13.650105Z,2026-10-01T00:08:13.694885Z,1.3,44.8
b4c074bd-38be-4a57-a124-857456f84fb8,short,none,SUCCEEDED,1,ACKED,2026-10-01T00:08:13.695883Z,2026-10-01T00:08:13.696389Z,2026-10-01T00:08:13.742038Z,0.5,45.6
a3bfb1b4-596c-48ed-9456-ec5bc11cd97f,medium,transient,SUCCEEDED,1,NACKED,2026-10-01T00:08:13.728012Z,2026-10-01T00:08:13.728012Z,2026-10-01T00:08:13.945618Z,0.0,217.6
a3bfb1b4-596c-48ed-9456-ec5bc11cd97f,medium,transient,SUCCEEDED,2,NACKED,2026-10-01T00:08:14.590618Z,2026-10-01T00:08:14.663821Z,2026-10-01T00:08:14.880857Z,73.2,217.0
a3bfb1b4-596c-48ed-9456-ec5bc11cd97f,medium,transient,SUCCEEDED,3,ACKED,2026-10-01T00:08:16.204857Z,2026-10-01T00:08:16.300977Z,2026-10-01T00:08:16.518495Z,96.1,217.5
42dab6a3-d3fe-42dc-98d3-f2f60d3f47b6,short,transient,SUCCEEDED,1,NACKED,2026-10-01T00:08:13.758361Z,2026-10-01T00:08:13.759368Z,2026-10-01T00:08:13.772934Z,1.0,13.6
42dab6a3-d3fe-42dc-98d3-f2f60d3f47b6,short,transient,SUCCEEDED,2,ACKED,2026-10-01T00:08:14.514934Z,2026-10-01T00:08:14.554760Z,2026-10-01T00:08:14.569793Z,39.8,15.0
a0f7374c-629b-474b-96bc-00783b5327e3,short,none,SUCCEEDED,1,ACKED,2026-10-01T00:08:13.789466Z,2026-10-01T00:08:13.789466Z,2026-10-01T00:08:13.836562Z,0.0,47.1
ef6c35f2-67e8-4071-986b-00e716ce9a58,medium,none,SUCCEEDED,1,ACKED,2026-10-01T00:08:13.822020Z,2026-10-01T00:08:13.823021Z,2026-10-01T00:08:14.039448Z,1.0,216.4
e8d0b810-9e87-47ef-9abc-20fd97ee7406,short,none,SUCCEEDED,1,ACKED,2026-10-01T00:08:13.853218Z,2026-10-01T00:08:13.854224Z,2026-10-01T00:08:13.899310Z,1.0,45.1
03304fe2-1d71-4ada-b360-d7fe8864f10e,short,none,SUCCEEDED,1,ACKED,2026-10-01T00:08:13.884801Z,2026-10-01T00:08:13.885802Z,2026-10-01T00:08:13.930364Z,1.0,44.6
905a2225-fda0-418d-85e1-1be254814308,medium,none,SUCCEEDED,1,ACKED,2026-10-01T00:08:13.915845Z,2026-10-01T00:08:13.916845Z,2026-10-01T00:08:14.116766Z,1.0,199.9
be6deb24-08ba-4337-a5ed-272a5213cf5a,short,none,SUCCEEDED,1,ACKED,2026-10-01T00:08:13.961718Z,2026-10-01T00:08:13.962298Z,2026-10-01T00:08:14.008751Z,0.6,46.5
1da49bd7-3dbf-40f3-b6bf-31d557637d44,short,none,SUCCEEDED,1,ACKED,2026-10-01T00:08:13.993408Z,2026-10-01T00:08:13.994407Z,2026-10-01T00:08:14.055090Z,1.0,60.7
2c645b98-690c-4db0-9383-defa2a70733e,short,none,SUCCEEDED,1,ACKED,2026-10-01T00:08:14.025357Z,2026-10-01T00:08:14.026355Z,2026-10-01T00:08:14.070504Z,1.0,44.1
14c6dc81-f921-4219-91a0-b525c484403c,short,none,SUCCEEDED,1,ACKED,2026-10-01T00:08:14.055948Z,2026-10-01T00:08:14.056473Z,2026-10-01T00:08:14.101238Z,0.5,44.8
1575c166-1991-4f74-8ac6-303a1fe12873,short,none,SUCCEEDED,1,ACKED,2026-10-01T00:08:14.086131Z,2026-10-01T00:08:14.087138Z,2026-10-01T00:08:14.101238Z,1.0,14.1
4658c58f-5c85-4668-bdfa-6d321c0c9099,short,none,SUCCEEDED,1,ACKED,2026-10-01T00:08:14.116766Z,2026-10-01T00:08:14.118273Z,2026-10-01T00:08:14.148841Z,1.5,30.6
aa0c83b4-dd7c-4164-b6d3-5e124afa66be,short,none,SUCCEEDED,1,ACKED,2026-10-01T00:08:14.150053Z,2026-10-01T00:08:14.150053Z,2026-10-01T00:08:14.179972Z,0.0,29.9
250c4ca2-feac-4591-baa7-45ae3353c1f7,short,none,SUCCEEDED,1,ACKED,2026-10-01T00:08:14.180971Z,2026-10-01T00:08:14.181972Z,2026-10-01T00:08:14.227156Z,1.0,45.2
51209753-57f6-4dc5-8fc2-7d717c929b83,short,none,SUCCEEDED,1,ACKED,2026-10-01T00:08:14.227156Z,2026-10-01T00:08:14.228836Z,2026-10-01T00:08:14.273372Z,1.7,44.5
246684db-5d45-4805-bcbc-506f295d549e,long,none,SUCCEEDED,1,ACKED,2026-10-01T00:08:14.258848Z,2026-10-01T00:08:14.259854Z,2026-10-01T00:08:15.664255Z,1.0,1404.4
24da2f12-1f94-4ae0-ad91-ef8c9383c88e,short,none,SUCCEEDED,1,ACKED,2026-10-01T00:08:14.289407Z,2026-10-01T00:08:14.290410Z,2026-10-01T00:08:14.303937Z,1.0,13.5
2bccfb0a-9db4-450f-9c32-210bef30ce3b,short,none,SUCCEEDED,1,ACKED,2026-10-01T00:08:14.320452Z,2026-10-01T00:08:14.320452Z,2026-10-01T00:08:14.382343Z,0.0,61.9
6a938512-bf0b-4fda-8e57-0c5dae785f9d,short,none,SUCCEEDED,1,ACKED,2026-10-01T00:08:14.351772Z,2026-10-01T00:08:14.351772Z,2026-10-01T00:08:14.382343Z,0.0,30.6
32d75418-2a4a-4dfc-bf0f-790e297e386c,short,none,SUCCEEDED,1,ACKED,2026-10-01T00:08:14.382343Z,2026-10-01T00:08:14.383853Z,2026-10-01T00:08:14.413957Z,1.5,30.1
0e54b9fb-4c36-4602-ad1f-0a9010300ef5,long,none,SUCCEEDED,1,ACKED,2026-10-01T00:08:14.414958Z,2026-10-01T00:08:14.415960Z,2026-10-01T00:08:16.022664Z,1.0,1606.7
397fee51-2deb-412a-ad32-ed2b2f45432a,medium,none,SUCCEEDED,1,ACKED,2026-10-01T00:08:14.462210Z,2026-10-01T00:08:14.463209Z,2026-10-01T00:08:14.663458Z,1.0,200.2
b4966b29-2a34-4fec-be35-00f6b9cafd1f,medium,none,SUCCEEDED,1,ACKED,2026-10-01T00:08:14.493281Z,2026-10-01T00:08:14.494285Z,2026-10-01T00:08:14.709596Z,1.0,215.3
8d98a060-2a70-4926-8f03-ca98b5a631b6,short,none,SUCCEEDED,1,ACKED,2026-10-01T00:08:14.524043Z,2026-10-01T00:08:14.525052Z,2026-10-01T00:08:14.554120Z,1.0,29.1
3c7cef08-cf56-4ac1-8993-9c3d5431a0a1,medium,none,SUCCEEDED,1,ACKED,2026-10-01T00:08:14.554760Z,2026-10-01T00:08:14.555766Z,2026-10-01T00:08:14.740455Z,1.0,184.7
5b9370f3-2b69-4d1e-a3da-c01f143fbd99,long,none,SUCCEEDED,1,ACKED,2026-10-01T00:08:14.586825Z,2026-10-01T00:08:14.587824Z,2026-10-01T00:08:16.331514Z,1.0,1743.7
095dec3c-9226-4725-aacd-57c609a1c1d3,short,none,SUCCEEDED,1,ACKED,2026-10-01T00:08:14.618394Z,2026-10-01T00:08:14.618394Z,2026-10-01T00:08:14.678873Z,0.0,60.5
1a7c2ded-0bec-4217-912f-3dfacae9552b,short,none,SUCCEEDED,1,ACKED,2026-10-01T00:08:14.648866Z,2026-10-01T00:08:14.649867Z,2026-10-01T00:08:14.694428Z,1.0,44.6
8c16d5fd-2feb-49f4-b122-a5f9a616b5d3,medium,none,SUCCEEDED,1,ACKED,2026-10-01T00:08:14.695046Z,2026-10-01T00:08:14.695558Z,2026-10-01T00:08:14.943527Z,0.5,248.0
da739946-469b-4b9a-8f25-871ef16f2e17,medium,none,SUCCEEDED,1,ACKED,2026-10-01T00:08:14.725951Z,2026-10-01T00:08:14.726944Z,2026-10-01T00:08:14.943527Z,1.0,216.6
f4e36200-bc59-4dce-9178-fa3a0ecc20ac,short,none,SUCCEEDED,1,ACKED,2026-10-01T00:08:14.756619Z,2026-10-01T00:08:14.757628Z,2026-10-01T00:08:14.818795Z,1.0,61.2
cc1413bb-0ec5-412e-8bec-6b858d6f7f10,long,none,SUCCEEDED,1,ACKED,2026-10-01T00:08:14.788684Z,2026-10-01T00:08:14.789684Z,2026-10-01T00:08:16.222190Z,1.0,1432.5
97acaabe-a961-4266-8ec9-59878588edd2,short,none,SUCCEEDED,1,ACKED,2026-10-01T00:08:14.819795Z,2026-10-01T00:08:14.819795Z,2026-10-01T00:08:14.880857Z,0.0,61.1
cf5e0c4f-02cd-47fb-b8fb-7ef21db82f8e,short,none,SUCCEEDED,1,ACKED,2026-10-01T00:08:14.850634Z,2026-10-01T00:08:14.882178Z,2026-10-01T00:08:14.928750Z,31.5,46.6
e0eae7b4-2942-410b-bb68-cbf749109f36,short,none,SUCCEEDED,1,ACKED,2026-10-01T00:08:14.881673Z,2026-10-01T00:08:14.882178Z,2026-10-01T00:08:14.913237Z,0.5,31.1
d3b39612-3505-4e40-8ce9-240aec05d06f,short,transient,SUCCEEDED,1,NACKED,2026-10-01T00:08:14.914236Z,2026-10-01T00:08:14.915237Z,2026-10-01T00:08:14.959334Z,1.0,44.1
d3b39612-3505-4e40-8ce9-240aec05d06f,short,transient,SUCCEEDED,2,ACKED,2026-10-01T00:08:15.534334Z,2026-10-01T00:08:15.542251Z,2026-10-01T00:08:15.586529Z,7.9,44.3
73987d3a-c092-40a9-aee8-8ddc70cd8d7e,short,none,SUCCEEDED,1,ACKED,2026-10-01T00:08:14.960336Z,2026-10-01T00:08:14.960844Z,2026-10-01T00:08:15.021790Z,0.5,60.9
ab0e43bc-0d83-49a0-afe4-26c9d44bce84,medium,transient,SUCCEEDED,1,NACKED,2026-10-01T00:08:14.991719Z,2026-10-01T00:08:14.992225Z,2026-10-01T00:08:15.288045Z,0.5,295.8
ab0e43bc-0d83-49a0-afe4-26c9d44bce84,medium,transient,SUCCEEDED,2,ACKED,2026-10-01T00:08:15.896045Z,2026-10-01T00:08:15.976502Z,2026-10-01T00:08:16.284465Z,80.5,308.0
1d83d80a-299c-42f4-a4d3-5512fde0e9e8,short,none,SUCCEEDED,1,ACKED,2026-10-01T00:08:15.021790Z,2026-10-01T00:08:15.023297Z,2026-10-01T00:08:15.068659Z,1.5,45.4
6f90073f-1f66-4f3d-8e87-c8e4c483373c,short,none,SUCCEEDED,1,ACKED,2026-10-01T00:08:15.053503Z,2026-10-01T00:08:15.055020Z,2026-10-01T00:08:15.084174Z,1.5,29.2
d68f9707-affc-4b08-b67b-1d76cfc53a82,short,none,SUCCEEDED,1,ACKED,2026-10-01T00:08:15.084174Z,2026-10-01T00:08:15.085679Z,2026-10-01T00:08:15.115394Z,1.5,29.7
53aee359-33d5-466d-ae07-32944aabfba2,short,none,SUCCEEDED,1,ACKED,2026-10-01T00:08:15.115394Z,2026-10-01T00:08:15.116903Z,2026-10-01T00:08:15.162001Z,1.5,45.1
4e3d689f-a7e3-483f-ba9d-a92976e4fd73,medium,none,SUCCEEDED,1,ACKED,2026-10-01T00:08:15.162606Z,2026-10-01T00:08:15.163613Z,2026-10-01T00:08:15.304067Z,1.0,140.5
caf1e96a-6ebd-497f-aee4-2fb8c7b6a97c,short,none,SUCCEEDED,1,ACKED,2026-10-01T00:08:15.195153Z,2026-10-01T00:08:15.196151Z,2026-10-01T00:08:15.241112Z,1.0,45.0
59aa5384-bbcd-4750-93fd-8d3bdb533b64,medium,none,SUCCEEDED,1,ACKED,2026-10-01T00:08:15.226968Z,2026-10-01T00:08:15.227969Z,2026-10-01T00:08:15.351169Z,1.0,123.2
43f6b5cc-91af-4dd5-b1d5-f4704b469c88,short,none,SUCCEEDED,1,ACKED,2026-10-01T00:08:15.256991Z,2026-10-01T00:08:15.257991Z,2026-10-01T00:08:15.304067Z,1.0,46.1
568cb2f8-2459-406c-a2f9-9426fe7564f4,short,none,SUCCEEDED,1,ACKED,2026-10-01T00:08:15.289048Z,2026-10-01T00:08:15.289048Z,2026-10-01T00:08:15.304067Z,0.0,15.0
edcfe199-a8f9-46e3-8a3a-249b42b42a0a,short,none,SUCCEEDED,1,ACKED,2026-10-01T00:08:15.321096Z,2026-10-01T00:08:15.322095Z,2026-10-01T00:08:15.351169Z,1.0,29.1
b415b984-9905-4507-972c-f86d5bf0c2c3,short,none,SUCCEEDED,1,ACKED,2026-10-01T00:08:15.352084Z,2026-10-01T00:08:15.353631Z,2026-10-01T00:08:15.382683Z,1.5,29.1
031861ce-c535-4719-8730-aa41c0904006,short,none,SUCCEEDED,1,ACKED,2026-10-01T00:08:15.383684Z,2026-10-01T00:08:15.384686Z,2026-10-01T00:08:15.414822Z,1.0,30.1
51753f05-5cc3-414b-93a3-6d387b374d86,medium,none,SUCCEEDED,1,ACKED,2026-10-01T00:08:15.415828Z,2026-10-01T00:08:15.415828Z,2026-10-01T00:08:15.571009Z,0.0,155.2
955ce979-6054-41bb-b1c8-3dee95309540,short,none,SUCCEEDED,1,ACKED,2026-10-01T00:08:15.447457Z,2026-10-01T00:08:15.448455Z,2026-10-01T00:08:15.478189Z,1.0,29.7
9104f192-d667-4369-8c63-8e8692dc40bd,long,none,SUCCEEDED,1,ACKED,2026-10-01T00:08:15.495504Z,2026-10-01T00:08:15.496507Z,2026-10-01T00:08:16.926298Z,1.0,1429.8
566aa773-a7ab-475a-8496-e7c583f53611,short,none,SUCCEEDED,1,ACKED,2026-10-01T00:08:15.527736Z,2026-10-01T00:08:15.527736Z,2026-10-01T00:08:15.571009Z,0.0,43.3
da307591-bc1e-487b-8afc-ae639b76f52a,short,none,SUCCEEDED,1,ACKED,2026-10-01T00:08:15.557479Z,2026-10-01T00:08:15.572010Z,2026-10-01T00:08:15.617870Z,14.5,45.9
918ed91d-d8c1-48e4-b827-8168adde8cec,short,none,SUCCEEDED,1,ACKED,2026-10-01T00:08:15.587529Z,2026-10-01T00:08:15.587529Z,2026-10-01T00:08:15.633409Z,0.0,45.9
8241d38f-daab-4303-8939-e94a3e71483c,medium,none,SUCCEEDED,1,ACKED,2026-10-01T00:08:15.618872Z,2026-10-01T00:08:15.618872Z,2026-10-01T00:08:15.726631Z,0.0,107.8
c482a9ee-8d61-4bc7-a8a7-8727abfb800b,short,none,SUCCEEDED,1,ACKED,2026-10-01T00:08:15.649963Z,2026-10-01T00:08:15.649963Z,2026-10-01T00:08:15.694975Z,0.0,45.0
4a867db5-507f-4cd7-9f0d-2ce4350ebc5e,medium,none,SUCCEEDED,1,ACKED,2026-10-01T00:08:15.680962Z,2026-10-01T00:08:15.681966Z,2026-10-01T00:08:15.820538Z,1.0,138.6
0cec254a-2f27-442a-9926-95f7bbaa399d,short,none,SUCCEEDED,1,ACKED,2026-10-01T00:08:15.727630Z,2026-10-01T00:08:15.727630Z,2026-10-01T00:08:15.772870Z,0.0,45.2
c7969f45-a855-4cff-8916-756c4b0305c2,medium,none,SUCCEEDED,1,ACKED,2026-10-01T00:08:15.757824Z,2026-10-01T00:08:15.758833Z,2026-10-01T00:08:16.038701Z,1.0,279.9
0fe6ec85-efc5-4fbd-a49c-b55810e1c946,medium,none,SUCCEEDED,1,ACKED,2026-10-01T00:08:15.789901Z,2026-10-01T00:08:15.790899Z,2026-10-01T00:08:16.007097Z,1.0,216.2
4d96ef74-fe7f-4b05-bbd8-cf8cf3630808,short,none,SUCCEEDED,1,ACKED,2026-10-01T00:08:15.821538Z,2026-10-01T00:08:15.822832Z,2026-10-01T00:08:15.882766Z,1.3,59.9
5d915960-37e9-4dc1-9ea5-81fcb690177e,short,none,SUCCEEDED,1,ACKED,2026-10-01T00:08:15.852716Z,2026-10-01T00:08:15.852716Z,2026-10-01T00:08:15.913839Z,0.0,61.1
3d30c10a-1a55-42b4-b349-bc6633b50068,short,none,SUCCEEDED,1,ACKED,2026-10-01T00:08:15.883774Z,2026-10-01T00:08:15.884774Z,2026-10-01T00:08:15.944256Z,1.0,59.5
48193e4d-50be-40b8-a8e8-446ad10ac327,short,none,SUCCEEDED,1,ACKED,2026-10-01T00:08:15.914840Z,2026-10-01T00:08:15.914840Z,2026-10-01T00:08:15.975494Z,0.0,60.7
27d7905d-2f18-4566-8a99-3db1ea428640,short,none,SUCCEEDED,1,ACKED,2026-10-01T00:08:15.960417Z,2026-10-01T00:08:15.961427Z,2026-10-01T00:08:16.007097Z,1.0,45.7
9057f69c-7fdb-4225-b39e-357cc22280f1,short,none,SUCCEEDED,1,ACKED,2026-10-01T00:08:15.992046Z,2026-10-01T00:08:16.007601Z,2026-10-01T00:08:16.069065Z,15.6,61.5
bf965919-06bd-4df5-9636-d5fe1bfba583,short,none,SUCCEEDED,1,ACKED,2026-10-01T00:08:16.023672Z,2026-10-01T00:08:16.024672Z,2026-10-01T00:08:16.069065Z,1.0,44.4
f9474307-ab31-46e9-92d7-8dc96b381bcd,medium,none,SUCCEEDED,1,ACKED,2026-10-01T00:08:16.054431Z,2026-10-01T00:08:16.055943Z,2026-10-01T00:08:16.206155Z,1.5,150.2
8b3ef997-2a64-48a5-a9a9-8f0d32a3e465,long,none,SUCCEEDED,1,ACKED,2026-10-01T00:08:16.084820Z,2026-10-01T00:08:16.085824Z,2026-10-01T00:08:17.533916Z,1.0,1448.1
d9c9c079-458d-46c3-a67d-150033321ccc,medium,none,SUCCEEDED,1,ACKED,2026-10-01T00:08:16.116298Z,2026-10-01T00:08:16.117294Z,2026-10-01T00:08:16.253215Z,1.0,135.9
8491fc3f-528f-4ffa-a579-7f35e0bdad61,short,transient,SUCCEEDED,1,NACKED,2026-10-01T00:08:16.161529Z,2026-10-01T00:08:16.162535Z,2026-10-01T00:08:16.191117Z,1.0,28.6
8491fc3f-528f-4ffa-a579-7f35e0bdad61,short,transient,SUCCEEDED,2,ACKED,2026-10-01T00:08:17.047117Z,2026-10-01T00:08:17.098582Z,2026-10-01T00:08:17.113139Z,51.5,14.6
fad554ba-c984-4743-b1dd-76761e7cee14,long,none,SUCCEEDED,1,ACKED,2026-10-01T00:08:16.191117Z,2026-10-01T00:08:16.192118Z,2026-10-01T00:08:17.627531Z,1.0,1435.4
2668ced7-8b3a-4719-96e8-d17ff0de62e8,short,none,SUCCEEDED,1,ACKED,2026-10-01T00:08:16.223190Z,2026-10-01T00:08:16.223190Z,2026-10-01T00:08:16.284465Z,0.0,61.3
fb162f62-a962-478f-8945-745fa10bfd66,short,none,SUCCEEDED,1,ACKED,2026-10-01T00:08:16.253874Z,2026-10-01T00:08:16.254403Z,2026-10-01T00:08:16.299979Z,0.5,45.6
559c5f0a-be82-4cda-b8fb-24f1661c53ea,medium,none,SUCCEEDED,1,ACKED,2026-10-01T00:08:16.285466Z,2026-10-01T00:08:16.286465Z,2026-10-01T00:08:16.518495Z,1.0,232.0
db0d3786-3dcd-487a-ac65-b65e6eda338a,short,none,SUCCEEDED,1,ACKED,2026-10-01T00:08:16.317005Z,2026-10-01T00:08:16.318002Z,2026-10-01T00:08:16.347038Z,1.0,29.0
f858e89e-ef86-416c-b4e2-47d83b6c3583,short,none,SUCCEEDED,1,ACKED,2026-10-01T00:08:16.347038Z,2026-10-01T00:08:16.348544Z,2026-10-01T00:08:16.362597Z,1.5,14.1
41b82b99-93e5-454a-aaa3-e903f5b3d579,medium,none,SUCCEEDED,1,ACKED,2026-10-01T00:08:16.393818Z,2026-10-01T00:08:16.395330Z,2026-10-01T00:08:16.645340Z,1.5,250.0
ab3cafe1-6aa9-4468-ba31-d0461f65d9f7,long,none,SUCCEEDED,1,ACKED,2026-10-01T00:08:16.425785Z,2026-10-01T00:08:16.426785Z,2026-10-01T00:08:18.128432Z,1.0,1701.6
88ab3eae-8735-421a-954d-8d68c3638c86,medium,none,SUCCEEDED,1,ACKED,2026-10-01T00:08:16.457318Z,2026-10-01T00:08:16.458316Z,2026-10-01T00:08:16.660898Z,1.0,202.6
757f8884-15e7-42f9-a2d6-7661a0ecfd90,short,none,SUCCEEDED,1,ACKED,2026-10-01T00:08:16.488376Z,2026-10-01T00:08:16.519494Z,2026-10-01T00:08:16.581628Z,31.1,62.1
e53b00e1-ec55-488d-a600-488a79657cd5,short,none,SUCCEEDED,1,ACKED,2026-10-01T00:08:16.519494Z,2026-10-01T00:08:16.520504Z,2026-10-01T00:08:16.565506Z,1.0,45.0
a5d98fc4-b569-43bd-9052-8c960847a9a6,medium,none,SUCCEEDED,1,ACKED,2026-10-01T00:08:16.551148Z,2026-10-01T00:08:16.567118Z,2026-10-01T00:08:16.769083Z,16.0,202.0
baf36574-5713-43ca-9a1e-91406778a4d5,short,transient,SUCCEEDED,1,NACKED,2026-10-01T00:08:16.582632Z,2026-10-01T00:08:16.582632Z,2026-10-01T00:08:16.629312Z,0.0,46.7
baf36574-5713-43ca-9a1e-91406778a4d5,short,transient,SUCCEEDED,2,ACKED,2026-10-01T00:08:17.445312Z,2026-10-01T00:08:17.627531Z,2026-10-01T00:08:17.674173Z,182.2,46.6
317828ac-66a5-4de0-a65b-ac4d78168703,medium,none,SUCCEEDED,1,ACKED,2026-10-01T00:08:16.615195Z,2026-10-01T00:08:16.630310Z,2026-10-01T00:08:16.800157Z,15.1,169.8
29893920-a3b6-4c8f-978d-becf86801b0a,medium,none,SUCCEEDED,1,ACKED,2026-10-01T00:08:16.660898Z,2026-10-01T00:08:16.662376Z,2026-10-01T00:08:16.864167Z,1.5,201.8
d02afc6f-f154-4aa8-9514-578a7baaba0e,medium,none,SUCCEEDED,1,ACKED,2026-10-01T00:08:16.693130Z,2026-10-01T00:08:16.694135Z,2026-10-01T00:08:16.864167Z,1.0,170.0
3dc93985-18bb-45a1-a477-9517c417aedd,short,none,SUCCEEDED,1,ACKED,2026-10-01T00:08:16.723714Z,2026-10-01T00:08:16.770086Z,2026-10-01T00:08:16.832505Z,46.4,62.4
c68b4c0a-bc5f-4fd7-9337-39fcf0414a55,long,none,SUCCEEDED,1,ACKED,2026-10-01T00:08:16.754391Z,2026-10-01T00:08:16.801665Z,2026-10-01T00:08:18.001758Z,47.3,1200.1
f02c3285-5196-4c30-8768-d7c833380239,medium,none,SUCCEEDED,1,ACKED,2026-10-01T00:08:16.785639Z,2026-10-01T00:08:16.833514Z,2026-10-01T00:08:17.036012Z,47.9,202.5
c81a4ccd-d16f-4819-adc5-466f48d5020f,short,none,SUCCEEDED,1,ACKED,2026-10-01T00:08:16.816972Z,2026-10-01T00:08:16.864918Z,2026-10-01T00:08:16.910790Z,47.9,45.9
5c9c0f83-35ef-4f7b-8f41-0201505eab51,medium,none,SUCCEEDED,1,ACKED,2026-10-01T00:08:16.849628Z,2026-10-01T00:08:16.864918Z,2026-10-01T00:08:17.020270Z,15.3,155.4
3f2fb6b3-3cfb-44ef-b5ab-5380292647c0,short,none,SUCCEEDED,1,ACKED,2026-10-01T00:08:16.895723Z,2026-10-01T00:08:16.911788Z,2026-10-01T00:08:16.942327Z,16.1,30.5
33023240-c9f5-44d7-9951-4194dccb2246,long,none,SUCCEEDED,1,ACKED,2026-10-01T00:08:16.927298Z,2026-10-01T00:08:16.927298Z,2026-10-01T00:08:18.771029Z,0.0,1843.7
37f4d37f-d000-40b5-a179-03f53346a76f,medium,none,SUCCEEDED,1,ACKED,2026-10-01T00:08:16.959502Z,2026-10-01T00:08:16.960512Z,2026-10-01T00:08:17.159742Z,1.0,199.2
f4a56c57-bab3-455d-bdab-dcf046052928,short,none,SUCCEEDED,1,ACKED,2026-10-01T00:08:16.990049Z,2026-10-01T00:08:17.020978Z,2026-10-01T00:08:17.066695Z,30.9,45.7
759d77b5-f89c-4633-99e2-dead5a9096ac,short,none,SUCCEEDED,1,ACKED,2026-10-01T00:08:17.020978Z,2026-10-01T00:08:17.037011Z,2026-10-01T00:08:17.097771Z,16.0,60.8
a8f6562f-2ba5-48c4-af72-5fb33cc91f96,short,none,SUCCEEDED,1,ACKED,2026-10-01T00:08:17.052510Z,2026-10-01T00:08:17.067703Z,2026-10-01T00:08:17.097771Z,15.2,30.1
1d288c02-f439-4720-8388-3ea4e0495c17,medium,none,SUCCEEDED,1,ACKED,2026-10-01T00:08:17.083223Z,2026-10-01T00:08:17.098582Z,2026-10-01T00:08:17.299453Z,15.4,200.9
4b3c6d0f-a71d-445e-996f-74cc79a5d1fe,medium,none,SUCCEEDED,1,ACKED,2026-10-01T00:08:17.129160Z,2026-10-01T00:08:17.131161Z,2026-10-01T00:08:17.268903Z,2.0,137.7
2037b40f-98aa-4129-8895-3699043777e1,short,none,SUCCEEDED,1,ACKED,2026-10-01T00:08:17.160329Z,2026-10-01T00:08:17.161338Z,2026-10-01T00:08:17.207071Z,1.0,45.7
15a64a6c-1091-4c37-848b-fba7188da95e,medium,none,SUCCEEDED,1,ACKED,2026-10-01T00:08:17.192035Z,2026-10-01T00:08:17.208073Z,2026-10-01T00:08:17.517930Z,16.0,309.9
ec9c3369-35e1-433b-a2a3-bd57924c296b,medium,none,SUCCEEDED,1,ACKED,2026-10-01T00:08:17.223413Z,2026-10-01T00:08:17.269904Z,2026-10-01T00:08:17.549454Z,46.5,279.6
ca95d4a8-b972-4d9d-bfcc-44c4b0c4941a,medium,transient,SUCCEEDED,1,NACKED,2026-10-01T00:08:17.253876Z,2026-10-01T00:08:17.300456Z,2026-10-01T00:08:17.408101Z,46.6,107.6
ca95d4a8-b972-4d9d-bfcc-44c4b0c4941a,medium,transient,SUCCEEDED,2,ACKED,2026-10-01T00:08:18.156101Z,2026-10-01T00:08:18.159742Z,2026-10-01T00:08:18.267136Z,3.6,107.4
36daec36-8efd-49f7-8063-7f071a671c95,medium,none,SUCCEEDED,1,ACKED,2026-10-01T00:08:17.284937Z,2026-10-01T00:08:17.409622Z,2026-10-01T00:08:17.674173Z,124.7,264.6
4094a3c1-0fb4-49f8-a6f5-d7715d3146a4,short,none,SUCCEEDED,1,ACKED,2026-10-01T00:08:17.315993Z,2026-10-01T00:08:17.518933Z,2026-10-01T00:08:17.580996Z,202.9,62.1
bf958718-8852-4169-af81-ce3b8417c3b2,short,none,SUCCEEDED,1,ACKED,2026-10-01T00:08:17.362750Z,2026-10-01T00:08:17.534934Z,2026-10-01T00:08:17.565486Z,172.2,30.6
ff0f5a0d-878b-4184-a0e4-08829c2d980b,medium,none,SUCCEEDED,1,ACKED,2026-10-01T00:08:17.393568Z,2026-10-01T00:08:17.550957Z,2026-10-01T00:08:17.845214Z,157.4,294.3
ed91314a-d6f5-4f09-b083-786779d12703,short,none,SUCCEEDED,1,ACKED,2026-10-01T00:08:17.424446Z,2026-10-01T00:08:17.566485Z,2026-10-01T00:08:17.611722Z,142.0,45.2
14072e8a-177a-41b9-bad8-a075e7e6043e,short,none,SUCCEEDED,1,ACKED,2026-10-01T00:08:17.455345Z,2026-10-01T00:08:17.581999Z,2026-10-01T00:08:17.627531Z,126.7,45.5
4e439680-f848-42dd-8486-d53db1896a62,short,none,SUCCEEDED,1,ACKED,2026-10-01T00:08:17.487197Z,2026-10-01T00:08:17.612724Z,2026-10-01T00:08:17.658096Z,125.5,45.4
a6c23872-4c8a-4bd9-abf4-38571f750060,short,none,SUCCEEDED,1,ACKED,2026-10-01T00:08:17.518933Z,2026-10-01T00:08:17.629041Z,2026-10-01T00:08:17.674173Z,110.1,45.1
835583a2-92bb-4efb-81b9-7453c7989a9f,short,none,SUCCEEDED,1,ACKED,2026-10-01T00:08:17.550453Z,2026-10-01T00:08:17.659100Z,2026-10-01T00:08:17.689952Z,108.6,30.9
4df06b05-f698-476d-85bf-2d12816fdb0e,short,none,SUCCEEDED,1,ACKED,2026-10-01T00:08:17.581999Z,2026-10-01T00:08:17.675431Z,2026-10-01T00:08:17.689952Z,93.4,14.5
44a5f1ad-b2ac-4baf-b97b-94d413cb05c6,short,none,SUCCEEDED,1,ACKED,2026-10-01T00:08:17.627531Z,2026-10-01T00:08:17.675431Z,2026-10-01T00:08:17.705115Z,47.9,29.7
fe410e11-b114-4c38-8d52-95847f6781d8,medium,none,SUCCEEDED,1,ACKED,2026-10-01T00:08:17.659100Z,2026-10-01T00:08:17.675431Z,2026-10-01T00:08:17.970514Z,16.3,295.1
89cfeb58-1868-4968-939a-b6b10561f4f8,short,none,SUCCEEDED,1,ACKED,2026-10-01T00:08:17.691067Z,2026-10-01T00:08:17.691584Z,2026-10-01T00:08:17.721059Z,0.5,29.5
e267f6bd-b8a1-49ca-ac63-8ff0a4d02b14,medium,none,SUCCEEDED,1,ACKED,2026-10-01T00:08:17.722060Z,2026-10-01T00:08:17.723064Z,2026-10-01T00:08:17.892570Z,1.0,169.5
0e28b753-5362-45ad-9005-6708623456c6,short,none,SUCCEEDED,1,ACKED,2026-10-01T00:08:17.751581Z,2026-10-01T00:08:17.753612Z,2026-10-01T00:08:17.782301Z,2.0,28.7
c46de987-5248-4ce0-a3ea-9684eebc7452,short,none,SUCCEEDED,1,ACKED,2026-10-01T00:08:17.783302Z,2026-10-01T00:08:17.784303Z,2026-10-01T00:08:17.829696Z,1.0,45.4
dd6652a4-831f-41a9-9dbb-48b7b6625a84,short,none,SUCCEEDED,1,ACKED,2026-10-01T00:08:17.815158Z,2026-10-01T00:08:17.816154Z,2026-10-01T00:08:17.845214Z,1.0,29.1
f2993636-f651-4523-a87a-61324b50534f,short,transient,SUCCEEDED,1,NACKED,2026-10-01T00:08:17.861906Z,2026-10-01T00:08:17.862918Z,2026-10-01T00:08:17.892570Z,1.0,29.7
f2993636-f651-4523-a87a-61324b50534f,short,transient,SUCCEEDED,2,ACKED,2026-10-01T00:08:18.750570Z,2026-10-01T00:08:18.819723Z,2026-10-01T00:08:18.849270Z,69.2,29.5
763f9476-9a5f-4932-ae04-e8a28832af11,short,none,SUCCEEDED,1,ACKED,2026-10-01T00:08:17.893566Z,2026-10-01T00:08:17.893566Z,2026-10-01T00:08:17.939237Z,0.0,45.7
b765f60d-c238-4370-b2d3-38ef311732f2,short,none,SUCCEEDED,1,ACKED,2026-10-01T00:08:17.924265Z,2026-10-01T00:08:17.925275Z,2026-10-01T00:08:17.955295Z,1.0,30.0
2589e940-908f-4d1a-bf07-ffb7b37e114d,short,none,SUCCEEDED,1,ACKED,2026-10-01T00:08:17.956482Z,2026-10-01T00:08:17.956482Z,2026-10-01T00:08:18.017806Z,0.0,61.3
e6e723d6-a8fa-4d1e-b05f-e63bd63f27d9,short,none,SUCCEEDED,1,ACKED,2026-10-01T00:08:17.987260Z,2026-10-01T00:08:17.988258Z,2026-10-01T00:08:18.017806Z,1.0,29.5
d6b5853c-286b-49ac-9c6c-3eb49a321fa1,short,none,SUCCEEDED,1,ACKED,2026-10-01T00:08:18.018806Z,2026-10-01T00:08:18.019806Z,2026-10-01T00:08:18.033346Z,1.0,13.5
3eb9b5c0-b6b1-4f07-8472-00b760773af3,short,none,SUCCEEDED,1,ACKED,2026-10-01T00:08:18.049986Z,2026-10-01T00:08:18.050993Z,2026-10-01T00:08:18.080589Z,1.0,29.6
766f232f-a0fa-43a2-8586-e7178af0b885,short,none,SUCCEEDED,1,ACKED,2026-10-01T00:08:18.081330Z,2026-10-01T00:08:18.082333Z,2026-10-01T00:08:18.112404Z,1.0,30.1
8ee97f0b-14d6-40b1-9a8b-732c2860ee08,short,none,SUCCEEDED,1,ACKED,2026-10-01T00:08:18.129435Z,2026-10-01T00:08:18.130435Z,2026-10-01T00:08:18.159126Z,1.0,28.7
5495aa64-1f30-469a-b248-a2ee192cace0,medium,none,SUCCEEDED,1,ACKED,2026-10-01T00:08:18.159742Z,2026-10-01T00:08:18.159742Z,2026-10-01T00:08:18.473309Z,0.0,313.6
a27d3ded-07ef-4ff1-a45c-6b74df9afacb,medium,none,SUCCEEDED,1,ACKED,2026-10-01T00:08:18.190796Z,2026-10-01T00:08:18.191796Z,2026-10-01T00:08:18.442110Z,1.0,250.3
8a73e7ff-ab3a-458e-a504-78d2eb13c8b0,medium,transient,SUCCEEDED,1,NACKED,2026-10-01T00:08:18.222360Z,2026-10-01T00:08:18.223363Z,2026-10-01T00:08:18.347233Z,1.0,123.9
8a73e7ff-ab3a-458e-a504-78d2eb13c8b0,medium,transient,SUCCEEDED,2,ACKED,2026-10-01T00:08:18.860233Z,2026-10-01T00:08:18.929200Z,2026-10-01T00:08:19.053372Z,69.0,124.2
7336ffc4-6bbc-4558-9ad4-caa879812b79,short,none,SUCCEEDED,1,ACKED,2026-10-01T00:08:18.252110Z,2026-10-01T00:08:18.253107Z,2026-10-01T00:08:18.267136Z,1.0,14.0
d6ffcb8a-9a29-4b4e-aa8a-4acedd537ca7,short,none,SUCCEEDED,1,ACKED,2026-10-01T00:08:18.284167Z,2026-10-01T00:08:18.285167Z,2026-10-01T00:08:18.347233Z,1.0,62.1
c91a0718-d89e-4022-8f41-2796e54aeb52,short,none,SUCCEEDED,1,ACKED,2026-10-01T00:08:18.316172Z,2026-10-01T00:08:18.317171Z,2026-10-01T00:08:18.331199Z,1.0,14.0
c89c882f-5544-400a-bd20-8ee1ba9dd95c,short,permanent,FAILED,1,NACKED,2026-10-01T00:08:18.348241Z,2026-10-01T00:08:18.348241Z,2026-10-01T00:08:18.394501Z,0.0,46.3
71feb824-f84b-453e-9e35-34f9573cac3b,short,none,SUCCEEDED,1,ACKED,2026-10-01T00:08:18.395499Z,2026-10-01T00:08:18.395499Z,2026-10-01T00:08:18.442110Z,0.0,46.6
f9273ee1-359d-493c-85fd-5aeb450b1783,short,none,SUCCEEDED,1,ACKED,2026-10-01T00:08:18.427077Z,2026-10-01T00:08:18.427582Z,2026-10-01T00:08:18.489338Z,0.5,61.8
34fe303b-efeb-4506-9c21-ec7a17064c5b,short,none,SUCCEEDED,1,ACKED,2026-10-01T00:08:18.458276Z,2026-10-01T00:08:18.459282Z,2026-10-01T00:08:18.489338Z,1.0,30.1
ea27083e-42bb-417a-8d00-3387d9d09d4d,medium,none,SUCCEEDED,1,ACKED,2026-10-01T00:08:18.490334Z,2026-10-01T00:08:18.490334Z,2026-10-01T00:08:18.677112Z,0.0,186.8
222fe16f-1144-4959-8ae7-e333a91366f9,short,none,SUCCEEDED,1,ACKED,2026-10-01T00:08:18.522417Z,2026-10-01T00:08:18.523416Z,2026-10-01T00:08:18.552134Z,1.0,28.7
4ff84b5f-f3f3-4556-af81-6e871fe8ee33,medium,none,SUCCEEDED,1,ACKED,2026-10-01T00:08:18.553134Z,2026-10-01T00:08:18.553134Z,2026-10-01T00:08:18.739074Z,0.0,185.9
e9269989-77de-4dd0-b5b1-c3fb2631b577,short,none,SUCCEEDED,1,ACKED,2026-10-01T00:08:18.585642Z,2026-10-01T00:08:18.585642Z,2026-10-01T00:08:18.645916Z,0.0,60.3
b2ebd1fc-c7c7-425b-970a-dd0cee58e0df,short,none,SUCCEEDED,1,ACKED,2026-10-01T00:08:18.616691Z,2026-10-01T00:08:18.617692Z,2026-10-01T00:08:18.645916Z,1.0,28.2
295c32fc-1524-4584-9144-a00fb2e75ef2,short,none,SUCCEEDED,1,ACKED,2026-10-01T00:08:18.662566Z,2026-10-01T00:08:18.662566Z,2026-10-01T00:08:18.692784Z,0.0,30.2
02b8ef52-a86b-42ae-a098-fdd26d4f057f,short,transient,SUCCEEDED,1,NACKED,2026-10-01T00:08:18.693953Z,2026-10-01T00:08:18.694470Z,2026-10-01T00:08:18.707943Z,0.5,13.5
02b8ef52-a86b-42ae-a098-fdd26d4f057f,short,transient,SUCCEEDED,2,ACKED,2026-10-01T00:08:19.422943Z,2026-10-01T00:08:19.476526Z,2026-10-01T00:08:19.491045Z,53.6,14.5
ad850448-10f2-4810-ae25-839a58dee623,short,none,SUCCEEDED,1,ACKED,2026-10-01T00:08:18.724534Z,2026-10-01T00:08:18.725547Z,2026-10-01T00:08:18.739074Z,1.0,13.5
610e50c1-fc50-4405-84f6-2c9ed1ce13bc,short,none,SUCCEEDED,1,ACKED,2026-10-01T00:08:18.755448Z,2026-10-01T00:08:18.756967Z,2026-10-01T00:08:18.786650Z,1.5,29.7
f39832f6-9e10-4177-b86e-0ef072b9ef35,medium,none,SUCCEEDED,1,ACKED,2026-10-01T00:08:18.786650Z,2026-10-01T00:08:18.788155Z,2026-10-01T00:08:19.068065Z,1.5,279.9
074d82c5-aa8b-44c8-bdc4-1e4ed823276f,short,none,SUCCEEDED,1,ACKED,2026-10-01T00:08:18.818215Z,2026-10-01T00:08:18.819723Z,2026-10-01T00:08:18.865327Z,1.5,45.6
189ca400-21a6-4377-8ea9-d4b6257419fb,short,none,SUCCEEDED,1,ACKED,2026-10-01T00:08:18.850268Z,2026-10-01T00:08:18.851286Z,2026-10-01T00:08:18.880608Z,1.0,29.3
1627fcab-074c-404c-8389-2a1d37217d3e,short,none,SUCCEEDED,1,ACKED,2026-10-01T00:08:18.880608Z,2026-10-01T00:08:18.882116Z,2026-10-01T00:08:18.912170Z,1.5,30.1
606f6f74-faf8-4237-9e5a-f44f0251460a,short,none,SUCCEEDED,1,ACKED,2026-10-01T00:08:18.929200Z,2026-10-01T00:08:18.930199Z,2026-10-01T00:08:18.959395Z,1.0,29.2
e03025b3-9acb-4499-a1e0-f5b5c25a5518,short,none,SUCCEEDED,1,ACKED,2026-10-01T00:08:18.960029Z,2026-10-01T00:08:18.961042Z,2026-10-01T00:08:18.991092Z,1.0,30.1
a6d86dbb-61de-4663-a49a-e1aa0b89e6a3,short,permanent,FAILED,1,NACKED,2026-10-01T00:08:18.992093Z,2026-10-01T00:08:18.993092Z,2026-10-01T00:08:19.007112Z,1.0,14.0
53ef618b-1727-464d-872f-d021f2cfc290,long,none,SUCCEEDED,1,ACKED,2026-10-01T00:08:19.023663Z,2026-10-01T00:08:19.023663Z,2026-10-01T00:08:21.000756Z,0.0,1977.1
caecfe89-dcb3-4153-b5d8-fa61b8d8ef1b,medium,none,SUCCEEDED,1,ACKED,2026-10-01T00:08:19.054012Z,2026-10-01T00:08:19.054012Z,2026-10-01T00:08:19.161195Z,0.0,107.2
cf41351e-2ff4-4791-a250-3668a5b8cbb2,short,none,SUCCEEDED,1,ACKED,2026-10-01T00:08:19.084599Z,2026-10-01T00:08:19.085597Z,2026-10-01T00:08:19.114763Z,1.0,29.2
ad7b2d2a-1394-4aba-bf44-d4e3c52b3d7c,medium,none,SUCCEEDED,1,ACKED,2026-10-01T00:08:19.115766Z,2026-10-01T00:08:19.115766Z,2026-10-01T00:08:19.317641Z,0.0,201.9
33c94c46-184e-46b1-9452-2abec8010f8d,short,none,SUCCEEDED,1,ACKED,2026-10-01T00:08:19.161800Z,2026-10-01T00:08:19.162806Z,2026-10-01T00:08:19.191857Z,1.0,29.1
723ab6f2-3c8d-44c5-be42-a062791d77f3,short,none,SUCCEEDED,1,ACKED,2026-10-01T00:08:19.192857Z,2026-10-01T00:08:19.193856Z,2026-10-01T00:08:19.223432Z,1.0,29.6
2e9f8965-795b-472b-bdc7-f93091233745,short,none,SUCCEEDED,1,ACKED,2026-10-01T00:08:19.223432Z,2026-10-01T00:08:19.224430Z,2026-10-01T00:08:19.270062Z,1.0,45.6
ea843645-afc7-4c15-a9ee-82d89b7557f7,short,none,SUCCEEDED,1,ACKED,2026-10-01T00:08:19.255520Z,2026-10-01T00:08:19.256523Z,2026-10-01T00:08:19.301611Z,1.0,45.1
6c46a8e0-335b-401a-986c-cc488711aee5,medium,none,SUCCEEDED,1,ACKED,2026-10-01T00:08:19.286589Z,2026-10-01T00:08:19.287587Z,2026-10-01T00:08:19.444813Z,1.0,157.2
a9122adf-ca4d-4f3f-9210-62ebe68e8c61,medium,none,SUCCEEDED,1,ACKED,2026-10-01T00:08:19.318639Z,2026-10-01T00:08:19.319641Z,2026-10-01T00:08:19.522473Z,1.0,202.8
7ad32ae5-9c62-4090-8cd8-588baf8ed0a2,short,none,SUCCEEDED,1,ACKED,2026-10-01T00:08:19.349645Z,2026-10-01T00:08:19.350153Z,2026-10-01T00:08:19.396417Z,0.5,46.3
b82219c6-e2af-44bc-90a3-55ee5affd1fe,short,none,SUCCEEDED,1,ACKED,2026-10-01T00:08:19.381381Z,2026-10-01T00:08:19.382380Z,2026-10-01T00:08:19.411686Z,1.0,29.3
ef59245e-11b4-4034-861e-0b31eaa732ac,medium,transient,SUCCEEDED,1,NACKED,2026-10-01T00:08:19.429230Z,2026-10-01T00:08:19.430228Z,2026-10-01T00:08:19.599851Z,1.0,169.6
ef59245e-11b4-4034-861e-0b31eaa732ac,medium,transient,SUCCEEDED,2,ACKED,2026-10-01T00:08:20.538851Z,2026-10-01T00:08:20.564370Z,2026-10-01T00:08:20.735158Z,25.5,170.8
3f99ca14-470f-4521-860c-32a216ea3e02,medium,none,SUCCEEDED,1,ACKED,2026-10-01T00:08:19.461010Z,2026-10-01T00:08:19.462013Z,2026-10-01T00:08:19.583319Z,1.0,121.3
95a066c1-bcb6-4c0f-832c-6d527c5bd486,short,none,SUCCEEDED,1,ACKED,2026-10-01T00:08:19.491552Z,2026-10-01T00:08:19.492562Z,2026-10-01T00:08:19.522473Z,1.0,29.9
43dbf502-2c31-4123-845e-b24d63ff2f5d,short,none,SUCCEEDED,1,ACKED,2026-10-01T00:08:19.522978Z,2026-10-01T00:08:19.523986Z,2026-10-01T00:08:19.537496Z,1.0,13.5
ae57d073-621b-4a77-b844-59973619d083,short,none,SUCCEEDED,1,ACKED,2026-10-01T00:08:19.554010Z,2026-10-01T00:08:19.555044Z,2026-10-01T00:08:19.568190Z,1.0,13.1
89c90424-686f-4a6e-857f-32963e430129,medium,transient,SUCCEEDED,1,NACKED,2026-10-01T00:08:19.583319Z,2026-10-01T00:08:19.584830Z,2026-10-01T00:08:19.848232Z,1.5,263.4
89c90424-686f-4a6e-857f-32963e430129,medium,transient,SUCCEEDED,2,ACKED,2026-10-01T00:08:20.631232Z,2026-10-01T00:08:20.674290Z,2026-10-01T00:08:20.922832Z,43.1,248.5
60b996c3-fff6-495f-9928-9422e1cdebb3,short,none,SUCCEEDED,1,ACKED,2026-10-01T00:08:19.614899Z,2026-10-01T00:08:19.616404Z,2026-10-01T00:08:19.661076Z,1.5,44.7
9d365d3f-7cda-4362-8321-a1fdc0e4ed96,short,none,SUCCEEDED,1,ACKED,2026-10-01T00:08:19.662041Z,2026-10-01T00:08:19.662041Z,2026-10-01T00:08:19.707930Z,0.0,45.9
a95101d9-f147-41ac-a567-6042c1a51a1c,short,none,SUCCEEDED,1,ACKED,2026-10-01T00:08:19.692892Z,2026-10-01T00:08:19.693899Z,2026-10-01T00:08:19.723459Z,1.0,29.6
ecd98f6d-2f50-42f8-8c5e-ced159ab8caf,short,none,SUCCEEDED,1,ACKED,2026-10-01T00:08:19.724458Z,2026-10-01T00:08:19.724458Z,2026-10-01T00:08:19.785522Z,0.0,61.1
961bbf93-da84-424c-9dc4-f790f929ad03,short,none,SUCCEEDED,1,ACKED,2026-10-01T00:08:19.754069Z,2026-10-01T00:08:19.755735Z,2026-10-01T00:08:19.769859Z,1.7,14.1
c64f7167-d2ba-47d0-bed9-028bb0851a11,long,none,SUCCEEDED,1,ACKED,2026-10-01T00:08:19.786522Z,2026-10-01T00:08:19.786522Z,2026-10-01T00:08:21.579669Z,0.0,1793.1
846031fc-dc4a-4a37-b4ef-b9e554b7fb19,short,none,SUCCEEDED,1,ACKED,2026-10-01T00:08:19.818072Z,2026-10-01T00:08:19.819084Z,2026-10-01T00:08:19.863561Z,1.0,44.5
5f270171-a97f-42ac-83da-98204149b3ef,short,none,SUCCEEDED,1,ACKED,2026-10-01T00:08:19.849230Z,2026-10-01T00:08:19.850231Z,2026-10-01T00:08:19.878753Z,1.0,28.5
a3d9c864-845e-4089-a5db-c246f56e22c6,short,none,SUCCEEDED,1,ACKED,2026-10-01T00:08:19.893898Z,2026-10-01T00:08:19.895924Z,2026-10-01T00:08:19.955459Z,2.0,59.5
589b80d6-abbd-4cd9-a659-3e8820a48125,short,none,SUCCEEDED,1,ACKED,2026-10-01T00:08:19.924909Z,2026-10-01T00:08:19.925906Z,2026-10-01T00:08:19.971342Z,1.0,45.4
0ce70150-44aa-4e73-84a0-fca16363d837,medium,none,SUCCEEDED,1,ACKED,2026-10-01T00:08:19.956065Z,2026-10-01T00:08:19.957072Z,2026-10-01T00:08:20.110958Z,1.0,153.9
edbb7f45-7534-45d2-9941-ea05ef7313e9,short,transient,SUCCEEDED,1,NACKED,2026-10-01T00:08:19.987029Z,2026-10-01T00:08:19.989362Z,2026-10-01T00:08:20.034132Z,2.3,44.8
edbb7f45-7534-45d2-9941-ea05ef7313e9,short,transient,SUCCEEDED,2,ACKED,2026-10-01T00:08:20.760132Z,2026-10-01T00:08:20.783557Z,2026-10-01T00:08:20.829301Z,23.4,45.7
07c26196-a599-4b87-b17d-60aa70b1f22f,short,none,SUCCEEDED,1,ACKED,2026-10-01T00:08:20.019100Z,2026-10-01T00:08:20.020107Z,2026-10-01T00:08:20.064784Z,1.0,44.7
c18930c0-af35-48ff-82f5-10581c010797,short,none,SUCCEEDED,1,ACKED,2026-10-01T00:08:20.050944Z,2026-10-01T00:08:20.051944Z,2026-10-01T00:08:20.080123Z,1.0,28.2
417c08e0-489d-4478-8392-a3a78168c633,short,none,SUCCEEDED,1,ACKED,2026-10-01T00:08:20.081124Z,2026-10-01T00:08:20.081633Z,2026-10-01T00:08:20.126984Z,0.5,45.4
fe1e6af4-7564-4db7-8a56-5b1f6fe106a8,short,none,SUCCEEDED,1,ACKED,2026-10-01T00:08:20.127984Z,2026-10-01T00:08:20.128984Z,2026-10-01T00:08:20.174876Z,1.0,45.9
1d8b019c-29ae-4bc4-a58b-7ac36466b67e,short,none,SUCCEEDED,1,ACKED,2026-10-01T00:08:20.159725Z,2026-10-01T00:08:20.160239Z,2026-10-01T00:08:20.207048Z,0.5,46.8
0480b22c-cd5d-4195-a47f-600e424f0d06,short,none,SUCCEEDED,1,ACKED,2026-10-01T00:08:20.192023Z,2026-10-01T00:08:20.193018Z,2026-10-01T00:08:20.238111Z,1.0,45.1
815b310e-c714-448f-b4d3-2b21de5c6424,medium,none,SUCCEEDED,1,ACKED,2026-10-01T00:08:20.223584Z,2026-10-01T00:08:20.223584Z,2026-10-01T00:08:20.533740Z,0.0,310.2
8d5bcd16-1485-46ab-bc0c-2c75dcf2d034,medium,none,SUCCEEDED,1,ACKED,2026-10-01T00:08:20.255169Z,2026-10-01T00:08:20.255585Z,2026-10-01T00:08:20.455860Z,0.4,200.3
680b22e7-685c-45a3-a4f8-b1b5bb973bc8,short,none,SUCCEEDED,1,ACKED,2026-10-01T00:08:20.286998Z,2026-10-01T00:08:20.286998Z,2026-10-01T00:08:20.332999Z,0.0,46.0
194598bd-6859-4622-a4fd-5e51541b5d14,short,none,SUCCEEDED,1,ACKED,2026-10-01T00:08:20.318478Z,2026-10-01T00:08:20.319481Z,2026-10-01T00:08:20.363274Z,1.0,43.8
21661ba2-05f5-43d5-b790-4a39300ace61,long,none,SUCCEEDED,1,ACKED,2026-10-01T00:08:20.348659Z,2026-10-01T00:08:20.348659Z,2026-10-01T00:08:21.843115Z,0.0,1494.5
49f9ec63-a900-49c3-864f-671321bf32bb,short,transient,SUCCEEDED,1,NACKED,2026-10-01T00:08:20.393443Z,2026-10-01T00:08:20.394749Z,2026-10-01T00:08:20.440310Z,1.3,45.6
49f9ec63-a900-49c3-864f-671321bf32bb,short,transient,SUCCEEDED,2,ACKED,2026-10-01T00:08:21.152310Z,2026-10-01T00:08:21.223118Z,2026-10-01T00:08:21.269702Z,70.8,46.6
189c676b-445f-4729-9a7a-3ef1a815ded2,medium,none,SUCCEEDED,1,ACKED,2026-10-01T00:08:20.425797Z,2026-10-01T00:08:20.426796Z,2026-10-01T00:08:20.548708Z,1.0,121.9
fa682602-1a00-4455-9d04-65906dbc45af,short,none,SUCCEEDED,1,ACKED,2026-10-01T00:08:20.456862Z,2026-10-01T00:08:20.456862Z,2026-10-01T00:08:20.487125Z,0.0,30.3
ac2ae9c9-d202-4451-a72c-2cbe961e0bba,short,none,SUCCEEDED,1,ACKED,2026-10-01T00:08:20.488124Z,2026-10-01T00:08:20.489122Z,2026-10-01T00:08:20.502673Z,1.0,13.6
0bbdc15f-8a45-4341-9e53-1f02b7b95150,medium,none,SUCCEEDED,1,ACKED,2026-10-01T00:08:20.518714Z,2026-10-01T00:08:20.519715Z,2026-10-01T00:08:20.735158Z,1.0,215.4
b219503d-6655-438c-ba1b-712db738e5db,short,none,SUCCEEDED,1,ACKED,2026-10-01T00:08:20.549710Z,2026-10-01T00:08:20.550708Z,2026-10-01T00:08:20.594915Z,1.0,44.2
e4c72005-dfc4-4464-8078-ceb8a5c440b3,short,none,SUCCEEDED,1,ACKED,2026-10-01T00:08:20.594915Z,2026-10-01T00:08:20.595916Z,2026-10-01T00:08:20.657538Z,1.0,61.6
b1ac78e4-3919-478d-898b-383052ece775,short,none,SUCCEEDED,1,ACKED,2026-10-01T00:08:20.626987Z,2026-10-01T00:08:20.628514Z,2026-10-01T00:08:20.657538Z,1.5,29.0
236b9e18-1836-4307-966d-d1164f82e104,short,none,SUCCEEDED,1,ACKED,2026-10-01T00:08:20.658045Z,2026-10-01T00:08:20.659053Z,2026-10-01T00:08:20.688803Z,1.0,29.8
6b15bd98-4fc8-4520-8135-d001537deac5,short,none,SUCCEEDED,1,ACKED,2026-10-01T00:08:20.689437Z,2026-10-01T00:08:20.690442Z,2026-10-01T00:08:20.719780Z,1.0,29.3
4f3e5738-b5d3-4ecf-821c-2c46af289b1d,short,none,SUCCEEDED,1,ACKED,2026-10-01T00:08:20.720640Z,2026-10-01T00:08:20.721645Z,2026-10-01T00:08:20.766738Z,1.0,45.1
30520d52-5269-4d79-ad95-e9e0a27f2c24,short,none,SUCCEEDED,1,ACKED,2026-10-01T00:08:20.752184Z,2026-10-01T00:08:20.753184Z,2026-10-01T00:08:20.798071Z,1.0,44.9
d3fa57c1-4925-410b-aeb6-2b1c1b504f1e,short,none,SUCCEEDED,1,ACKED,2026-10-01T00:08:20.783557Z,2026-10-01T00:08:20.784561Z,2026-10-01T00:08:20.813521Z,1.0,29.0
4f5e277d-743b-4558-8d1b-4470637a58ef,short,none,SUCCEEDED,1,ACKED,2026-10-01T00:08:20.814525Z,2026-10-01T00:08:20.814525Z,2026-10-01T00:08:20.876026Z,0.0,61.5
b6b5f03f-2091-4cc3-b8bf-642c5459b7bc,medium,none,SUCCEEDED,1,ACKED,2026-10-01T00:08:20.861Z,2026-10-01T00:08:20.862006Z,2026-10-01T00:08:21.000756Z,1.0,138.8
d8939400-288b-4718-82b0-86beb8057ad4,medium,none,SUCCEEDED,1,ACKED,2026-10-01T00:08:20.892273Z,2026-10-01T00:08:20.892777Z,2026-10-01T00:08:21.143787Z,0.5,251.0
0e8ae257-73c9-4232-b4b8-09aa07a6de6c,short,transient,SUCCEEDED,1,NACKED,2026-10-01T00:08:20.923834Z,2026-10-01T00:08:20.924341Z,2026-10-01T00:08:20.984725Z,0.5,60.4
0e8ae257-73c9-4232-b4b8-09aa07a6de6c,short,transient,SUCCEEDED,2,ACKED,2026-10-01T00:08:21.621725Z,2026-10-01T00:08:21.658651Z,2026-10-01T00:08:21.718504Z,36.9,59.9
50fa7a8f-8a76-486b-ad03-0056a35718c2,short,none,SUCCEEDED,1,ACKED,2026-10-01T00:08:20.954206Z,2026-10-01T00:08:20.954206Z,2026-10-01T00:08:20.984725Z,0.0,30.5
741fcd2c-0cd8-464e-8b3e-668f0f9574d3,short,none,SUCCEEDED,1,ACKED,2026-10-01T00:08:20.985730Z,2026-10-01T00:08:20.986237Z,2026-10-01T00:08:21.017275Z,0.5,31.0
e42d70f6-7a45-4d08-8c33-7684a2b7a54b,short,transient,SUCCEEDED,1,NACKED,2026-10-01T00:08:21.018283Z,2026-10-01T00:08:21.019281Z,2026-10-01T00:08:21.064304Z,1.0,45.0
e42d70f6-7a45-4d08-8c33-7684a2b7a54b,short,transient,SUCCEEDED,2,ACKED,2026-10-01T00:08:21.766304Z,2026-10-01T00:08:21.875300Z,2026-10-01T00:08:21.920908Z,109.0,45.6
304d115b-4520-49a0-ad24-f68181358585,short,none,SUCCEEDED,1,ACKED,2026-10-01T00:08:21.049335Z,2026-10-01T00:08:21.050967Z,2026-10-01T00:08:21.080645Z,1.6,29.7
2acec340-b33a-4cb8-aae5-8fe6589e952a,medium,none,SUCCEEDED,1,ACKED,2026-10-01T00:08:21.081651Z,2026-10-01T00:08:21.081651Z,2026-10-01T00:08:21.315465Z,0.0,233.8
6c4fa895-3db8-46df-8e32-55af3e8a436a,short,none,SUCCEEDED,1,ACKED,2026-10-01T00:08:21.128761Z,2026-10-01T00:08:21.129761Z,2026-10-01T00:08:21.175039Z,1.0,45.3
01ef1a66-e31a-4317-8c95-b6fb1fd4be57,medium,none,SUCCEEDED,1,ACKED,2026-10-01T00:08:21.160464Z,2026-10-01T00:08:21.161475Z,2026-10-01T00:08:21.330967Z,1.0,169.5
05b7a621-3f40-4ece-be36-16ec93fa483c,medium,transient,DEAD_LETTER,1,NACKED,2026-10-01T00:08:21.191066Z,2026-10-01T00:08:21.192065Z,2026-10-01T00:08:21.408615Z,1.0,216.6
05b7a621-3f40-4ece-be36-16ec93fa483c,medium,transient,DEAD_LETTER,2,NACKED,2026-10-01T00:08:21.967615Z,2026-10-01T00:08:21.983600Z,2026-10-01T00:08:22.202260Z,16.0,218.7
05b7a621-3f40-4ece-be36-16ec93fa483c,medium,transient,DEAD_LETTER,3,NACKED,2026-10-01T00:08:23.362260Z,2026-10-01T00:08:23.408585Z,2026-10-01T00:08:23.628112Z,46.3,219.5
f9c72c89-19b4-433b-8b49-e142be208b28,short,none,SUCCEEDED,1,ACKED,2026-10-01T00:08:21.223118Z,2026-10-01T00:08:21.223118Z,2026-10-01T00:08:21.253629Z,0.0,30.5
6ac61c49-1ceb-41d8-a99e-45308e7be88b,short,none,SUCCEEDED,1,ACKED,2026-10-01T00:08:21.254638Z,2026-10-01T00:08:21.255639Z,2026-10-01T00:08:21.284901Z,1.0,29.3
fba36b5c-1886-43be-a72f-76277f46f0ac,short,none,SUCCEEDED,1,ACKED,2026-10-01T00:08:21.285903Z,2026-10-01T00:08:21.285903Z,2026-10-01T00:08:21.330967Z,0.0,45.1
233eb1db-0db6-409f-b731-5ff643a94603,short,none,SUCCEEDED,1,ACKED,2026-10-01T00:08:21.316463Z,2026-10-01T00:08:21.316463Z,2026-10-01T00:08:21.362532Z,0.0,46.1
a86f9e37-2e13-4032-a681-a4a69c595209,short,transient,SUCCEEDED,1,NACKED,2026-10-01T00:08:21.347990Z,2026-10-01T00:08:21.348991Z,2026-10-01T00:08:21.378226Z,1.0,29.2
a86f9e37-2e13-4032-a681-a4a69c595209,short,transient,SUCCEEDED,2,ACKED,2026-10-01T00:08:21.969226Z,2026-10-01T00:08:21.984606Z,2026-10-01T00:08:22.014750Z,15.4,30.1
435b676d-0569-4656-99c3-790b8930b460,short,none,SUCCEEDED,1,ACKED,2026-10-01T00:08:21.394066Z,2026-10-01T00:08:21.395577Z,2026-10-01T00:08:21.423667Z,1.5,28.1
2b31d742-ad0b-46bb-90df-c3d15fde5b7c,short,none,SUCCEEDED,1,ACKED,2026-10-01T00:08:21.424666Z,2026-10-01T00:08:21.424666Z,2026-10-01T00:08:21.485964Z,0.0,61.3
15f7c5e3-5a9a-47d5-8dc8-4823e94d5817,short,none,SUCCEEDED,1,ACKED,2026-10-01T00:08:21.456718Z,2026-10-01T00:08:21.457718Z,2026-10-01T00:08:21.501307Z,1.0,43.6
16c67575-b3ea-4282-909f-66e005c21cd5,medium,none,SUCCEEDED,1,ACKED,2026-10-01T00:08:21.486963Z,2026-10-01T00:08:21.487963Z,2026-10-01T00:08:21.657652Z,1.0,169.7
45bbcb80-563b-4453-9f2a-4911ba5f3e53,short,none,SUCCEEDED,1,ACKED,2026-10-01T00:08:21.518345Z,2026-10-01T00:08:21.519346Z,2026-10-01T00:08:21.563941Z,1.0,44.6
5e696e2e-6ac6-4799-adec-dd95924ad126,short,none,SUCCEEDED,1,ACKED,2026-10-01T00:08:21.549895Z,2026-10-01T00:08:21.550894Z,2026-10-01T00:08:21.610311Z,1.0,59.4
6fbae489-d6a2-4dca-a7a3-09a002186c33,short,none,SUCCEEDED,1,ACKED,2026-10-01T00:08:21.595765Z,2026-10-01T00:08:21.596276Z,2026-10-01T00:08:21.625826Z,0.5,29.6
26893c8d-024b-45cf-a5f3-b3f0e2c8022a,medium,none,SUCCEEDED,1,ACKED,2026-10-01T00:08:21.625826Z,2026-10-01T00:08:21.627329Z,2026-10-01T00:08:21.780762Z,1.5,153.4
7da1c1fb-0425-44fd-b639-4c7f00ae1d4a,medium,none,SUCCEEDED,1,ACKED,2026-10-01T00:08:21.658651Z,2026-10-01T00:08:21.658651Z,2026-10-01T00:08:21.905376Z,0.0,246.7
480aa968-6244-4337-ad35-ff6237c60f7d,short,none,SUCCEEDED,1,ACKED,2026-10-01T00:08:21.689450Z,2026-10-01T00:08:21.689956Z,2026-10-01T00:08:21.734537Z,0.5,44.6
70124b28-d7b4-4a3f-917d-845462ab3245,medium,none,SUCCEEDED,1,ACKED,2026-10-01T00:08:21.719504Z,2026-10-01T00:08:21.719504Z,2026-10-01T00:08:21.967816Z,0.0,248.3
42457d02-55ae-4b1a-a512-4fc8328245a0,short,transient,SUCCEEDED,1,NACKED,2026-10-01T00:08:21.751058Z,2026-10-01T00:08:21.751563Z,2026-10-01T00:08:21.765596Z,0.5,14.0
42457d02-55ae-4b1a-a512-4fc8328245a0,short,transient,SUCCEEDED,2,ACKED,2026-10-01T00:08:22.579596Z,2026-10-01T00:08:22.641053Z,2026-10-01T00:08:22.655593Z,61.5,14.5
977d9afa-7ab9-4c5f-9d01-24dd602c0623,medium,none,SUCCEEDED,1,ACKED,2026-10-01T00:08:21.781496Z,2026-10-01T00:08:21.782504Z,2026-10-01T00:08:22.014750Z,1.0,232.2
e417239a-08b9-4d21-915e-650b8bbb35eb,short,transient,SUCCEEDED,1,NACKED,2026-10-01T00:08:21.828603Z,2026-10-01T00:08:21.829601Z,2026-10-01T00:08:21.874578Z,1.0,45.0
e417239a-08b9-4d21-915e-650b8bbb35eb,short,transient,SUCCEEDED,2,ACKED,2026-10-01T00:08:22.551578Z,2026-10-01T00:08:22.641053Z,2026-10-01T00:08:22.686563Z,89.5,45.5
3e9df5d1-feba-4974-aaaf-1d9bfa9463e0,short,none,SUCCEEDED,1,ACKED,2026-10-01T00:08:21.859557Z,2026-10-01T00:08:21.860560Z,2026-10-01T00:08:21.920908Z,1.0,60.3
79d10879-b44d-4417-b712-a3f8545a1d38,short,none,SUCCEEDED,1,ACKED,2026-10-01T00:08:21.890863Z,2026-10-01T00:08:21.891856Z,2026-10-01T00:08:21.920908Z,1.0,29.1
bd58ff60-f76e-4804-85a2-1328c29bf19c,short,none,SUCCEEDED,1,ACKED,2026-10-01T00:08:21.921907Z,2026-10-01T00:08:21.921907Z,2026-10-01T00:08:21.952263Z,0.0,30.4
63ec31d4-fe45-4766-88bb-454f95640d65,medium,none,SUCCEEDED,1,ACKED,2026-10-01T00:08:21.953263Z,2026-10-01T00:08:21.953263Z,2026-10-01T00:08:22.140030Z,0.0,186.8
251f21e0-7463-4998-8dd1-73f6eaf4d3a4,short,none,SUCCEEDED,1,ACKED,2026-10-01T00:08:21.983600Z,2026-10-01T00:08:21.984606Z,2026-10-01T00:08:21.999131Z,1.0,14.5
10ddf360-a39a-4e0f-82bd-84d39bbcf22d,short,none,SUCCEEDED,1,ACKED,2026-10-01T00:08:22.015749Z,2026-10-01T00:08:22.015749Z,2026-10-01T00:08:22.046800Z,0.0,31.1
e2d53eaf-847d-4029-a445-f10de10961bc,short,none,SUCCEEDED,1,ACKED,2026-10-01T00:08:22.047800Z,2026-10-01T00:08:22.048800Z,2026-10-01T00:08:22.077877Z,1.0,29.1
b6fbe76c-9c1a-4bcd-a966-5ed9b5b40506,short,none,SUCCEEDED,1,ACKED,2026-10-01T00:08:22.094336Z,2026-10-01T00:08:22.095346Z,2026-10-01T00:08:22.124498Z,1.0,29.2
76e5f121-da8c-4867-b512-adbfddfb596c,medium,none,SUCCEEDED,1,ACKED,2026-10-01T00:08:22.125497Z,2026-10-01T00:08:22.125497Z,2026-10-01T00:08:22.374747Z,0.0,249.3
d562defc-43eb-4ddb-9e91-27634d078b20,short,none,SUCCEEDED,1,ACKED,2026-10-01T00:08:22.157055Z,2026-10-01T00:08:22.158055Z,2026-10-01T00:08:22.186745Z,1.0,28.7
ebde4332-6d51-49ed-8b92-f735711fd8eb,short,transient,SUCCEEDED,1,NACKED,2026-10-01T00:08:22.187747Z,2026-10-01T00:08:22.187747Z,2026-10-01T00:08:22.233818Z,0.0,46.1
ebde4332-6d51-49ed-8b92-f735711fd8eb,short,transient,SUCCEEDED,2,NACKED,2026-10-01T00:08:23.185818Z,2026-10-01T00:08:23.188825Z,2026-10-01T00:08:23.234384Z,3.0,45.6
ebde4332-6d51-49ed-8b92-f735711fd8eb,short,transient,SUCCEEDED,3,ACKED,2026-10-01T00:08:24.645384Z,2026-10-01T00:08:24.803081Z,2026-10-01T00:08:24.849072Z,157.7,46.0
3f30fa29-558e-48af-bdc0-b2497466f56e,medium,transient,SUCCEEDED,1,NACKED,2026-10-01T00:08:22.218799Z,2026-10-01T00:08:22.219798Z,2026-10-01T00:08:22.374747Z,1.0,154.9
3f30fa29-558e-48af-bdc0-b2497466f56e,medium,transient,SUCCEEDED,2,ACKED,2026-10-01T00:08:22.918747Z,2026-10-01T00:08:22.969023Z,2026-10-01T00:08:23.124694Z,50.3,155.7
82cbca14-76a0-4e94-8960-5b0b10bbf4e6,short,none,SUCCEEDED,1,ACKED,2026-10-01T00:08:22.250889Z,2026-10-01T00:08:22.251887Z,2026-10-01T00:08:22.280839Z,1.0,29.0
c78f83e2-639e-42e3-885a-7f704fd20b73,medium,none,SUCCEEDED,1,ACKED,2026-10-01T00:08:22.281563Z,2026-10-01T00:08:22.282571Z,2026-10-01T00:08:22.454132Z,1.0,171.6
07e30f21-5436-48cb-952d-31deb34c571d,short,none,SUCCEEDED,1,ACKED,2026-10-01T00:08:22.329141Z,2026-10-01T00:08:22.330141Z,2026-10-01T00:08:22.343654Z,1.0,13.5
55ea3750-64c5-43c0-b4fa-ee41f551af90,short,none,SUCCEEDED,1,ACKED,2026-10-01T00:08:22.360190Z,2026-10-01T00:08:22.361197Z,2026-10-01T00:08:22.406575Z,1.0,45.4
e435186f-f607-47ca-8ced-99f434d2df3c,short,none,SUCCEEDED,1,ACKED,2026-10-01T00:08:22.390865Z,2026-10-01T00:08:22.392045Z,2026-10-01T00:08:22.422611Z,1.2,30.6
bd3cb894-36ba-44f1-a767-18d49c244e80,medium,none,SUCCEEDED,1,ACKED,2026-10-01T00:08:22.423001Z,2026-10-01T00:08:22.423001Z,2026-10-01T00:08:22.640048Z,0.0,217.0
b92402f3-08bb-4b09-97cc-23dfcd64c19f,short,transient,SUCCEEDED,1,NACKED,2026-10-01T00:08:22.455141Z,2026-10-01T00:08:22.455650Z,2026-10-01T00:08:22.484406Z,0.5,28.8
b92402f3-08bb-4b09-97cc-23dfcd64c19f,short,transient,SUCCEEDED,2,NACKED,2026-10-01T00:08:23.178406Z,2026-10-01T00:08:23.188825Z,2026-10-01T00:08:23.218863Z,10.4,30.0
b92402f3-08bb-4b09-97cc-23dfcd64c19f,short,transient,SUCCEEDED,3,ACKED,2026-10-01T00:08:24.219863Z,2026-10-01T00:08:24.301754Z,2026-10-01T00:08:24.332292Z,81.9,30.5
ef8ea73d-9024-4bce-bf58-9626aa6a0754,short,transient,SUCCEEDED,1,NACKED,2026-10-01T00:08:22.485402Z,2026-10-01T00:08:22.485907Z,2026-10-01T00:08:22.515493Z,0.5,29.6
ef8ea73d-9024-4bce-bf58-9626aa6a0754,short,transient,SUCCEEDED,2,ACKED,2026-10-01T00:08:23.222493Z,2026-10-01T00:08:23.297978Z,2026-10-01T00:08:23.313517Z,75.5,15.5
8bde28d2-6287-4e2d-847f-5a7797b22449,short,none,SUCCEEDED,1,ACKED,2026-10-01T00:08:22.515493Z,2026-10-01T00:08:22.517002Z,2026-10-01T00:08:22.545691Z,1.5,28.7
6ac0b446-9059-47e0-95b1-3734bd66ebda,short,none,SUCCEEDED,1,ACKED,2026-10-01T00:08:22.562269Z,2026-10-01T00:08:22.563279Z,2026-10-01T00:08:22.608496Z,1.0,45.2
c3829b67-37a4-4d78-b6fb-ed1744407dee,short,none,SUCCEEDED,1,ACKED,2026-10-01T00:08:22.593473Z,2026-10-01T00:08:22.594473Z,2026-10-01T00:08:22.624528Z,1.0,30.1
8b3cc6f2-f664-4969-bdda-68022c99cb36,short,none,SUCCEEDED,1,ACKED,2026-10-01T00:08:22.625527Z,2026-10-01T00:08:22.626526Z,2026-10-01T00:08:22.655593Z,1.0,29.1
704dc965-9d39-47fd-92ce-6f427164d289,medium,none,SUCCEEDED,1,ACKED,2026-10-01T00:08:22.656603Z,2026-10-01T00:08:22.656603Z,2026-10-01T00:08:22.920778Z,0.0,264.2
00f603eb-9f94-4a83-940a-469e5c707050,short,none,SUCCEEDED,1,ACKED,2026-10-01T00:08:22.687268Z,2026-10-01T00:08:22.687786Z,2026-10-01T00:08:22.718348Z,0.5,30.6
d32bfc61-60f7-4679-9a17-7491dfb7eddb,long,none,SUCCEEDED,1,ACKED,2026-10-01T00:08:22.719348Z,2026-10-01T00:08:22.719348Z,2026-10-01T00:08:24.706730Z,0.0,1987.4
0579346a-fb86-4184-95d3-b9fce65e519f,short,none,SUCCEEDED,1,ACKED,2026-10-01T00:08:22.749202Z,2026-10-01T00:08:22.750208Z,2026-10-01T00:08:22.779934Z,1.0,29.7
fef3544b-2093-4cf2-ba96-dcd53f8bb97c,short,none,SUCCEEDED,1,ACKED,2026-10-01T00:08:22.780619Z,2026-10-01T00:08:22.781624Z,2026-10-01T00:08:22.826210Z,1.0,44.6
5fa633c6-acc8-45f3-a651-d8e525b3d6aa,short,transient,SUCCEEDED,1,NACKED,2026-10-01T00:08:22.827210Z,2026-10-01T00:08:22.827210Z,2026-10-01T00:08:22.858244Z,0.0,31.0
5fa633c6-acc8-45f3-a651-d8e525b3d6aa,short,transient,SUCCEEDED,2,ACKED,2026-10-01T00:08:23.778244Z,2026-10-01T00:08:23.846839Z,2026-10-01T00:08:23.877990Z,68.6,31.2
2e2de0ed-9b29-42d6-837c-a077b95b1fd8,short,none,SUCCEEDED,1,ACKED,2026-10-01T00:08:22.859246Z,2026-10-01T00:08:22.859752Z,2026-10-01T00:08:22.889010Z,0.5,29.3
49302502-021b-4c3a-a8f2-9bf9baadc312,short,none,SUCCEEDED,1,ACKED,2026-10-01T00:08:22.889010Z,2026-10-01T00:08:22.890714Z,2026-10-01T00:08:22.920778Z,1.7,30.1
c4a6d056-40ea-49cf-8b3a-bcc4188f4c08,short,none,SUCCEEDED,1,ACKED,2026-10-01T00:08:22.921779Z,2026-10-01T00:08:22.921779Z,2026-10-01T00:08:22.968392Z,0.0,46.6
b87c5ad0-b43a-4d9f-bf95-389db09a09e7,medium,none,SUCCEEDED,1,ACKED,2026-10-01T00:08:22.952833Z,2026-10-01T00:08:22.953833Z,2026-10-01T00:08:23.172284Z,1.0,218.5
8cbe7755-2c70-43fd-8dae-62612ee3585a,medium,none,SUCCEEDED,1,ACKED,2026-10-01T00:08:22.984776Z,2026-10-01T00:08:22.985784Z,2026-10-01T00:08:23.124694Z,1.0,138.9
e89f17ea-41c1-4cd3-b3dc-594e5507b98a,short,none,SUCCEEDED,1,ACKED,2026-10-01T00:08:23.015332Z,2026-10-01T00:08:23.016331Z,2026-10-01T00:08:23.061688Z,1.0,45.4
7d7b6e95-afe3-4d42-ac29-03582acc0c38,long,none,SUCCEEDED,1,ACKED,2026-10-01T00:08:23.062688Z,2026-10-01T00:08:23.063687Z,2026-10-01T00:08:25.005432Z,1.0,1941.7
eabfc984-7bdb-4b44-81cb-65d99d33c7bb,short,none,SUCCEEDED,1,ACKED,2026-10-01T00:08:23.094265Z,2026-10-01T00:08:23.094770Z,2026-10-01T00:08:23.108805Z,0.5,14.0
018a89ec-0bfc-4d01-b50d-817ca27773b6,short,none,SUCCEEDED,1,ACKED,2026-10-01T00:08:23.124694Z,2026-10-01T00:08:23.126695Z,2026-10-01T00:08:23.156735Z,2.0,30.0
3deefc0f-dd1b-4a29-8d84-cd5a1bc0e7d7,medium,none,SUCCEEDED,1,ACKED,2026-10-01T00:08:23.157740Z,2026-10-01T00:08:23.158738Z,2026-10-01T00:08:23.392056Z,1.0,233.3
03b51393-9e48-48b3-ba22-ae667b393e94,short,none,SUCCEEDED,1,ACKED,2026-10-01T00:08:23.188825Z,2026-10-01T00:08:23.188825Z,2026-10-01T00:08:23.234384Z,0.0,45.6
337726f0-db0c-4a28-b6e2-8fee5e46f382,short,none,SUCCEEDED,1,ACKED,2026-10-01T00:08:23.219870Z,2026-10-01T00:08:23.219870Z,2026-10-01T00:08:23.265478Z,0.0,45.6
2cf6a036-35e3-4436-aa94-21fa6ffe0dd5,medium,none,SUCCEEDED,1,ACKED,2026-10-01T00:08:23.250929Z,2026-10-01T00:08:23.251440Z,2026-10-01T00:08:23.470739Z,0.5,219.3
9e1ebb40-678a-42bf-a0b3-0f045cf437e3,medium,none,SUCCEEDED,1,ACKED,2026-10-01T00:08:23.281955Z,2026-10-01T00:08:23.282458Z,2026-10-01T00:08:23.392056Z,0.5,109.6
ee8b97bc-ccdc-4a8f-a913-82a2943bb126,short,none,SUCCEEDED,1,ACKED,2026-10-01T00:08:23.314724Z,2026-10-01T00:08:23.315732Z,2026-10-01T00:08:23.361293Z,1.0,45.6
28408554-a67a-48e4-9fbf-a29434133a18,long,none,SUCCEEDED,1,ACKED,2026-10-01T00:08:23.361293Z,2026-10-01T00:08:23.362804Z,2026-10-01T00:08:25.145142Z,1.5,1782.3
6763fa32-17cf-46fc-9c92-cdec2bc7fe44,medium,none,SUCCEEDED,1,ACKED,2026-10-01T00:08:23.394054Z,2026-10-01T00:08:23.394054Z,2026-10-01T00:08:23.644145Z,0.0,250.1
17b28510-f34e-4c60-95d4-2d4fb3a9302c,short,none,SUCCEEDED,1,ACKED,2026-10-01T00:08:23.424096Z,2026-10-01T00:08:23.425609Z,2026-10-01T00:08:23.470739Z,1.5,45.1
a9bf139f-36d3-4c3a-8284-91c4d32b4695,short,none,SUCCEEDED,1,ACKED,2026-10-01T00:08:23.456140Z,2026-10-01T00:08:23.456140Z,2026-10-01T00:08:23.501998Z,0.0,45.9
40409623-fb1b-496a-a823-bbb44183e187,short,none,SUCCEEDED,1,ACKED,2026-10-01T00:08:23.487450Z,2026-10-01T00:08:23.488459Z,2026-10-01T00:08:23.533069Z,1.0,44.6
9c34f1ab-618e-4510-b8ad-2c204f58163a,short,none,SUCCEEDED,1,ACKED,2026-10-01T00:08:23.518551Z,2026-10-01T00:08:23.518551Z,2026-10-01T00:08:23.548728Z,0.0,30.2
30941db8-8847-4eb2-80fa-d95fd12c3a0f,short,none,SUCCEEDED,1,ACKED,2026-10-01T00:08:23.549729Z,2026-10-01T00:08:23.550728Z,2026-10-01T00:08:23.579963Z,1.0,29.2
b8cf252e-f43e-4ee5-b53f-1ced05ff0aac,short,permanent,FAILED,1,NACKED,2026-10-01T00:08:23.580548Z,2026-10-01T00:08:23.581554Z,2026-10-01T00:08:23.612095Z,1.0,30.5
2ea11886-7b52-43ee-af9e-bf4f03eef2f6,short,none,SUCCEEDED,1,ACKED,2026-10-01T00:08:23.629119Z,2026-10-01T00:08:23.629624Z,2026-10-01T00:08:23.675371Z,0.5,45.7
6b640e17-1e44-4f37-82c9-df3f18268f7b,medium,none,SUCCEEDED,1,ACKED,2026-10-01T00:08:23.660688Z,2026-10-01T00:08:23.662203Z,2026-10-01T00:08:23.972030Z,1.5,309.8
e781cd20-d275-4e60-9b26-8c9a77b810f5,short,none,SUCCEEDED,1,ACKED,2026-10-01T00:08:23.692201Z,2026-10-01T00:08:23.693209Z,2026-10-01T00:08:23.738290Z,1.0,45.1
c702ed54-4112-494e-aebc-fb1e9f5ef281,medium,none,SUCCEEDED,1,ACKED,2026-10-01T00:08:23.723258Z,2026-10-01T00:08:23.723767Z,2026-10-01T00:08:23.925415Z,0.5,201.6
35dd61c3-24a0-4431-89a9-7ec9e682f957,long,none,SUCCEEDED,1,ACKED,2026-10-01T00:08:23.753800Z,2026-10-01T00:08:23.756019Z,2026-10-01T00:08:25.686065Z,2.2,1930.0
1f7fcac4-bc20-428f-83f6-3623bbeb1e79,short,none,SUCCEEDED,1,ACKED,2026-10-01T00:08:23.784945Z,2026-10-01T00:08:23.785977Z,2026-10-01T00:08:23.845841Z,1.0,59.9
8a58420b-f70e-4f6b-a0e3-17bbff279ba9,short,none,SUCCEEDED,1,ACKED,2026-10-01T00:08:23.816243Z,2026-10-01T00:08:23.817241Z,2026-10-01T00:08:23.861375Z,1.0,44.1
a15030d9-ddfe-4091-8fe5-b4f86a6dcb10,short,none,SUCCEEDED,1,ACKED,2026-10-01T00:08:23.862385Z,2026-10-01T00:08:23.863381Z,2026-10-01T00:08:23.925415Z,1.0,62.0
35951ed1-99b1-4bf1-b7dd-f6aa8bff391a,short,none,SUCCEEDED,1,ACKED,2026-10-01T00:08:23.894361Z,2026-10-01T00:08:23.895359Z,2026-10-01T00:08:23.940931Z,1.0,45.6
d6b0d63d-ffeb-4170-a4e2-c759dbdac331,short,none,SUCCEEDED,1,ACKED,2026-10-01T00:08:23.926413Z,2026-10-01T00:08:23.927413Z,2026-10-01T00:08:23.972030Z,1.0,44.6
923339fc-01f0-4cc3-8764-6f0b2701bf01,medium,none,SUCCEEDED,1,ACKED,2026-10-01T00:08:23.957483Z,2026-10-01T00:08:23.957988Z,2026-10-01T00:08:24.207640Z,0.5,249.7
fc32c3ed-c9b5-4ac9-9b60-780de3490c81,short,none,SUCCEEDED,1,ACKED,2026-10-01T00:08:23.987901Z,2026-10-01T00:08:23.988411Z,2026-10-01T00:08:24.034287Z,0.5,45.9
deb0c93b-f512-43bb-b895-a998bbf511ab,long,none,SUCCEEDED,1,ACKED,2026-10-01T00:08:24.019751Z,2026-10-01T00:08:24.020749Z,2026-10-01T00:08:25.923327Z,1.0,1902.6
ab075730-90e3-4df1-9c45-f70f9dd687aa,short,none,SUCCEEDED,1,ACKED,2026-10-01T00:08:24.050936Z,2026-10-01T00:08:24.051941Z,2026-10-01T00:08:24.081645Z,1.0,29.7
9a4425e5-53e8-47c1-bca0-e47c7a33e421,short,none,SUCCEEDED,1,ACKED,2026-10-01T00:08:24.082149Z,2026-10-01T00:08:24.083157Z,2026-10-01T00:08:24.128961Z,1.0,45.8
5f52f724-7497-44b6-a2a7-b5d3a84eff64,short,permanent,FAILED,1,NACKED,2026-10-01T00:08:24.114451Z,2026-10-01T00:08:24.115452Z,2026-10-01T00:08:24.128961Z,1.0,13.5
65de57bb-cb8d-430c-8a05-da8cf7c59f82,medium,none,SUCCEEDED,1,ACKED,2026-10-01T00:08:24.161504Z,2026-10-01T00:08:24.162512Z,2026-10-01T00:08:24.472865Z,1.0,310.4
7f8a5633-e7de-4f2a-baa7-dc507d0802b8,short,none,SUCCEEDED,1,ACKED,2026-10-01T00:08:24.192493Z,2026-10-01T00:08:24.194119Z,2026-10-01T00:08:24.207640Z,1.6,13.5
ec8ce76d-d853-4b82-b5f2-0d96dac2880a,medium,none,SUCCEEDED,1,ACKED,2026-10-01T00:08:24.223663Z,2026-10-01T00:08:24.224666Z,2026-10-01T00:08:24.426306Z,1.0,201.6
69a7a0db-7bf1-4b3a-a571-b01547cf6f75,short,none,SUCCEEDED,1,ACKED,2026-10-01T00:08:24.255209Z,2026-10-01T00:08:24.256447Z,2026-10-01T00:08:24.300755Z,1.2,44.3
4031cf67-d77c-4c55-9beb-67a0bdd5a0e3,short,transient,SUCCEEDED,1,NACKED,2026-10-01T00:08:24.285719Z,2026-10-01T00:08:24.333294Z,2026-10-01T00:08:24.363353Z,47.6,30.1
4031cf67-d77c-4c55-9beb-67a0bdd5a0e3,short,transient,SUCCEEDED,2,ACKED,2026-10-01T00:08:24.974353Z,2026-10-01T00:08:25.053132Z,2026-10-01T00:08:25.083600Z,78.8,30.5
1ba2a2bf-3c83-465f-b67a-e9162ea3f674,short,none,SUCCEEDED,1,ACKED,2026-10-01T00:08:24.317265Z,2026-10-01T00:08:24.364595Z,2026-10-01T00:08:24.394342Z,47.3,29.7
b56292d1-9e49-482d-9758-0cff64787664,medium,none,SUCCEEDED,1,ACKED,2026-10-01T00:08:24.348808Z,2026-10-01T00:08:24.395045Z,2026-10-01T00:08:24.598794Z,46.2,203.7
a7e00443-0c4c-4ef4-bc6e-d1f4108abe2d,short,none,SUCCEEDED,1,ACKED,2026-10-01T00:08:24.395045Z,2026-10-01T00:08:24.427314Z,2026-10-01T00:08:24.441827Z,32.3,14.5
c9a60579-9213-4253-afc8-2b2e825d7314,short,none,SUCCEEDED,1,ACKED,2026-10-01T00:08:24.427314Z,2026-10-01T00:08:24.442826Z,2026-10-01T00:08:24.488922Z,15.5,46.1
b7ac8719-fd5d-4096-ab1a-b53a304c0cca,long,transient,SUCCEEDED,1,NACKED,2026-10-01T00:08:24.458846Z,2026-10-01T00:08:24.473866Z,2026-10-01T00:08:25.544458Z,15.0,1070.6
b7ac8719-fd5d-4096-ab1a-b53a304c0cca,long,transient,SUCCEEDED,2,NACKED,2026-10-01T00:08:26.200458Z,2026-10-01T00:08:26.251594Z,2026-10-01T00:08:27.325603Z,51.1,1074.0
b7ac8719-fd5d-4096-ab1a-b53a304c0cca,long,transient,SUCCEEDED,3,ACKED,2026-10-01T00:08:28.778603Z,2026-10-01T00:08:28.874205Z,2026-10-01T00:08:29.949684Z,95.6,1075.5
d41bb191-3551-4933-9a7d-23edb031ac77,short,transient,SUCCEEDED,1,NACKED,2026-10-01T00:08:24.489578Z,2026-10-01T00:08:24.490584Z,2026-10-01T00:08:24.536173Z,1.0,45.6
d41bb191-3551-4933-9a7d-23edb031ac77,short,transient,SUCCEEDED,2,NACKED,2026-10-01T00:08:25.278173Z,2026-10-01T00:08:25.375683Z,2026-10-01T00:08:25.420665Z,97.5,45.0
d41bb191-3551-4933-9a7d-23edb031ac77,short,transient,SUCCEEDED,3,ACKED,2026-10-01T00:08:27.245665Z,2026-10-01T00:08:27.342106Z,2026-10-01T00:08:27.387383Z,96.4,45.3
678e1b68-6135-4f14-9772-a1ac8a808513,short,none,SUCCEEDED,1,ACKED,2026-10-01T00:08:24.521654Z,2026-10-01T00:08:24.537770Z,2026-10-01T00:08:24.583079Z,16.1,45.3
a6a77d86-366b-4b18-8f17-c14ea9cb8cbc,short,none,SUCCEEDED,1,ACKED,2026-10-01T00:08:24.552305Z,2026-10-01T00:08:24.584274Z,2026-10-01T00:08:24.645383Z,32.0,61.1
a4a9bb28-fdaf-480c-a024-ee8734173a5f,medium,none,SUCCEEDED,1,ACKED,2026-10-01T00:08:24.583764Z,2026-10-01T00:08:24.599795Z,2026-10-01T00:08:24.849072Z,16.0,249.3
1a7762f9-e108-4828-ac71-4c0ddabf1e6e,long,none,SUCCEEDED,1,ACKED,2026-10-01T00:08:24.615340Z,2026-10-01T00:08:24.646382Z,2026-10-01T00:08:25.891709Z,31.0,1245.3
5df61cb3-09c9-4b70-82b7-1b69c06559f2,short,none,SUCCEEDED,1,ACKED,2026-10-01T00:08:24.661901Z,2026-10-01T00:08:24.708239Z,2026-10-01T00:08:24.754811Z,46.3,46.6
25dbee1d-ba6c-444a-ab07-72450ace41a9,short,none,SUCCEEDED,1,ACKED,2026-10-01T00:08:24.692694Z,2026-10-01T00:08:24.755810Z,2026-10-01T00:08:24.802084Z,63.1,46.3
93bd8c76-f071-411c-a264-81ba0fbc6cb0,short,none,SUCCEEDED,1,ACKED,2026-10-01T00:08:24.723759Z,2026-10-01T00:08:24.850074Z,2026-10-01T00:08:24.895478Z,126.3,45.4
dfe3ef3a-815e-4919-a4bf-06c698f9720c,short,none,SUCCEEDED,1,ACKED,2026-10-01T00:08:24.755810Z,2026-10-01T00:08:24.850074Z,2026-10-01T00:08:24.879676Z,94.3,29.6
72e3f52b-940b-4886-8538-1b174c9d3ede,short,none,SUCCEEDED,1,ACKED,2026-10-01T00:08:24.787056Z,2026-10-01T00:08:24.880329Z,2026-10-01T00:08:24.911040Z,93.3,30.7
c117ac95-ec29-4788-ac7d-4e5d1ef35e9a,short,none,SUCCEEDED,1,ACKED,2026-10-01T00:08:24.818496Z,2026-10-01T00:08:24.895478Z,2026-10-01T00:08:24.926715Z,77.0,31.2
1a96eec4-57e5-4c3a-bacf-0d0562a5706d,short,none,SUCCEEDED,1,ACKED,2026-10-01T00:08:24.850074Z,2026-10-01T00:08:24.911680Z,2026-10-01T00:08:24.926715Z,61.6,15.0
6ae2068a-c021-4e8e-9627-5652d53af61b,short,none,SUCCEEDED,1,ACKED,2026-10-01T00:08:24.895478Z,2026-10-01T00:08:24.927716Z,2026-10-01T00:08:24.958111Z,32.2,30.4
3033066f-8493-456d-9901-9f80c679f5ee,short,none,SUCCEEDED,1,ACKED,2026-10-01T00:08:24.927716Z,2026-10-01T00:08:24.927716Z,2026-10-01T00:08:24.942227Z,0.0,14.5
2fcc7065-fb66-4f23-b140-809a8072f140,short,none,SUCCEEDED,1,ACKED,2026-10-01T00:08:24.958760Z,2026-10-01T00:08:24.959766Z,2026-10-01T00:08:24.973782Z,1.0,14.0
36ac2d3b-a8e6-45e5-adb5-2d3c37dbb3f8,medium,none,SUCCEEDED,1,ACKED,2026-10-01T00:08:24.990205Z,2026-10-01T00:08:24.991723Z,2026-10-01T00:08:25.297921Z,1.5,306.2
8f723280-352b-4b9e-bddb-aa943000ce8a,medium,none,SUCCEEDED,1,ACKED,2026-10-01T00:08:25.022465Z,2026-10-01T00:08:25.023463Z,2026-10-01T00:08:25.267176Z,1.0,243.7
e92ee184-5be2-48fd-8db6-f70fac9c659d,short,none,SUCCEEDED,1,ACKED,2026-10-01T00:08:25.053132Z,2026-10-01T00:08:25.085225Z,2026-10-01T00:08:25.129118Z,32.1,43.9
f1f8da3d-fe67-4112-b6e6-45be6916b77d,short,none,SUCCEEDED,1,ACKED,2026-10-01T00:08:25.084218Z,2026-10-01T00:08:25.130121Z,2026-10-01T00:08:25.175336Z,45.9,45.2
d3e542b9-dd15-4d0e-a7cf-2414b69852db,short,none,SUCCEEDED,1,ACKED,2026-10-01T00:08:25.115050Z,2026-10-01T00:08:25.146151Z,2026-10-01T00:08:25.175336Z,31.1,29.2
9c4ada8c-d8a9-4868-9041-af55a2ef9743,short,none,SUCCEEDED,1,ACKED,2026-10-01T00:08:25.161499Z,2026-10-01T00:08:25.176487Z,2026-10-01T00:08:25.220765Z,15.0,44.3
c2abbdfc-add5-426d-b191-2c4e175d590c,medium,transient,SUCCEEDED,1,NACKED,2026-10-01T00:08:25.191709Z,2026-10-01T00:08:25.191709Z,2026-10-01T00:08:25.375179Z,0.0,183.5
c2abbdfc-add5-426d-b191-2c4e175d590c,medium,transient,SUCCEEDED,2,NACKED,2026-10-01T00:08:26.128179Z,2026-10-01T00:08:26.142721Z,2026-10-01T00:08:26.329101Z,14.5,186.4
c2abbdfc-add5-426d-b191-2c4e175d590c,medium,transient,SUCCEEDED,3,ACKED,2026-10-01T00:08:27.971101Z,2026-10-01T00:08:27.998985Z,2026-10-01T00:08:28.185620Z,27.9,186.6
c0f4f656-7f57-4766-992d-ddab7f6c9b81,medium,transient,SUCCEEDED,1,NACKED,2026-10-01T00:08:25.221762Z,2026-10-01T00:08:25.222768Z,2026-10-01T00:08:25.344998Z,1.0,122.2
c0f4f656-7f57-4766-992d-ddab7f6c9b81,medium,transient,SUCCEEDED,2,ACKED,2026-10-01T00:08:26.307998Z,2026-10-01T00:08:26.361594Z,2026-10-01T00:08:26.484150Z,53.6,122.6
edf5acb8-96bf-4116-97c6-7b5f3d07d99f,short,none,SUCCEEDED,1,ACKED,2026-10-01T00:08:25.252335Z,2026-10-01T00:08:25.268333Z,2026-10-01T00:08:25.313459Z,16.0,45.1
d837abfa-c82f-4a60-a19a-85332a1ab5f7,short,none,SUCCEEDED,1,ACKED,2026-10-01T00:08:25.283392Z,2026-10-01T00:08:25.298923Z,2026-10-01T00:08:25.328970Z,15.5,30.0
29bdea80-6bcd-4142-b57b-87def4ca83ea,short,none,SUCCEEDED,1,ACKED,2026-10-01T00:08:25.314458Z,2026-10-01T00:08:25.314458Z,2026-10-01T00:08:25.344998Z,0.0,30.5
1eb11d79-1948-4d14-830c-e4cb5e795f18,short,none,SUCCEEDED,1,ACKED,2026-10-01T00:08:25.360808Z,2026-10-01T00:08:25.361816Z,2026-10-01T00:08:25.390320Z,1.0,28.5
04bf6311-1c60-4981-823d-33ec2a9dc74f,short,none,SUCCEEDED,1,ACKED,2026-10-01T00:08:25.391498Z,2026-10-01T00:08:25.392020Z,2026-10-01T00:08:25.436712Z,0.5,44.7
eb9af671-67ce-4131-9daa-cceff5ab90cd,short,none,SUCCEEDED,1,ACKED,2026-10-01T00:08:25.421666Z,2026-10-01T00:08:25.422665Z,2026-10-01T00:08:25.452741Z,1.0,30.1
fd2f465a-db71-4fa1-adfe-ae135e29393f,short,transient,SUCCEEDED,1,NACKED,2026-10-01T00:08:25.452741Z,2026-10-01T00:08:25.453741Z,2026-10-01T00:08:25.499152Z,1.0,45.4
fd2f465a-db71-4fa1-adfe-ae135e29393f,short,transient,SUCCEEDED,2,ACKED,2026-10-01T00:08:26.251152Z,2026-10-01T00:08:26.361594Z,2026-10-01T00:08:26.406849Z,110.4,45.3
0a59eaad-7e86-4c0d-bcca-29ce0219b4e6,short,none,SUCCEEDED,1,ACKED,2026-10-01T00:08:25.483647Z,2026-10-01T00:08:25.485119Z,2026-10-01T00:08:25.529767Z,1.5,44.6
4fc17d25-a70b-4d1a-beba-6cdd33277e5a,short,none,SUCCEEDED,1,ACKED,2026-10-01T00:08:25.515542Z,2026-10-01T00:08:25.516542Z,2026-10-01T00:08:25.544458Z,1.0,27.9
69a0d4c8-db1e-4693-a10e-a5a227274250,medium,none,SUCCEEDED,1,ACKED,2026-10-01T00:08:25.560974Z,2026-10-01T00:08:25.561973Z,2026-10-01T00:08:25.843087Z,1.0,281.1
4de5ae88-fcee-4727-9f8d-8ee00448091b,short,none,SUCCEEDED,1,ACKED,2026-10-01T00:08:25.592623Z,2026-10-01T00:08:25.593621Z,2026-10-01T00:08:25.639070Z,1.0,45.4
1044798f-a11d-40b9-b7f6-05511da2975f,short,none,SUCCEEDED,1,ACKED,2026-10-01T00:08:25.624175Z,2026-10-01T00:08:25.625172Z,2026-10-01T00:08:25.654569Z,1.0,29.4
1920eb4d-4380-4c34-a624-ebe0edcdd491,medium,none,SUCCEEDED,1,ACKED,2026-10-01T00:08:25.655571Z,2026-10-01T00:08:25.655571Z,2026-10-01T00:08:25.859102Z,0.0,203.5
f10c538b-9c4d-456c-b1b1-4110ddb15c23,short,none,SUCCEEDED,1,ACKED,2026-10-01T00:08:25.686687Z,2026-10-01T00:08:25.687218Z,2026-10-01T00:08:25.732370Z,0.5,45.2
1846893a-280a-4991-a148-f8d2b643ac52,short,none,SUCCEEDED,1,ACKED,2026-10-01T00:08:25.718275Z,2026-10-01T00:08:25.719276Z,2026-10-01T00:08:25.747878Z,1.0,28.6
bf0fdb4d-b61f-43eb-82ed-225ced02ce81,short,none,SUCCEEDED,1,ACKED,2026-10-01T00:08:25.748883Z,2026-10-01T00:08:25.749880Z,2026-10-01T00:08:25.764407Z,1.0,14.5
ddc4edd9-3ca7-4506-b225-43089e970d23,medium,none,SUCCEEDED,1,ACKED,2026-10-01T00:08:25.781110Z,2026-10-01T00:08:25.781110Z,2026-10-01T00:08:26.001587Z,0.0,220.5
91652be8-4958-45ba-84ff-eb72a1b0c9ca,short,none,SUCCEEDED,1,ACKED,2026-10-01T00:08:25.828574Z,2026-10-01T00:08:25.829573Z,2026-10-01T00:08:25.875122Z,1.0,45.5
57bab802-54f9-467a-b8e9-481c1809fbb2,medium,none,SUCCEEDED,1,ACKED,2026-10-01T00:08:25.859102Z,2026-10-01T00:08:25.860102Z,2026-10-01T00:08:26.001587Z,1.0,141.5
1b45d832-a51e-48d6-990b-9907be46a35d,short,none,SUCCEEDED,1,ACKED,2026-10-01T00:08:25.891709Z,2026-10-01T00:08:25.892715Z,2026-10-01T00:08:25.923327Z,1.0,30.6
8dfbddbf-96a9-4729-aa92-81bb2237fe62,medium,transient,SUCCEEDED,1,NACKED,2026-10-01T00:08:25.923327Z,2026-10-01T00:08:25.924325Z,2026-10-01T00:08:26.110641Z,1.0,186.3
8dfbddbf-96a9-4729-aa92-81bb2237fe62,medium,transient,SUCCEEDED,2,ACKED,2026-10-01T00:08:26.784641Z,2026-10-01T00:08:26.795415Z,2026-10-01T00:08:26.984143Z,10.8,188.7
e45a7dca-66b2-42eb-bf01-0f0f048d5b49,short,none,SUCCEEDED,1,ACKED,2026-10-01T00:08:25.955187Z,2026-10-01T00:08:25.956185Z,2026-10-01T00:08:26.017211Z,1.0,61.0
2265f4d5-ecd0-4cd9-9bba-569601367346,short,none,SUCCEEDED,1,ACKED,2026-10-01T00:08:25.987034Z,2026-10-01T00:08:25.988042Z,2026-10-01T00:08:26.048761Z,1.0,60.7
29ff0c6a-81e7-4f96-a3ea-7407d0d4c2ca,medium,none,SUCCEEDED,1,ACKED,2026-10-01T00:08:26.018211Z,2026-10-01T00:08:26.018211Z,2026-10-01T00:08:26.312726Z,0.0,294.5
146d2645-a309-4a56-9dd7-63996d175fdd,long,none,SUCCEEDED,1,ACKED,2026-10-01T00:08:26.049763Z,2026-10-01T00:08:26.049763Z,2026-10-01T00:08:27.263997Z,0.0,1214.2
212efc3b-7719-4a60-8d5d-6a038dfe81f1,short,none,SUCCEEDED,1,ACKED,2026-10-01T00:08:26.096097Z,2026-10-01T00:08:26.096097Z,2026-10-01T00:08:26.125706Z,0.0,29.6
fd0637a3-caea-4fcf-8fe9-997ee6f3fd9f,medium,none,SUCCEEDED,1,ACKED,2026-10-01T00:08:26.126702Z,2026-10-01T00:08:26.127701Z,2026-10-01T00:08:26.406849Z,1.0,279.1
d3da68f1-0cb7-46e3-b873-6fad29294bc9,short,none,SUCCEEDED,1,ACKED,2026-10-01T00:08:26.158236Z,2026-10-01T00:08:26.159236Z,2026-10-01T00:08:26.203876Z,1.0,44.6
72879b5d-01b1-4fed-b6ca-1f4b8b5f4ead,medium,none,SUCCEEDED,1,ACKED,2026-10-01T00:08:26.189343Z,2026-10-01T00:08:26.190346Z,2026-10-01T00:08:26.499248Z,1.0,308.9
6dca2fdb-ccf7-4ebd-b612-82729b057223,medium,none,SUCCEEDED,1,ACKED,2026-10-01T00:08:26.220115Z,2026-10-01T00:08:26.221116Z,2026-10-01T00:08:26.406849Z,1.0,185.7
5f77cae3-e310-48f3-b423-ced885f0b171,short,none,SUCCEEDED,1,ACKED,2026-10-01T00:08:26.251594Z,2026-10-01T00:08:26.252115Z,2026-10-01T00:08:26.281096Z,0.5,29.0
dbf5a9b4-5b7d-4946-8fb6-e3f07ae76402,short,none,SUCCEEDED,1,ACKED,2026-10-01T00:08:26.282421Z,2026-10-01T00:08:26.282421Z,2026-10-01T00:08:26.328747Z,0.0,46.3
84f546ee-991a-4d77-b1ef-6bf6ad2b9a56,short,none,SUCCEEDED,1,ACKED,2026-10-01T00:08:26.329757Z,2026-10-01T00:08:26.330754Z,2026-10-01T00:08:26.360295Z,1.0,29.5
c7f55626-ed07-45b2-bc4f-0558a865d457,medium,transient,SUCCEEDED,1,NACKED,2026-10-01T00:08:26.361594Z,2026-10-01T00:08:26.361594Z,2026-10-01T00:08:26.499248Z,0.0,137.7
c7f55626-ed07-45b2-bc4f-0558a865d457,medium,transient,SUCCEEDED,2,NACKED,2026-10-01T00:08:27.224248Z,2026-10-01T00:08:27.234946Z,2026-10-01T00:08:27.372664Z,10.7,137.7
c7f55626-ed07-45b2-bc4f-0558a865d457,medium,transient,SUCCEEDED,3,ACKED,2026-10-01T00:08:28.912664Z,2026-10-01T00:08:28.983002Z,2026-10-01T00:08:29.122383Z,70.3,139.4
6a8f9c1d-ac14-4faf-bca8-d8666ea4d5a7,medium,transient,SUCCEEDED,1,NACKED,2026-10-01T00:08:26.391820Z,2026-10-01T00:08:26.407851Z,2026-10-01T00:08:26.530565Z,16.0,122.7
6a8f9c1d-ac14-4faf-bca8-d8666ea4d5a7,medium,transient,SUCCEEDED,2,ACKED,2026-10-01T00:08:27.147565Z,2026-10-01T00:08:27.233441Z,2026-10-01T00:08:27.356634Z,85.9,123.2
6280fa0c-8089-47e7-ad6d-8ba1296f8220,short,none,SUCCEEDED,1,ACKED,2026-10-01T00:08:26.424017Z,2026-10-01T00:08:26.425020Z,2026-10-01T00:08:26.469120Z,1.0,44.1
ea08488d-6bd1-4391-8c8f-e8d005bf0b45,short,none,SUCCEEDED,1,ACKED,2026-10-01T00:08:26.455606Z,2026-10-01T00:08:26.456605Z,2026-10-01T00:08:26.499248Z,1.0,42.6
280cecf7-b586-451c-95d8-8d3144924087,short,none,SUCCEEDED,1,ACKED,2026-10-01T00:08:26.484150Z,2026-10-01T00:08:26.485655Z,2026-10-01T00:08:26.545698Z,1.5,60.0
fcbbbb04-8304-48b3-8ddd-9db7af6c082c,short,none,SUCCEEDED,1,ACKED,2026-10-01T00:08:26.516291Z,2026-10-01T00:08:26.516291Z,2026-10-01T00:08:26.561233Z,0.0,44.9
55cbb2ab-3246-4df6-ab91-04a770d37a8b,short,none,SUCCEEDED,1,ACKED,2026-10-01T00:08:26.562235Z,2026-10-01T00:08:26.563234Z,2026-10-01T00:08:26.592463Z,1.0,29.2
a00181be-beb5-4dd4-b263-17435afa0a73,short,none,SUCCEEDED,1,ACKED,2026-10-01T00:08:26.593461Z,2026-10-01T00:08:26.594460Z,2026-10-01T00:08:26.623498Z,1.0,29.0
b6df82c8-5207-4c69-a022-e8085aaa92ac,short,permanent,FAILED,1,NACKED,2026-10-01T00:08:26.624426Z,2026-10-01T00:08:26.625433Z,2026-10-01T00:08:26.653991Z,1.0,28.6
34941d6d-6d21-40d3-bf83-9d72461d618b,short,none,SUCCEEDED,1,ACKED,2026-10-01T00:08:26.654695Z,2026-10-01T00:08:26.655748Z,2026-10-01T00:08:26.685641Z,1.1,29.9
da66e95c-8252-496d-aba4-d9843ec68451,long,none,SUCCEEDED,1,ACKED,2026-10-01T00:08:26.686680Z,2026-10-01T00:08:26.687688Z,2026-10-01T00:08:28.200970Z,1.0,1513.3
85ac3e8c-26c4-4822-bf56-c6675568585b,short,transient,SUCCEEDED,1,NACKED,2026-10-01T00:08:26.718768Z,2026-10-01T00:08:26.719769Z,2026-10-01T00:08:26.777822Z,1.0,58.1
85ac3e8c-26c4-4822-bf56-c6675568585b,short,transient,SUCCEEDED,2,ACKED,2026-10-01T00:08:27.515822Z,2026-10-01T00:08:27.560708Z,2026-10-01T00:08:27.622323Z,44.9,61.6
ba3cecc0-f77e-457e-be82-2fc3da4039d7,short,transient,SUCCEEDED,1,NACKED,2026-10-01T00:08:26.747732Z,2026-10-01T00:08:26.750246Z,2026-10-01T00:08:26.777822Z,2.5,27.6
ba3cecc0-f77e-457e-be82-2fc3da4039d7,short,transient,SUCCEEDED,2,NACKED,2026-10-01T00:08:27.689822Z,2026-10-01T00:08:27.779345Z,2026-10-01T00:08:27.809624Z,89.5,30.3
ba3cecc0-f77e-457e-be82-2fc3da4039d7,short,transient,SUCCEEDED,3,ACKED,2026-10-01T00:08:29.769624Z,2026-10-01T00:08:29.856605Z,2026-10-01T00:08:29.886761Z,87.0,30.2
17d983e9-0977-4391-b676-41682f017a6d,medium,none,SUCCEEDED,1,ACKED,2026-10-01T00:08:26.795415Z,2026-10-01T00:08:26.795415Z,2026-10-01T00:08:27.062306Z,0.0,266.9
b951260f-425b-4518-80df-32f345787e2c,medium,transient,SUCCEEDED,1,NACKED,2026-10-01T00:08:26.825520Z,2026-10-01T00:08:26.827196Z,2026-10-01T00:08:27.031268Z,1.7,204.1
b951260f-425b-4518-80df-32f345787e2c,medium,transient,SUCCEEDED,2,NACKED,2026-10-01T00:08:27.675268Z,2026-10-01T00:08:27.779345Z,2026-10-01T00:08:27.982415Z,104.1,203.1
b951260f-425b-4518-80df-32f345787e2c,medium,transient,SUCCEEDED,3,ACKED,2026-10-01T00:08:29.185415Z,2026-10-01T00:08:29.247711Z,2026-10-01T00:08:29.450798Z,62.3,203.1
fdb6dc1d-9398-45fa-848f-cd82d6a1f60f,short,none,SUCCEEDED,1,ACKED,2026-10-01T00:08:26.857743Z,2026-10-01T00:08:26.858740Z,2026-10-01T00:08:26.888959Z,1.0,30.2
2bfc7948-41c3-4fda-8976-eb04c4869135,short,none,SUCCEEDED,1,ACKED,2026-10-01T00:08:26.889960Z,2026-10-01T00:08:26.889960Z,2026-10-01T00:08:26.936556Z,0.0,46.6
5972c420-236e-48a8-92f4-024f4f6028a0,short,none,SUCCEEDED,1,ACKED,2026-10-01T00:08:26.921525Z,2026-10-01T00:08:26.922526Z,2026-10-01T00:08:26.984143Z,1.0,61.6
ad079b5a-771e-4d43-9bd9-b7fb4e97e9a4,short,none,SUCCEEDED,1,ACKED,2026-10-01T00:08:26.952584Z,2026-10-01T00:08:26.953585Z,2026-10-01T00:08:26.984143Z,1.0,30.6
583cbe6d-821f-44df-aecd-010cec11909d,short,none,SUCCEEDED,1,ACKED,2026-10-01T00:08:26.984865Z,2026-10-01T00:08:26.985870Z,2026-10-01T00:08:27.047248Z,1.0,61.4
b89d058f-bdd2-4e74-9d0e-943130151656,short,none,SUCCEEDED,1,ACKED,2026-10-01T00:08:27.016478Z,2026-10-01T00:08:27.017478Z,2026-10-01T00:08:27.047248Z,1.0,29.8
19e12ae1-1905-451d-b1f0-117ea6603fbc,short,none,SUCCEEDED,1,ACKED,2026-10-01T00:08:27.048248Z,2026-10-01T00:08:27.048248Z,2026-10-01T00:08:27.109131Z,0.0,60.9
f856fdd4-182a-4282-95fd-9d58d04ddc1c,short,none,SUCCEEDED,1,ACKED,2026-10-01T00:08:27.093333Z,2026-10-01T00:08:27.094939Z,2026-10-01T00:08:27.140660Z,1.6,45.7
e68a867d-a406-49f0-896b-7fdd0571cf60,medium,none,SUCCEEDED,1,ACKED,2026-10-01T00:08:27.124629Z,2026-10-01T00:08:27.126135Z,2026-10-01T00:08:27.387383Z,1.5,261.2
cbeae8cb-c80a-42b0-a418-9ca499f25047,short,none,SUCCEEDED,1,ACKED,2026-10-01T00:08:27.156684Z,2026-10-01T00:08:27.157724Z,2026-10-01T00:08:27.201863Z,1.0,44.1
c7e127ea-1327-46c2-a6a7-13c42109ef9b,medium,none,SUCCEEDED,1,ACKED,2026-10-01T00:08:27.187263Z,2026-10-01T00:08:27.188267Z,2026-10-01T00:08:27.450280Z,1.0,262.0
c7d5ff05-16bc-4ac7-914f-1546210ac2a0,short,none,SUCCEEDED,1,ACKED,2026-10-01T00:08:27.217407Z,2026-10-01T00:08:27.218915Z,2026-10-01T00:08:27.233441Z,1.5,14.5
eec3c4fa-20de-4c0c-89cc-8a257984bf9c,short,none,SUCCEEDED,1,ACKED,2026-10-01T00:08:27.249974Z,2026-10-01T00:08:27.249974Z,2026-10-01T00:08:27.294827Z,0.0,44.9
aca6bcdd-24ee-429d-81e5-95092fe92560,medium,none,SUCCEEDED,1,ACKED,2026-10-01T00:08:27.294827Z,2026-10-01T00:08:27.296541Z,2026-10-01T00:08:27.512999Z,1.7,216.5
0f0152be-17cf-41db-a316-30b06156f1e0,short,transient,SUCCEEDED,1,NACKED,2026-10-01T00:08:27.326601Z,2026-10-01T00:08:27.326601Z,2026-10-01T00:08:27.387383Z,0.0,60.8
0f0152be-17cf-41db-a316-30b06156f1e0,short,transient,SUCCEEDED,2,ACKED,2026-10-01T00:08:28.218383Z,2026-10-01T00:08:28.326222Z,2026-10-01T00:08:28.386848Z,107.8,60.6
d46dafe7-83f8-45cb-a100-bc9f8585df96,medium,none,SUCCEEDED,1,ACKED,2026-10-01T00:08:27.356634Z,2026-10-01T00:08:27.357640Z,2026-10-01T00:08:27.481833Z,1.0,124.2
3ead3f78-7793-4c15-ac4e-c3fc056543dd,medium,none,SUCCEEDED,1,ACKED,2026-10-01T00:08:27.387889Z,2026-10-01T00:08:27.387889Z,2026-10-01T00:08:27.575769Z,0.0,187.9
4deb31f1-b846-4ff8-a5e6-0706b179bb9a,short,none,SUCCEEDED,1,ACKED,2026-10-01T00:08:27.419214Z,2026-10-01T00:08:27.420219Z,2026-10-01T00:08:27.450280Z,1.0,30.1
dc24c90a-67a6-444c-a6fc-526c4da49f06,short,none,SUCCEEDED,1,ACKED,2026-10-01T00:08:27.450783Z,2026-10-01T00:08:27.451789Z,2026-10-01T00:08:27.497428Z,1.0,45.6
e43c87ec-ddd1-4569-adbc-5db1e8b0a8ae,short,none,SUCCEEDED,1,ACKED,2026-10-01T00:08:27.482840Z,2026-10-01T00:08:27.482840Z,2026-10-01T00:08:27.528521Z,0.0,45.7
43608d75-df3f-43b6-aa03-9c95447dff9f,medium,none,SUCCEEDED,1,ACKED,2026-10-01T00:08:27.529166Z,2026-10-01T00:08:27.530172Z,2026-10-01T00:08:27.669461Z,1.0,139.3
57abf239-ed1c-4a3e-b279-8b26aa4d2ac6,short,none,SUCCEEDED,1,ACKED,2026-10-01T00:08:27.560708Z,2026-10-01T00:08:27.560708Z,2026-10-01T00:08:27.591780Z,0.0,31.1
f21cc411-d6a3-4fa5-86e9-1c2a3bcebe49,short,none,SUCCEEDED,1,ACKED,2026-10-01T00:08:27.592781Z,2026-10-01T00:08:27.593779Z,2026-10-01T00:08:27.622323Z,1.0,28.5
2e1853c6-86cb-4963-9e29-0db9703bb338,short,none,SUCCEEDED,1,ACKED,2026-10-01T00:08:27.623319Z,2026-10-01T00:08:27.623319Z,2026-10-01T00:08:27.669461Z,0.0,46.1
29262578-722f-4dca-9cc4-2615d916b5b2,medium,none,SUCCEEDED,1,ACKED,2026-10-01T00:08:27.654943Z,2026-10-01T00:08:27.655948Z,2026-10-01T00:08:27.934671Z,1.0,278.7
6f47e60b-4191-4943-8c00-4baf2080838a,medium,none,SUCCEEDED,1,ACKED,2026-10-01T00:08:27.685760Z,2026-10-01T00:08:27.685760Z,2026-10-01T00:08:27.967232Z,0.0,281.5
395e514b-dbad-4de5-b793-69cfd1ea4425,medium,none,SUCCEEDED,1,ACKED,2026-10-01T00:08:27.716882Z,2026-10-01T00:08:27.717721Z,2026-10-01T00:08:27.918889Z,0.8,201.2
30b348e1-fbab-4297-8071-201cb0794196,short,none,SUCCEEDED,1,ACKED,2026-10-01T00:08:27.748762Z,2026-10-01T00:08:27.749594Z,2026-10-01T00:08:27.763118Z,0.8,13.5
aa599d66-e02e-4568-b97b-fa13f29af583,short,none,SUCCEEDED,1,ACKED,2026-10-01T00:08:27.794753Z,2026-10-01T00:08:27.795805Z,2026-10-01T00:08:27.825164Z,1.1,29.4
26b33fa5-419d-492d-85ee-83d2aa4c95a8,short,none,SUCCEEDED,1,ACKED,2026-10-01T00:08:27.826162Z,2026-10-01T00:08:27.826669Z,2026-10-01T00:08:27.871185Z,0.5,44.5
aab44f1a-74d2-4aad-8708-c0c3306ba3cc,short,none,SUCCEEDED,1,ACKED,2026-10-01T00:08:27.856149Z,2026-10-01T00:08:27.856149Z,2026-10-01T00:08:27.902469Z,0.0,46.3
7dbaa0ad-d9b9-4844-a027-8f29cb17b460,short,none,SUCCEEDED,1,ACKED,2026-10-01T00:08:27.887366Z,2026-10-01T00:08:27.887366Z,2026-10-01T00:08:27.951203Z,0.0,63.8
1896c38f-07ef-4a7f-8da9-efb88b0cce36,short,none,SUCCEEDED,1,ACKED,2026-10-01T00:08:27.920056Z,2026-10-01T00:08:27.920056Z,2026-10-01T00:08:27.967232Z,0.0,47.2
4e5b236e-cf9e-4d5e-b694-d7d0a9b5fa96,short,none,SUCCEEDED,1,ACKED,2026-10-01T00:08:27.952210Z,2026-10-01T00:08:27.952210Z,2026-10-01T00:08:27.997985Z,0.0,45.8
46c9dc61-f6d6-49dc-b674-61896296f4ef,long,none,SUCCEEDED,1,ACKED,2026-10-01T00:08:27.982922Z,2026-10-01T00:08:27.984441Z,2026-10-01T00:08:29.246710Z,1.5,1262.3
47e188ea-9a94-4968-96aa-ff8352f907b5,short,none,SUCCEEDED,1,ACKED,2026-10-01T00:08:28.014007Z,2026-10-01T00:08:28.016407Z,2026-10-01T00:08:28.045522Z,2.4,29.1
a07dfc34-7d9c-4d1c-a645-5f897f73209c,long,none,SUCCEEDED,1,ACKED,2026-10-01T00:08:28.061450Z,2026-10-01T00:08:28.062449Z,2026-10-01T00:08:29.949684Z,1.0,1887.2
e0b8d974-1e20-4b78-9a3d-c55cb9c971e2,medium,transient,SUCCEEDED,1,NACKED,2026-10-01T00:08:28.092730Z,2026-10-01T00:08:28.093735Z,2026-10-01T00:08:28.386848Z,1.0,293.1
e0b8d974-1e20-4b78-9a3d-c55cb9c971e2,medium,transient,SUCCEEDED,2,ACKED,2026-10-01T00:08:29.034848Z,2026-10-01T00:08:29.092888Z,2026-10-01T00:08:29.387665Z,58.0,294.8
5ac4159c-1cf8-4f0e-ad44-8ce6795aab6d,short,none,SUCCEEDED,1,ACKED,2026-10-01T00:08:28.123871Z,2026-10-01T00:08:28.124870Z,2026-10-01T00:08:28.154909Z,1.0,30.0
b16f6242-fe0f-4393-a919-f87dbb40b6a3,medium,none,SUCCEEDED,1,ACKED,2026-10-01T00:08:28.154909Z,2026-10-01T00:08:28.155909Z,2026-10-01T00:08:28.434166Z,1.0,278.3
07cc4e56-f857-495d-9a30-136e54e16ec2,short,none,SUCCEEDED,1,ACKED,2026-10-01T00:08:28.186815Z,2026-10-01T00:08:28.187343Z,2026-10-01T00:08:28.216497Z,0.5,29.2
297a8353-fc40-41ae-8cbf-d2b54c8654b1,medium,transient,SUCCEEDED,1,NACKED,2026-10-01T00:08:28.217501Z,2026-10-01T00:08:28.218501Z,2026-10-01T00:08:28.481420Z,1.0,262.9
297a8353-fc40-41ae-8cbf-d2b54c8654b1,medium,transient,SUCCEEDED,2,ACKED,2026-10-01T00:08:29.330420Z,2026-10-01T00:08:29.420281Z,2026-10-01T00:08:29.683691Z,89.9,263.4
0eda8e8a-a698-4a2b-928b-a85851af96f3,short,permanent,FAILED,1,NACKED,2026-10-01T00:08:28.248039Z,2026-10-01T00:08:28.249040Z,2026-10-01T00:08:28.293159Z,1.0,44.1
f8d9da51-fa5e-4b9c-9b39-679f43d2bdde,medium,none,SUCCEEDED,1,ACKED,2026-10-01T00:08:28.293664Z,2026-10-01T00:08:28.294667Z,2026-10-01T00:08:28.607455Z,1.0,312.8
912ebfb0-27ed-4e17-97f5-779b4422aafe,short,none,SUCCEEDED,1,ACKED,2026-10-01T00:08:28.326222Z,2026-10-01T00:08:28.326222Z,2026-10-01T00:08:28.371296Z,0.0,45.1
0b0b42a3-df8d-4232-9d1b-b36032325b26,medium,transient,SUCCEEDED,1,NACKED,2026-10-01T00:08:28.356756Z,2026-10-01T00:08:28.372307Z,2026-10-01T00:08:28.607455Z,15.6,235.1
0b0b42a3-df8d-4232-9d1b-b36032325b26,medium,transient,SUCCEEDED,2,NACKED,2026-10-01T00:08:29.325455Z,2026-10-01T00:08:29.420281Z,2026-10-01T00:08:29.652562Z,94.8,232.3
0b0b42a3-df8d-4232-9d1b-b36032325b26,medium,transient,SUCCEEDED,3,ACKED,2026-10-01T00:08:31.494562Z,2026-10-01T00:08:31.602410Z,2026-10-01T00:08:31.835055Z,107.8,232.6
53579de0-c7fc-4f5d-9f3e-4507e2849960,short,none,SUCCEEDED,1,ACKED,2026-10-01T00:08:28.387465Z,2026-10-01T00:08:28.388473Z,2026-10-01T00:08:28.417319Z,1.0,28.8
5a684225-3b2f-462c-a044-db2d6b2bd609,medium,none,SUCCEEDED,1,ACKED,2026-10-01T00:08:28.418319Z,2026-10-01T00:08:28.418319Z,2026-10-01T00:08:28.576001Z,0.0,157.7
be181b01-c820-4270-9720-11e22888710f,long,none,SUCCEEDED,1,ACKED,2026-10-01T00:08:28.450366Z,2026-10-01T00:08:28.451363Z,2026-10-01T00:08:30.277223Z,1.0,1825.9
e4149a0b-79dc-434b-8de0-4de824ea19ae,short,none,SUCCEEDED,1,ACKED,2026-10-01T00:08:28.481420Z,2026-10-01T00:08:28.482422Z,2026-10-01T00:08:28.542944Z,1.0,60.5
8fedab92-34ae-468f-816e-8968942eaa0b,short,transient,SUCCEEDED,1,NACKED,2026-10-01T00:08:28.528407Z,2026-10-01T00:08:28.529916Z,2026-10-01T00:08:28.559466Z,1.5,29.6
8fedab92-34ae-468f-816e-8968942eaa0b,short,transient,SUCCEEDED,2,ACKED,2026-10-01T00:08:29.240466Z,2026-10-01T00:08:29.326227Z,2026-10-01T00:08:29.356247Z,85.8,30.0
d0d49389-35b6-44ea-a777-303a81aa428d,short,none,SUCCEEDED,1,ACKED,2026-10-01T00:08:28.560473Z,2026-10-01T00:08:28.560473Z,2026-10-01T00:08:28.576001Z,0.0,15.5
ced428c8-787a-48af-8301-90257500fe99,medium,transient,SUCCEEDED,1,NACKED,2026-10-01T00:08:28.592440Z,2026-10-01T00:08:28.593441Z,2026-10-01T00:08:28.842223Z,1.0,248.8
ced428c8-787a-48af-8301-90257500fe99,medium,transient,SUCCEEDED,2,ACKED,2026-10-01T00:08:29.584223Z,2026-10-01T00:08:29.716036Z,2026-10-01T00:08:29.964930Z,131.8,248.9
6d21d963-6723-4e73-ad75-31b427a6f1a3,short,none,SUCCEEDED,1,ACKED,2026-10-01T00:08:28.623484Z,2026-10-01T00:08:28.624487Z,2026-10-01T00:08:28.670565Z,1.0,46.1
9b57e15c-c7e5-4b5e-afa1-1d642e888354,medium,none,SUCCEEDED,1,ACKED,2026-10-01T00:08:28.655055Z,2026-10-01T00:08:28.656054Z,2026-10-01T00:08:28.935298Z,1.0,279.2
9c3b78d5-0148-4e65-9fd4-25333c4c34fe,short,none,SUCCEEDED,1,ACKED,2026-10-01T00:08:28.687118Z,2026-10-01T00:08:28.687118Z,2026-10-01T00:08:28.747841Z,0.0,60.7
92b90ed1-810f-4263-ac1b-2ddce2fc8d21,short,none,SUCCEEDED,1,ACKED,2026-10-01T00:08:28.718189Z,2026-10-01T00:08:28.719188Z,2026-10-01T00:08:28.747841Z,1.0,28.7
d59f0368-ad33-4018-957c-5bd995478d78,medium,none,SUCCEEDED,1,ACKED,2026-10-01T00:08:28.748848Z,2026-10-01T00:08:28.748848Z,2026-10-01T00:08:28.997054Z,0.0,248.2
6ba749c9-6b5e-4c0d-b41b-092fb6ef94c3,short,none,SUCCEEDED,1,ACKED,2026-10-01T00:08:28.795925Z,2026-10-01T00:08:28.796430Z,2026-10-01T00:08:28.810947Z,0.5,14.5
2dcf2b50-a12d-465a-b181-746bc73664bd,short,none,SUCCEEDED,1,ACKED,2026-10-01T00:08:28.827499Z,2026-10-01T00:08:28.828714Z,2026-10-01T00:08:28.873066Z,1.2,44.4
827425cd-b419-4fee-bdf8-fc0e1c42eacd,short,none,SUCCEEDED,1,ACKED,2026-10-01T00:08:28.859051Z,2026-10-01T00:08:28.860049Z,2026-10-01T00:08:28.888228Z,1.0,28.2
41ad1641-2675-4998-b82a-cc2f1c586a2f,short,none,SUCCEEDED,1,ACKED,2026-10-01T00:08:28.889228Z,2026-10-01T00:08:28.889228Z,2026-10-01T00:08:28.903243Z,0.0,14.0
0d417cdb-217f-439a-9383-521a24ff8697,medium,none,SUCCEEDED,1,ACKED,2026-10-01T00:08:28.919782Z,2026-10-01T00:08:28.920788Z,2026-10-01T00:08:29.091887Z,1.0,171.1
af34a8f0-d049-46d3-b8f1-37e289366ceb,short,transient,SUCCEEDED,1,NACKED,2026-10-01T00:08:28.952321Z,2026-10-01T00:08:28.953320Z,2026-10-01T00:08:28.982379Z,1.0,29.1
af34a8f0-d049-46d3-b8f1-37e289366ceb,short,transient,SUCCEEDED,2,ACKED,2026-10-01T00:08:29.715379Z,2026-10-01T00:08:29.777604Z,2026-10-01T00:08:29.808283Z,62.2,30.7
ea05abbc-001e-4074-a2c8-03a92937ef74,short,none,SUCCEEDED,1,ACKED,2026-10-01T00:08:28.983002Z,2026-10-01T00:08:28.983002Z,2026-10-01T00:08:29.012280Z,0.0,29.3
d3c10f46-05f8-43a6-bcc0-0c03421dc5d5,medium,none,SUCCEEDED,1,ACKED,2026-10-01T00:08:29.029290Z,2026-10-01T00:08:29.029290Z,2026-10-01T00:08:29.278244Z,0.0,249.0
f57cbea6-8303-4030-b737-34acde754ace,short,none,SUCCEEDED,1,ACKED,2026-10-01T00:08:29.060916Z,2026-10-01T00:08:29.061427Z,2026-10-01T00:08:29.075832Z,0.5,14.4
a3308202-71d2-402c-9c4d-7d76fd41179c,medium,none,SUCCEEDED,1,ACKED,2026-10-01T00:08:29.092888Z,2026-10-01T00:08:29.092888Z,2026-10-01T00:08:29.340738Z,0.0,247.9
1e1c7a74-66af-48cc-bb17-52b907e90b91,short,none,SUCCEEDED,1,ACKED,2026-10-01T00:08:29.123386Z,2026-10-01T00:08:29.123386Z,2026-10-01T00:08:29.170431Z,0.0,47.0
e2a69775-a89a-4a2b-a9bc-09887de1d2a2,short,none,SUCCEEDED,1,ACKED,2026-10-01T00:08:29.154426Z,2026-10-01T00:08:29.171434Z,2026-10-01T00:08:29.216176Z,17.0,44.7
0d909006-d468-48c8-88da-5462c8ef237d,short,none,SUCCEEDED,1,ACKED,2026-10-01T00:08:29.186116Z,2026-10-01T00:08:29.217174Z,2026-10-01T00:08:29.246710Z,31.1,29.5
e46754c8-c661-4127-afa6-a80bc0b40992,short,none,SUCCEEDED,1,ACKED,2026-10-01T00:08:29.216176Z,2026-10-01T00:08:29.247711Z,2026-10-01T00:08:29.309309Z,31.5,61.6
7cbdde6d-92e7-485d-a164-99ce48cec223,short,none,SUCCEEDED,1,ACKED,2026-10-01T00:08:29.247711Z,2026-10-01T00:08:29.279751Z,2026-10-01T00:08:29.324851Z,32.0,45.1
935e284a-611b-4757-9b72-7def6eaf7102,short,transient,DEAD_LETTER,1,NACKED,2026-10-01T00:08:29.293792Z,2026-10-01T00:08:29.310313Z,2026-10-01T00:08:29.356247Z,16.5,45.9
935e284a-611b-4757-9b72-7def6eaf7102,short,transient,DEAD_LETTER,2,NACKED,2026-10-01T00:08:30.224247Z,2026-10-01T00:08:30.293832Z,2026-10-01T00:08:30.339993Z,69.6,46.2
935e284a-611b-4757-9b72-7def6eaf7102,short,transient,DEAD_LETTER,3,NACKED,2026-10-01T00:08:31.946993Z,2026-10-01T00:08:32.040441Z,2026-10-01T00:08:32.086612Z,93.4,46.2
666fad99-c427-4688-b75a-fb10f1b09bb3,short,none,SUCCEEDED,1,ACKED,2026-10-01T00:08:29.324851Z,2026-10-01T00:08:29.341738Z,2026-10-01T00:08:29.387665Z,16.9,45.9
bbbbf022-a205-44b6-8696-5d5848e940d2,medium,none,SUCCEEDED,1,ACKED,2026-10-01T00:08:29.356752Z,2026-10-01T00:08:29.356752Z,2026-10-01T00:08:29.497542Z,0.0,140.8
70bc2428-8e98-4fef-982b-6f5e3fa3bda4,short,none,SUCCEEDED,1,ACKED,2026-10-01T00:08:29.388169Z,2026-10-01T00:08:29.389173Z,2026-10-01T00:08:29.435287Z,1.0,46.1
1b7e7c98-cdf9-4e77-8108-98df8402fda7,medium,none,SUCCEEDED,1,ACKED,2026-10-01T00:08:29.419276Z,2026-10-01T00:08:29.436291Z,2026-10-01T00:08:29.715035Z,17.0,278.7
a6b779aa-fecb-4e75-83e1-6cdad3ca6945,short,none,SUCCEEDED,1,ACKED,2026-10-01T00:08:29.451301Z,2026-10-01T00:08:29.452305Z,2026-10-01T00:08:29.482322Z,1.0,30.0
8cecd4c3-39ac-46c8-8a6b-4854870f6420,medium,none,SUCCEEDED,1,ACKED,2026-10-01T00:08:29.482322Z,2026-10-01T00:08:29.483674Z,2026-10-01T00:08:29.730540Z,1.4,246.9
fbed1a49-dd6a-4159-930f-ffef12fc2118,long,none,SUCCEEDED,1,ACKED,2026-10-01T00:08:29.528257Z,2026-10-01T00:08:29.529266Z,2026-10-01T00:08:31.120510Z,1.0,1591.2
dc2d764c-3793-45e3-9767-8e3fd5f33fcd,short,none,SUCCEEDED,1,ACKED,2026-10-01T00:08:29.557802Z,2026-10-01T00:08:29.653484Z,2026-10-01T00:08:29.715035Z,95.7,61.6
22b15cc0-a9c0-4001-a355-3272a3a2c100,short,none,SUCCEEDED,1,ACKED,2026-10-01T00:08:29.589479Z,2026-10-01T00:08:29.684857Z,2026-10-01T00:08:29.698942Z,95.4,14.1
7ebac4d9-17d2-4143-a887-3cac45db2183,short,none,SUCCEEDED,1,ACKED,2026-10-01T00:08:29.621031Z,2026-10-01T00:08:29.699946Z,2026-10-01T00:08:29.730540Z,78.9,30.6
ebc3578b-aee3-49ca-95d6-26f02f130550,short,none,SUCCEEDED,1,ACKED,2026-10-01T00:08:29.653484Z,2026-10-01T00:08:29.716036Z,2026-10-01T00:08:29.776923Z,62.6,60.9
0c4403d5-bab2-4360-8b13-778d63438b28,short,none,SUCCEEDED,1,ACKED,2026-10-01T00:08:29.684297Z,2026-10-01T00:08:29.731542Z,2026-10-01T00:08:29.776923Z,47.2,45.4
59d7aa3d-ec59-4e87-afe1-0415f7f3ae53,short,none,SUCCEEDED,1,ACKED,2026-10-01T00:08:29.715035Z,2026-10-01T00:08:29.731542Z,2026-10-01T00:08:29.792629Z,16.5,61.1
0ced1533-80da-47c4-acd6-ce259966347e,short,none,SUCCEEDED,1,ACKED,2026-10-01T00:08:29.761875Z,2026-10-01T00:08:29.777604Z,2026-10-01T00:08:29.824073Z,15.7,46.5
60859cc3-23b8-4518-8f1b-6517bb15f12e,short,transient,DEAD_LETTER,1,NACKED,2026-10-01T00:08:29.793240Z,2026-10-01T00:08:29.794245Z,2026-10-01T00:08:29.824073Z,1.0,29.8
60859cc3-23b8-4518-8f1b-6517bb15f12e,short,transient,DEAD_LETTER,2,NACKED,2026-10-01T00:08:30.475073Z,2026-10-01T00:08:30.512717Z,2026-10-01T00:08:30.543887Z,37.6,31.2
60859cc3-23b8-4518-8f1b-6517bb15f12e,short,transient,DEAD_LETTER,3,NACKED,2026-10-01T00:08:32.061887Z,2026-10-01T00:08:32.149372Z,2026-10-01T00:08:32.179039Z,87.5,29.7
ffcab48f-4def-477e-965a-39c0d62800aa,short,none,SUCCEEDED,1,ACKED,2026-10-01T00:08:29.824073Z,2026-10-01T00:08:29.825072Z,2026-10-01T00:08:29.855603Z,1.0,30.5
cab6a827-ae1e-43ec-9e45-c6821d4db5d7,short,none,SUCCEEDED,1,ACKED,2026-10-01T00:08:29.856605Z,2026-10-01T00:08:29.856605Z,2026-10-01T00:08:29.917994Z,0.0,61.4
a4e1bbc1-8296-41ed-8972-78c277bb37ce,short,none,SUCCEEDED,1,ACKED,2026-10-01T00:08:29.887424Z,2026-10-01T00:08:29.888431Z,2026-10-01T00:08:29.917994Z,1.0,29.6
c92aaf5a-78b5-4866-8c7f-ffde7651aa8f,short,none,SUCCEEDED,1,ACKED,2026-10-01T00:08:29.917994Z,2026-10-01T00:08:29.919Z,2026-10-01T00:08:29.964930Z,1.0,45.9
23a29f47-f21d-4a24-ac29-ccf3e9fb76f4,short,none,SUCCEEDED,1,ACKED,2026-10-01T00:08:29.950258Z,2026-10-01T00:08:29.950258Z,2026-10-01T00:08:30.011391Z,0.0,61.1
bd21122c-d0e9-489a-9f7b-5a08f379bbdf,short,none,SUCCEEDED,1,ACKED,2026-10-01T00:08:29.981275Z,2026-10-01T00:08:29.981275Z,2026-10-01T00:08:30.027440Z,0.0,46.2
236b90aa-3a88-49b0-a19d-cb1ec77e0329,short,none,SUCCEEDED,1,ACKED,2026-10-01T00:08:30.028442Z,2026-10-01T00:08:30.028442Z,2026-10-01T00:08:30.074522Z,0.0,46.1
acbb32e5-ee7f-47de-82cd-3ac1e4a8db72,short,none,SUCCEEDED,1,ACKED,2026-10-01T00:08:30.060461Z,2026-10-01T00:08:30.061005Z,2026-10-01T00:08:30.106188Z,0.5,45.2
4a226aa9-f59f-4e80-9d6d-62e3a9e78218,short,none,SUCCEEDED,1,ACKED,2026-10-01T00:08:30.091082Z,2026-10-01T00:08:30.091590Z,2026-10-01T00:08:30.137230Z,0.5,45.6
ded62f4f-ac58-4a02-9109-6da88bf67df5,short,none,SUCCEEDED,1,ACKED,2026-10-01T00:08:30.121698Z,2026-10-01T00:08:30.122697Z,2026-10-01T00:08:30.153246Z,1.0,30.5
2df8c388-46bb-4a3a-af33-3353ea7c6b8a,short,none,SUCCEEDED,1,ACKED,2026-10-01T00:08:30.153246Z,2026-10-01T00:08:30.154246Z,2026-10-01T00:08:30.184797Z,1.0,30.6
e3307ee9-c24c-48c1-9d38-870d7a34a02f,medium,transient,SUCCEEDED,1,NACKED,2026-10-01T00:08:30.185437Z,2026-10-01T00:08:30.186441Z,2026-10-01T00:08:30.465058Z,1.0,278.6
e3307ee9-c24c-48c1-9d38-870d7a34a02f,medium,transient,SUCCEEDED,2,ACKED,2026-10-01T00:08:31.238058Z,2026-10-01T00:08:31.276955Z,2026-10-01T00:08:31.555380Z,38.9,278.4
0aa748ba-bfb3-4576-a44d-30cffe7d5c41,medium,none,SUCCEEDED,1,ACKED,2026-10-01T00:08:30.216606Z,2026-10-01T00:08:30.216606Z,2026-10-01T00:08:30.449032Z,0.0,232.4
7eccea47-507a-474e-929f-5ab7abdb067c,short,none,SUCCEEDED,1,ACKED,2026-10-01T00:08:30.262197Z,2026-10-01T00:08:30.263203Z,2026-10-01T00:08:30.308412Z,1.0,45.2
e9da51ae-640c-400f-bb3b-5bdb28160c28,medium,none,SUCCEEDED,1,ACKED,2026-10-01T00:08:30.293832Z,2026-10-01T00:08:30.294842Z,2026-10-01T00:08:30.417990Z,1.0,123.1
5556eda6-951e-4bd2-aad1-c5a0c234efbb,short,none,SUCCEEDED,1,ACKED,2026-10-01T00:08:30.323965Z,2026-10-01T00:08:30.324967Z,2026-10-01T00:08:30.386080Z,1.0,61.1
201ca2d3-e707-4d59-8e4b-17bd8a3b2e8e,short,none,SUCCEEDED,1,ACKED,2026-10-01T00:08:30.356498Z,2026-10-01T00:08:30.357497Z,2026-10-01T00:08:30.417990Z,1.0,60.5
62895b42-88cd-40a1-a45a-75f4ae98a099,medium,none,SUCCEEDED,1,ACKED,2026-10-01T00:08:30.386661Z,2026-10-01T00:08:30.387664Z,2026-10-01T00:08:30.512717Z,1.0,125.1
81b6f1ab-0f4b-4b2f-80c9-85922804f371,short,none,SUCCEEDED,1,ACKED,2026-10-01T00:08:30.417990Z,2026-10-01T00:08:30.418991Z,2026-10-01T00:08:30.449032Z,1.0,30.0
26f5ed7a-ea10-45bb-958e-d491a2d19021,short,transient,SUCCEEDED,1,NACKED,2026-10-01T00:08:30.449032Z,2026-10-01T00:08:30.450036Z,2026-10-01T00:08:30.465058Z,1.0,15.0
26f5ed7a-ea10-45bb-958e-d491a2d19021,short,transient,SUCCEEDED,2,NACKED,2026-10-01T00:08:31.332058Z,2026-10-01T00:08:31.386208Z,2026-10-01T00:08:31.400715Z,54.2,14.5
26f5ed7a-ea10-45bb-958e-d491a2d19021,short,transient,SUCCEEDED,3,ACKED,2026-10-01T00:08:33.240715Z,2026-10-01T00:08:33.248070Z,2026-10-01T00:08:33.262572Z,7.4,14.5
36a12cfc-b511-495b-8dac-6a22a736f656,short,none,SUCCEEDED,1,ACKED,2026-10-01T00:08:30.481570Z,2026-10-01T00:08:30.481570Z,2026-10-01T00:08:30.512717Z,0.0,31.1
6c0ac737-adb4-487c-84a2-9c3765fe45aa,short,none,SUCCEEDED,1,ACKED,2026-10-01T00:08:30.528344Z,2026-10-01T00:08:30.529858Z,2026-10-01T00:08:30.590431Z,1.5,60.6
1003faad-8dd0-45c4-b485-aba2e7b6e4e6,short,transient,SUCCEEDED,1,NACKED,2026-10-01T00:08:30.560410Z,2026-10-01T00:08:30.561407Z,2026-10-01T00:08:30.605559Z,1.0,44.2
1003faad-8dd0-45c4-b485-aba2e7b6e4e6,short,transient,SUCCEEDED,2,NACKED,2026-10-01T00:08:31.398559Z,2026-10-01T00:08:31.494617Z,2026-10-01T00:08:31.540069Z,96.1,45.5
1003faad-8dd0-45c4-b485-aba2e7b6e4e6,short,transient,SUCCEEDED,3,ACKED,2026-10-01T00:08:33.280069Z,2026-10-01T00:08:33.358345Z,2026-10-01T00:08:33.403587Z,78.3,45.2
475d98c0-556b-4ce1-8fba-0c7227e25624,long,none,SUCCEEDED,1,ACKED,2026-10-01T00:08:30.591042Z,2026-10-01T00:08:30.592047Z,2026-10-01T00:08:32.070793Z,1.0,1478.7
63b75ad2-6d2b-4f5d-a926-534b0ef5ac69,short,none,SUCCEEDED,1,ACKED,2026-10-01T00:08:30.621102Z,2026-10-01T00:08:30.622540Z,2026-10-01T00:08:30.668085Z,1.4,45.5
80c2b9e9-f09c-4fac-b3ee-5b04ff1b716e,medium,transient,SUCCEEDED,1,NACKED,2026-10-01T00:08:30.653574Z,2026-10-01T00:08:30.654571Z,2026-10-01T00:08:30.917622Z,1.0,263.1
80c2b9e9-f09c-4fac-b3ee-5b04ff1b716e,medium,transient,SUCCEEDED,2,ACKED,2026-10-01T00:08:31.623622Z,2026-10-01T00:08:31.711677Z,2026-10-01T00:08:31.977597Z,88.1,265.9
b4eeb644-4b75-49f0-b5c2-7ba6b8790bf9,short,none,SUCCEEDED,1,ACKED,2026-10-01T00:08:30.684903Z,2026-10-01T00:08:30.685910Z,2026-10-01T00:08:30.730501Z,1.0,44.6
73161b84-e10d-4399-885c-cae28231606b,medium,none,SUCCEEDED,1,ACKED,2026-10-01T00:08:30.714473Z,2026-10-01T00:08:30.715978Z,2026-10-01T00:08:30.980687Z,1.5,264.7
086be695-4592-45ae-8bf0-84d6cf49e2cb,long,none,SUCCEEDED,1,ACKED,2026-10-01T00:08:30.760527Z,2026-10-01T00:08:30.761528Z,2026-10-01T00:08:32.556344Z,1.0,1794.8
af241a29-0bb7-4829-b249-db954bedc2e9,short,none,SUCCEEDED,1,ACKED,2026-10-01T00:08:30.792406Z,2026-10-01T00:08:30.793411Z,2026-10-01T00:08:30.838999Z,1.0,45.6
c67b2f87-e2f0-4fd2-aaeb-6de4d4c2c591,short,none,SUCCEEDED,1,ACKED,2026-10-01T00:08:30.823977Z,2026-10-01T00:08:30.824481Z,2026-10-01T00:08:30.871041Z,0.5,46.6
07a85f4f-db72-46a9-b1dd-612e3c857dd4,short,none,SUCCEEDED,1,ACKED,2026-10-01T00:08:30.856033Z,2026-10-01T00:08:30.856033Z,2026-10-01T00:08:30.917622Z,0.0,61.6
daacb54a-ff4a-4616-af19-b167a0e0e214,short,none,SUCCEEDED,1,ACKED,2026-10-01T00:08:30.887853Z,2026-10-01T00:08:30.888853Z,2026-10-01T00:08:30.949162Z,1.0,60.3
588417ad-16db-4667-b551-dc8badfffe6d,medium,none,SUCCEEDED,1,ACKED,2026-10-01T00:08:30.917622Z,2026-10-01T00:08:30.918623Z,2026-10-01T00:08:31.167542Z,1.0,248.9
bf85c81d-88c9-427d-932c-478de0439b4c,medium,none,SUCCEEDED,1,ACKED,2026-10-01T00:08:30.950167Z,2026-10-01T00:08:30.951168Z,2026-10-01T00:08:31.167542Z,1.0,216.4
8a72f549-95cc-4a59-8e5c-994b7a1403d0,short,none,SUCCEEDED,1,ACKED,2026-10-01T00:08:30.981372Z,2026-10-01T00:08:30.982377Z,2026-10-01T00:08:31.026968Z,1.0,44.6
b76693d8-0cd9-4955-bd9e-37b82499e195,medium,none,SUCCEEDED,1,ACKED,2026-10-01T00:08:31.027972Z,2026-10-01T00:08:31.027972Z,2026-10-01T00:08:31.199170Z,0.0,171.2
ced27c53-c82d-4221-bee0-6a972b2f3591,short,none,SUCCEEDED,1,ACKED,2026-10-01T00:08:31.058674Z,2026-10-01T00:08:31.058674Z,2026-10-01T00:08:31.089292Z,0.0,30.6
7dc5668e-3dc8-4b75-99ff-7b64bc4b92ae,short,none,SUCCEEDED,1,ACKED,2026-10-01T00:08:31.089292Z,2026-10-01T00:08:31.090291Z,2026-10-01T00:08:31.151530Z,1.0,61.2
0eba86cc-eb1d-4665-8d14-7b3738e9305c,short,none,SUCCEEDED,1,ACKED,2026-10-01T00:08:31.120510Z,2026-10-01T00:08:31.122010Z,2026-10-01T00:08:31.167542Z,1.5,45.5
23d876dd-32f3-4a9b-8334-dc417146ba73,short,none,SUCCEEDED,1,ACKED,2026-10-01T00:08:31.152531Z,2026-10-01T00:08:31.152531Z,2026-10-01T00:08:31.214180Z,0.0,61.6
9b4fddd3-8793-4f0c-8bd0-572db293da59,short,none,SUCCEEDED,1,ACKED,2026-10-01T00:08:31.184143Z,2026-10-01T00:08:31.185149Z,2026-10-01T00:08:31.245053Z,1.0,59.9
af608940-b65a-4c3d-a526-591936fc8c30,short,none,SUCCEEDED,1,ACKED,2026-10-01T00:08:31.214180Z,2026-10-01T00:08:31.215303Z,2026-10-01T00:08:31.229843Z,1.1,14.5
efd545d1-7b3a-49ff-808c-4eff9c1022b9,medium,none,SUCCEEDED,1,ACKED,2026-10-01T00:08:31.261444Z,2026-10-01T00:08:31.262444Z,2026-10-01T00:08:31.493617Z,1.0,231.2
3ba468c0-4bef-43ca-b9a2-2e606f7a0f43,short,none,SUCCEEDED,1,ACKED,2026-10-01T00:08:31.292730Z,2026-10-01T00:08:31.292730Z,2026-10-01T00:08:31.323126Z,0.0,30.4
380bf478-9b59-4203-81f1-8a97218a6393,short,none,SUCCEEDED,1,ACKED,2026-10-01T00:08:31.323126Z,2026-10-01T00:08:31.324130Z,2026-10-01T00:08:31.385512Z,1.0,61.4
f1906ae6-68a4-4a24-b9ad-5af622914d98,short,none,SUCCEEDED,1,ACKED,2026-10-01T00:08:31.354733Z,2026-10-01T00:08:31.355732Z,2026-10-01T00:08:31.400715Z,1.0,45.0
c5a12427-5e15-4915-bf4c-ceb2da6d80f3,short,none,SUCCEEDED,1,ACKED,2026-10-01T00:08:31.386208Z,2026-10-01T00:08:31.386208Z,2026-10-01T00:08:31.416027Z,0.0,29.8
ef17925c-0248-4ce9-8985-f4df5b8e17ae,short,none,SUCCEEDED,1,ACKED,2026-10-01T00:08:31.416027Z,2026-10-01T00:08:31.417030Z,2026-10-01T00:08:31.463085Z,1.0,46.1
4cd97c50-43ea-47ba-b13e-de7a25dc379b,medium,none,SUCCEEDED,1,ACKED,2026-10-01T00:08:31.448573Z,2026-10-01T00:08:31.449573Z,2026-10-01T00:08:31.601410Z,1.0,151.8
4408af2c-6192-4f80-a685-7ceca4cae911,short,none,SUCCEEDED,1,ACKED,2026-10-01T00:08:31.494617Z,2026-10-01T00:08:31.494617Z,2026-10-01T00:08:31.540069Z,0.0,45.5
732ca140-5cc6-4dda-950f-20d02b5a294d,short,none,SUCCEEDED,1,ACKED,2026-10-01T00:08:31.525554Z,2026-10-01T00:08:31.526559Z,2026-10-01T00:08:31.570897Z,1.0,44.3
16504704-a6b5-422c-a027-7355b7644f3c,short,permanent,FAILED,1,NACKED,2026-10-01T00:08:31.556385Z,2026-10-01T00:08:31.556385Z,2026-10-01T00:08:31.585927Z,0.0,29.5
9a5c25a3-bf93-4129-8019-c8a5a04dff77,short,none,SUCCEEDED,1,ACKED,2026-10-01T00:08:31.586487Z,2026-10-01T00:08:31.587492Z,2026-10-01T00:08:31.616263Z,1.0,28.8
3a050e56-b8f3-433d-a8d1-6314828d02bd,short,none,SUCCEEDED,1,ACKED,2026-10-01T00:08:31.616989Z,2026-10-01T00:08:31.617507Z,2026-10-01T00:08:31.631900Z,0.5,14.4
d0e1406a-42ac-4303-a0ae-11b22ea48091,short,none,SUCCEEDED,1,ACKED,2026-10-01T00:08:31.648968Z,2026-10-01T00:08:31.649967Z,2026-10-01T00:08:31.710174Z,1.0,60.2
9357c727-cc51-4a92-b778-7c5e68043d15,short,none,SUCCEEDED,1,ACKED,2026-10-01T00:08:31.694893Z,2026-10-01T00:08:31.695895Z,2026-10-01T00:08:31.710174Z,1.0,14.3
1ffe4ebb-14b0-4576-acf9-7e25e35d09a8,short,transient,SUCCEEDED,1,NACKED,2026-10-01T00:08:31.726750Z,2026-10-01T00:08:31.726750Z,2026-10-01T00:08:31.740996Z,0.0,14.2
1ffe4ebb-14b0-4576-acf9-7e25e35d09a8,short,transient,SUCCEEDED,2,NACKED,2026-10-01T00:08:32.485996Z,2026-10-01T00:08:32.587891Z,2026-10-01T00:08:32.602911Z,101.9,15.0
1ffe4ebb-14b0-4576-acf9-7e25e35d09a8,short,transient,SUCCEEDED,3,ACKED,2026-10-01T00:08:34.094911Z,2026-10-01T00:08:34.126662Z,2026-10-01T00:08:34.141178Z,31.8,14.5
932b7dc0-8fac-4c3e-b2a4-ac9b341d8b5d,short,transient,SUCCEEDED,1,NACKED,2026-10-01T00:08:31.757505Z,2026-10-01T00:08:31.758505Z,2026-10-01T00:08:31.803794Z,1.0,45.3
932b7dc0-8fac-4c3e-b2a4-ac9b341d8b5d,short,transient,SUCCEEDED,2,ACKED,2026-10-01T00:08:32.680794Z,2026-10-01T00:08:32.697522Z,2026-10-01T00:08:32.743636Z,16.7,46.1
d3aa24d0-cf26-4525-9cd1-1ac5c1afc6cf,short,none,SUCCEEDED,1,ACKED,2026-10-01T00:08:31.788764Z,2026-10-01T00:08:31.789770Z,2026-10-01T00:08:31.835055Z,1.0,45.3
3e60de0d-c53b-4bb7-a49e-4a5c891f4493,short,transient,DEAD_LETTER,1,NACKED,2026-10-01T00:08:31.820315Z,2026-10-01T00:08:31.820821Z,2026-10-01T00:08:31.867097Z,0.5,46.3
3e60de0d-c53b-4bb7-a49e-4a5c891f4493,short,transient,DEAD_LETTER,2,NACKED,2026-10-01T00:08:32.551097Z,2026-10-01T00:08:32.587891Z,2026-10-01T00:08:32.635192Z,36.8,47.3
3e60de0d-c53b-4bb7-a49e-4a5c891f4493,short,transient,DEAD_LETTER,3,NACKED,2026-10-01T00:08:33.687192Z,2026-10-01T00:08:33.796908Z,2026-10-01T00:08:33.841409Z,109.7,44.5
ff5c45ae-903b-472a-ab26-4afd841cc4bc,medium,none,SUCCEEDED,1,ACKED,2026-10-01T00:08:31.852079Z,2026-10-01T00:08:31.853079Z,2026-10-01T00:08:32.007881Z,1.0,154.8
3d51295d-244f-4f9f-adec-4e65e773446e,short,none,SUCCEEDED,1,ACKED,2026-10-01T00:08:31.884120Z,2026-10-01T00:08:31.884624Z,2026-10-01T00:08:31.929943Z,0.5,45.3
ad23bbd7-311f-4f3f-84b6-4574390f0459,short,none,SUCCEEDED,1,ACKED,2026-10-01T00:08:31.915425Z,2026-10-01T00:08:31.915927Z,2026-10-01T00:08:31.961978Z,0.5,46.1
ea7ed696-9636-49a5-89a5-5a48013c04c1,short,none,SUCCEEDED,1,ACKED,2026-10-01T00:08:31.961978Z,2026-10-01T00:08:31.963583Z,2026-10-01T00:08:31.992683Z,1.6,29.1
d2120278-09d3-4ea9-ad19-8eb9b66ffc9c,medium,transient,SUCCEEDED,1,NACKED,2026-10-01T00:08:31.993353Z,2026-10-01T00:08:31.993864Z,2026-10-01T00:08:32.179039Z,0.5,185.2
d2120278-09d3-4ea9-ad19-8eb9b66ffc9c,medium,transient,SUCCEEDED,2,ACKED,2026-10-01T00:08:33.010039Z,2026-10-01T00:08:33.027192Z,2026-10-01T00:08:33.215017Z,17.2,187.8
750ca588-475d-427a-9479-cc8eef39de8c,short,none,SUCCEEDED,1,ACKED,2026-10-01T00:08:32.024430Z,2026-10-01T00:08:32.024932Z,2026-10-01T00:08:32.070793Z,0.5,45.9
a5551034-b24a-4696-8627-cd31a8ab6953,short,none,SUCCEEDED,1,ACKED,2026-10-01T00:08:32.056461Z,2026-10-01T00:08:32.057459Z,2026-10-01T00:08:32.101738Z,1.0,44.3
dcee6dc1-683f-4bd1-80e0-c8dd76210bf2,short,none,SUCCEEDED,1,ACKED,2026-10-01T00:08:32.087403Z,2026-10-01T00:08:32.088409Z,2026-10-01T00:08:32.132856Z,1.0,44.4
ecd1eb98-dbd7-4403-8aac-9d7a711dc69b,long,none,SUCCEEDED,1,ACKED,2026-10-01T00:08:32.118341Z,2026-10-01T00:08:32.118341Z,2026-10-01T00:08:33.403587Z,0.0,1285.2
9d03eaf3-023f-4667-8afe-ac0c84e0b691,short,none,SUCCEEDED,1,ACKED,2026-10-01T00:08:32.148368Z,2026-10-01T00:08:32.149372Z,2026-10-01T00:08:32.179039Z,1.0,29.7
e7fe5c81-1e93-426f-843c-86253ef15275,short,none,SUCCEEDED,1,ACKED,2026-10-01T00:08:32.195320Z,2026-10-01T00:08:32.196327Z,2026-10-01T00:08:32.241899Z,1.0,45.6
f8439bbc-2d22-4593-a56f-13f8467e478e,short,none,SUCCEEDED,1,ACKED,2026-10-01T00:08:32.225877Z,2026-10-01T00:08:32.226875Z,2026-10-01T00:08:32.288065Z,1.0,61.2
7f980fea-ccf0-44cd-b515-995f58588022,short,none,SUCCEEDED,1,ACKED,2026-10-01T00:08:32.257414Z,2026-10-01T00:08:32.258411Z,2026-10-01T00:08:32.304089Z,1.0,45.7
21969504-1689-414a-9325-476fbc1cadc7,medium,none,SUCCEEDED,1,ACKED,2026-10-01T00:08:32.289066Z,2026-10-01T00:08:32.289066Z,2026-10-01T00:08:32.414447Z,0.0,125.4
7db76e41-db48-40a8-822e-f235f5c5563a,medium,transient,SUCCEEDED,1,NACKED,2026-10-01T00:08:32.320810Z,2026-10-01T00:08:32.321826Z,2026-10-01T00:08:32.540334Z,1.0,218.5
7db76e41-db48-40a8-822e-f235f5c5563a,medium,transient,SUCCEEDED,2,NACKED,2026-10-01T00:08:33.134334Z,2026-10-01T00:08:33.137983Z,2026-10-01T00:08:33.341837Z,3.6,203.9
7db76e41-db48-40a8-822e-f235f5c5563a,medium,transient,SUCCEEDED,3,ACKED,2026-10-01T00:08:34.596837Z,2026-10-01T00:08:34.672934Z,2026-10-01T00:08:34.889678Z,76.1,216.7
c3955967-3c57-44ca-b187-2026eb5fe10c,short,none,SUCCEEDED,1,ACKED,2026-10-01T00:08:32.351895Z,2026-10-01T00:08:32.352899Z,2026-10-01T00:08:32.399666Z,1.0,46.8
013dbc55-f875-4f71-ada4-df3381bafa7a,medium,none,SUCCEEDED,1,ACKED,2026-10-01T00:08:32.384638Z,2026-10-01T00:08:32.385642Z,2026-10-01T00:08:32.571365Z,1.0,185.7
331e8e66-46fc-4832-b4d7-b75ad5dfa037,short,transient,SUCCEEDED,1,NACKED,2026-10-01T00:08:32.414447Z,2026-10-01T00:08:32.415574Z,2026-10-01T00:08:32.476794Z,1.1,61.2
331e8e66-46fc-4832-b4d7-b75ad5dfa037,short,transient,SUCCEEDED,2,ACKED,2026-10-01T00:08:33.149794Z,2026-10-01T00:08:33.248070Z,2026-10-01T00:08:33.309853Z,98.3,61.8
3edef462-2124-4622-ab41-0fc08bb281f4,short,none,SUCCEEDED,1,ACKED,2026-10-01T00:08:32.462283Z,2026-10-01T00:08:32.462283Z,2026-10-01T00:08:32.492812Z,0.0,30.5
0b60f4df-4db0-4837-9d75-1fc61bdffc5a,short,transient,SUCCEEDED,1,NACKED,2026-10-01T00:08:32.493819Z,2026-10-01T00:08:32.494817Z,2026-10-01T00:08:32.540334Z,1.0,45.5
0b60f4df-4db0-4837-9d75-1fc61bdffc5a,short,transient,SUCCEEDED,2,ACKED,2026-10-01T00:08:33.048334Z,2026-10-01T00:08:33.136476Z,2026-10-01T00:08:33.183536Z,88.1,47.1
61aaf99e-0bd0-49a0-bf1e-f24e00795033,short,none,SUCCEEDED,1,ACKED,2026-10-01T00:08:32.525222Z,2026-10-01T00:08:32.526230Z,2026-10-01T00:08:32.571365Z,1.0,45.1
92e1aab5-22d6-461e-bd6c-df50ae6129a7,medium,none,SUCCEEDED,1,ACKED,2026-10-01T00:08:32.556850Z,2026-10-01T00:08:32.557859Z,2026-10-01T00:08:32.681042Z,1.0,123.2
76bec32c-8128-44e7-8f25-4a8912445c98,short,none,SUCCEEDED,1,ACKED,2026-10-01T00:08:32.586889Z,2026-10-01T00:08:32.588396Z,2026-10-01T00:08:32.619410Z,1.5,31.0
de535fa7-c708-4162-b9a0-cdd8e3a1814a,short,none,SUCCEEDED,1,ACKED,2026-10-01T00:08:32.619410Z,2026-10-01T00:08:32.620416Z,2026-10-01T00:08:32.666016Z,1.0,45.6
da127ebf-ef0e-45b9-87bd-d4fedbdb5712,medium,none,SUCCEEDED,1,ACKED,2026-10-01T00:08:32.651216Z,2026-10-01T00:08:32.651216Z,2026-10-01T00:08:32.853696Z,0.0,202.5
66df324a-769b-441b-81b8-ce6b553ecdae,short,transient,SUCCEEDED,1,NACKED,2026-10-01T00:08:32.681828Z,2026-10-01T00:08:32.682339Z,2026-10-01T00:08:32.728064Z,0.5,45.7
66df324a-769b-441b-81b8-ce6b553ecdae,short,transient,SUCCEEDED,2,ACKED,2026-10-01T00:08:33.595064Z,2026-10-01T00:08:33.688382Z,2026-10-01T00:08:33.733392Z,93.3,45.0
78498a81-691b-4376-8254-aa7744e61725,short,transient,SUCCEEDED,1,NACKED,2026-10-01T00:08:32.729063Z,2026-10-01T00:08:32.729063Z,2026-10-01T00:08:32.759568Z,0.0,30.5
78498a81-691b-4376-8254-aa7744e61725,short,transient,SUCCEEDED,2,NACKED,2026-10-01T00:08:33.438568Z,2026-10-01T00:08:33.467801Z,2026-10-01T00:08:33.498310Z,29.2,30.5
78498a81-691b-4376-8254-aa7744e61725,short,transient,SUCCEEDED,3,ACKED,2026-10-01T00:08:35.366310Z,2026-10-01T00:08:35.435393Z,2026-10-01T00:08:35.465428Z,69.1,30.0
5038d5f8-4010-4b4d-b011-541c0037ef3e,short,none,SUCCEEDED,1,ACKED,2026-10-01T00:08:32.759568Z,2026-10-01T00:08:32.760566Z,2026-10-01T00:08:32.806003Z,1.0,45.4
6bb47d5a-caa8-4b4f-bce6-d3a651783c49,short,none,SUCCEEDED,1,ACKED,2026-10-01T00:08:32.791485Z,2026-10-01T00:08:32.792490Z,2026-10-01T00:08:32.806003Z,1.0,13.5
457c15c9-c76d-40e4-be00-87b2cc79812d,short,none,SUCCEEDED,1,ACKED,2026-10-01T00:08:32.822041Z,2026-10-01T00:08:32.823629Z,2026-10-01T00:08:32.870220Z,1.6,46.6
41b638cb-20e3-404b-b3c0-4d8d76014f65,short,none,SUCCEEDED,1,ACKED,2026-10-01T00:08:32.853696Z,2026-10-01T00:08:32.854696Z,2026-10-01T00:08:32.901632Z,1.0,46.9
10b5f5be-b472-4709-9e2e-93f85c9b5193,short,none,SUCCEEDED,1,ACKED,2026-10-01T00:08:32.885461Z,2026-10-01T00:08:32.887096Z,2026-10-01T00:08:32.933211Z,1.6,46.1
2db895a5-b35d-4e1b-aa61-59de6bee4e70,short,none,SUCCEEDED,1,ACKED,2026-10-01T00:08:32.917687Z,2026-10-01T00:08:32.918686Z,2026-10-01T00:08:32.964781Z,1.0,46.1
c2a089b5-1ff3-49ee-b23a-d92c9c17c5f6,short,none,SUCCEEDED,1,ACKED,2026-10-01T00:08:32.949749Z,2026-10-01T00:08:32.951264Z,2026-10-01T00:08:32.980828Z,1.5,29.6
52f2e561-954a-4626-a271-ec79835ab96c,short,transient,SUCCEEDED,1,NACKED,2026-10-01T00:08:32.981515Z,2026-10-01T00:08:32.982526Z,2026-10-01T00:08:33.027192Z,1.0,44.7
52f2e561-954a-4626-a271-ec79835ab96c,short,transient,SUCCEEDED,2,NACKED,2026-10-01T00:08:33.555192Z,2026-10-01T00:08:33.577727Z,2026-10-01T00:08:33.623840Z,22.5,46.1
52f2e561-954a-4626-a271-ec79835ab96c,short,transient,SUCCEEDED,3,ACKED,2026-10-01T00:08:34.929840Z,2026-10-01T00:08:34.999509Z,2026-10-01T00:08:35.045947Z,69.7,46.4
288903ef-b347-4d7f-8bfc-ddf34ff99d20,medium,none,SUCCEEDED,1,ACKED,2026-10-01T00:08:33.027192Z,2026-10-01T00:08:33.027192Z,2026-10-01T00:08:33.294106Z,0.0,266.9
9e4b34bb-6cd7-4394-887d-0262bab70756,short,none,SUCCEEDED,1,ACKED,2026-10-01T00:08:33.059337Z,2026-10-01T00:08:33.060846Z,2026-10-01T00:08:33.089982Z,1.5,29.1
ee8c0296-829a-4208-81ef-37c9e582bc16,short,transient,SUCCEEDED,1,NACKED,2026-10-01T00:08:33.090485Z,2026-10-01T00:08:33.090485Z,2026-10-01T00:08:33.151496Z,0.0,61.0
ee8c0296-829a-4208-81ef-37c9e582bc16,short,transient,SUCCEEDED,2,ACKED,2026-10-01T00:08:33.857496Z,2026-10-01T00:08:33.905664Z,2026-10-01T00:08:33.967542Z,48.2,61.9
1dce67bd-ef4f-477f-913e-1e919685b2ad,medium,none,SUCCEEDED,1,ACKED,2026-10-01T00:08:33.121963Z,2026-10-01T00:08:33.122969Z,2026-10-01T00:08:33.247064Z,1.0,124.1
e2e7ec74-6ae9-40c8-a953-6cebac80fd9b,medium,none,SUCCEEDED,1,ACKED,2026-10-01T00:08:33.151496Z,2026-10-01T00:08:33.153Z,2026-10-01T00:08:33.325725Z,1.5,172.7
b407064e-39a7-4650-8a5b-91fd0576e815,medium,none,SUCCEEDED,1,ACKED,2026-10-01T00:08:33.184395Z,2026-10-01T00:08:33.184395Z,2026-10-01T00:08:33.309853Z,0.0,125.5
1b8dce08-e487-4588-a73c-62bb163018aa,short,none,SUCCEEDED,1,ACKED,2026-10-01T00:08:33.215520Z,2026-10-01T00:08:33.216525Z,2026-10-01T00:08:33.247064Z,1.0,30.5
24098461-641f-46b5-b3e7-015868ad5814,short,none,SUCCEEDED,1,ACKED,2026-10-01T00:08:33.247377Z,2026-10-01T00:08:33.248070Z,2026-10-01T00:08:33.294106Z,0.7,46.0
5211abc8-8631-4e90-82e7-7f671b9a3314,medium,none,SUCCEEDED,1,ACKED,2026-10-01T00:08:33.295103Z,2026-10-01T00:08:33.296104Z,2026-10-01T00:08:33.435268Z,1.0,139.2
21b555d2-d72d-4129-991c-3e782ff8e10e,medium,none,SUCCEEDED,1,ACKED,2026-10-01T00:08:33.326724Z,2026-10-01T00:08:33.326724Z,2026-10-01T00:08:33.498310Z,0.0,171.6
37b0cbcc-c433-4d4b-96d8-b61d42af38c5,short,none,SUCCEEDED,1,ACKED,2026-10-01T00:08:33.357342Z,2026-10-01T00:08:33.358851Z,2026-10-01T00:08:33.372921Z,1.5,14.1
